-- phpMyAdmin SQL Dump
-- version 4.1.14
-- http://www.phpmyadmin.net
--
-- Host: 127.0.0.1
-- Generation Time: Dec 31, 2015 at 06:36 AM
-- Server version: 5.6.17
-- PHP Version: 5.5.12

SET SQL_MODE = "NO_AUTO_VALUE_ON_ZERO";
SET time_zone = "+00:00";


/*!40101 SET @OLD_CHARACTER_SET_CLIENT=@@CHARACTER_SET_CLIENT */;
/*!40101 SET @OLD_CHARACTER_SET_RESULTS=@@CHARACTER_SET_RESULTS */;
/*!40101 SET @OLD_COLLATION_CONNECTION=@@COLLATION_CONNECTION */;
/*!40101 SET NAMES utf8 */;

--
-- Database: `babyrus2`
--

-- --------------------------------------------------------

--
-- Table structure for table `classification`
--

CREATE TABLE IF NOT EXISTS `classification` (
  `classificationid` bigint(20) NOT NULL AUTO_INCREMENT,
  `enabled` tinyint(1) NOT NULL,
  `name` varchar(255) NOT NULL,
  PRIMARY KEY (`classificationid`),
  UNIQUE KEY `classification_name_key` (`name`)
) ENGINE=InnoDB  DEFAULT CHARSET=latin1 AUTO_INCREMENT=4 ;

--
-- Dumping data for table `classification`
--

INSERT INTO `classification` (`classificationid`, `enabled`, `name`) VALUES
(1, 1, 'Color'),
(2, 1, 'Collection'),
(3, 1, 'Product Type');

-- --------------------------------------------------------

--
-- Table structure for table `classificationtype`
--

CREATE TABLE IF NOT EXISTS `classificationtype` (
  `classificationtypeid` bigint(20) NOT NULL AUTO_INCREMENT,
  `enabled` tinyint(1) NOT NULL,
  `name` varchar(255) NOT NULL,
  `classificationid` bigint(20) NOT NULL,
  PRIMARY KEY (`classificationtypeid`),
  KEY `fkeb0d9060b531e5a7` (`classificationid`)
) ENGINE=InnoDB  DEFAULT CHARSET=latin1 AUTO_INCREMENT=144 ;

--
-- Dumping data for table `classificationtype`
--

INSERT INTO `classificationtype` (`classificationtypeid`, `enabled`, `name`, `classificationid`) VALUES
(2, 1, 'ROCKPORT', 1),
(3, 0, 'TAHOE', 2),
(4, 1, 'BLISS', 2),
(5, 1, 'MONTANA', 2),
(6, 1, 'CHANTAL', 2),
(7, 1, 'KENSINGTON', 2),
(8, 1, 'GLAZED WH', 1),
(9, 1, 'CHESTNUT', 1),
(10, 1, 'JAVA', 1),
(11, 1, 'ESPRESSO', 1),
(12, 0, 'CHERRY', 1),
(13, 0, 'LINEN', 1),
(14, 0, 'WHITE', 1),
(15, 1, 'DRIFTWOOD', 1),
(16, 1, 'NATURAL', 1),
(17, 1, 'MIRROR', 3),
(18, 0, 'TWIN BED', 3),
(19, 1, 'HUTCH', 3),
(20, 1, 'COMBO', 3),
(21, 1, '5DR', 3),
(22, 0, '6DR', 3),
(23, 0, 'CRIB', 3),
(25, 1, 'MONACO1', 2),
(26, 1, 'NIGHTSTAND', 3),
(27, 1, 'CONV. KIT', 3),
(28, 1, 'GUARDRAIL', 3),
(29, 0, 'VENA', 2),
(30, 1, 'CHIFFEROBE', 3),
(31, 0, 'TEST', 2),
(33, 0, 'TSET4', 3),
(34, 1, 'DFLGJFL', 2),
(35, 0, 'ZDF', 1),
(36, 1, 'FDSF', 3),
(37, 1, 'KFDSLGF', 2),
(38, 1, 'KJLFDGJ', 1),
(39, 1, 'LKJGFDL', 3),
(40, 1, 'JGHKHJ', 2),
(41, 1, 'GFDGF', 1),
(42, 1, 'FDSFDS', 3),
(43, 1, 'FSJGLKFD', 2),
(44, 1, 'GKFSD;GLF', 1),
(45, 1, 'FLKDJHFGL', 3),
(46, 1, 'SDGKFJDH', 2),
(47, 1, 'KJFGHDKS', 1),
(48, 1, 'KJHFGDK', 3),
(50, 0, 'VENA1', 2),
(51, 1, 'KJFGHDKS1', 1),
(52, 1, 'DFDSF', 3),
(53, 1, 'JFGHDSKLJG', 2),
(54, 1, 'JHFGDLK', 1),
(55, 1, 'JKHDLSK', 3),
(56, 1, 'KJDFGHS', 2),
(57, 1, 'JDFGSKJ', 1),
(58, 1, 'HJGFDKSJ', 3),
(59, 1, 'KGSLD', 2),
(60, 1, 'KHGDFSL', 1),
(61, 1, 'KFHDLK', 3),
(63, 1, 'KHFDSKJ', 1),
(64, 1, 'KJHGSLK', 3),
(65, 1, 'LKDAHSKHK', 2),
(66, 1, 'KJDHSLKFJD', 1),
(67, 1, 'JHDSLK', 3),
(68, 1, 'LAKJDHFK', 1),
(69, 1, 'KJAHLKD', 3),
(70, 1, 'GFDGFD', 2),
(71, 1, 'GFDG', 1),
(72, 1, 'FDGFDGFD', 3),
(73, 1, 'KJDFHLSK', 2),
(74, 1, 'KJLFHDS', 1),
(75, 1, 'JKHFDKS', 3),
(76, 1, 'KSLKFD', 2),
(77, 1, 'KLJDFL', 1),
(78, 1, 'KJLDFGFD', 3),
(79, 1, 'FDSG', 2),
(80, 0, 'FSDGFD', 1),
(81, 1, 'FDSGFD', 3),
(82, 1, 'HGFHGF', 2),
(83, 1, 'HFGH', 1),
(84, 1, 'FGHGFH', 3),
(85, 1, 'JKHDFSLKJ', 2),
(86, 1, 'KJHDFSLK', 1),
(87, 1, 'LKJHFDG', 3),
(88, 1, 'JDSHLFKJ', 2),
(89, 1, 'JHFLDKS', 1),
(90, 1, 'KJHFLKDS', 3),
(91, 0, 'GFDJKSHGKD', 2),
(92, 1, 'KJDFHK', 1),
(93, 1, 'DFKSHJF', 3),
(94, 1, 'JHFDDFJS', 2),
(95, 1, 'JHFDSKJ', 1),
(96, 1, 'HJFDS', 3),
(97, 1, 'DSJHFDSK', 2),
(98, 1, 'KJHFDSKL', 1),
(99, 1, 'KJHDFLSF', 3),
(100, 1, 'KJHDSLK', 2),
(101, 1, 'JKDLHSKFD', 1),
(102, 1, 'KJFDHSKFDS', 3),
(104, 1, 'KJDSKJF', 1),
(105, 1, 'JKLFKDS', 3),
(106, 1, 'FDSAFG', 1),
(107, 0, 'VBMNVBMN', 2),
(108, 1, 'JHJHJ', 2),
(109, 1, 'HJH', 1),
(110, 1, 'JHJH', 3),
(111, 1, 'ALL', 2),
(112, 1, 'VGGH', 3),
(113, 1, '911463', 2),
(114, 1, 'HUDSON', 2),
(115, 1, 'SLATE', 1),
(116, 1, 'COVINGTON', 2),
(117, 1, 'MELBOURNE', 2),
(118, 1, 'FAWN', 1),
(119, 1, 'LOGAN', 2),
(120, 1, 'ESP/CHOC', 1),
(121, 1, 'GLIDER', 3),
(122, 1, 'RIVERSIDE', 2),
(123, 1, 'DOVE GRAY', 1),
(124, 1, 'CRIB DISPLAY', 3),
(125, 1, 'CONVERSION KIT', 3),
(126, 1, 'GUARD RAIL', 3),
(127, 1, 'EASTPORT', 2),
(128, 1, 'VINTAGE GRAY', 1),
(129, 1, '6 DR', 3),
(130, 1, 'WATERFORD', 2),
(131, 1, '5 DR', 3),
(132, 1, 'VIEN0NA', 2),
(133, 1, 'VIENNA', 2),
(134, 1, 'TEST_COL', 1),
(135, 1, 'TEST ITEM', 3),
(136, 1, 'ASH GREY', 1),
(137, 1, 'HARBOR', 2),
(138, 1, '7 DR', 3),
(139, 1, '7DR', 3),
(140, 1, 'CHANGING TOPPER', 3),
(141, 1, 'SD', 2),
(142, 1, 'SD', 1),
(143, 1, 'FDS', 3);

-- --------------------------------------------------------

--
-- Table structure for table `color`
--

CREATE TABLE IF NOT EXISTS `color` (
  `colorid` int(11) NOT NULL AUTO_INCREMENT,
  `enabled` tinyint(1) NOT NULL,
  `name` varchar(255) NOT NULL,
  PRIMARY KEY (`colorid`),
  UNIQUE KEY `color_name_key` (`name`)
) ENGINE=InnoDB DEFAULT CHARSET=latin1 AUTO_INCREMENT=1 ;

-- --------------------------------------------------------

--
-- Table structure for table `guestshippingdetail`
--

CREATE TABLE IF NOT EXISTS `guestshippingdetail` (
  `guestshippingdetailid` bigint(20) NOT NULL AUTO_INCREMENT,
  `address` varchar(255) DEFAULT NULL,
  `city` varchar(255) DEFAULT NULL,
  `country` varchar(255) DEFAULT NULL,
  `emailid` varchar(255) DEFAULT NULL,
  `fax` varchar(255) DEFAULT NULL,
  `guestfirstname` varchar(255) DEFAULT NULL,
  `guestlastname` varchar(255) DEFAULT NULL,
  `phone` varchar(255) DEFAULT NULL,
  `repfirstname` varchar(255) DEFAULT NULL,
  `replastname` varchar(255) DEFAULT NULL,
  `state` varchar(255) DEFAULT NULL,
  `zipcode` varchar(255) DEFAULT NULL,
  `approverid` bigint(20) NOT NULL,
  `orderid` bigint(20) NOT NULL,
  PRIMARY KEY (`guestshippingdetailid`),
  KEY `fk41580f776d6225f7` (`orderid`),
  KEY `fk41580f77e8753f40` (`approverid`)
) ENGINE=InnoDB  DEFAULT CHARSET=latin1 AUTO_INCREMENT=23 ;

--
-- Dumping data for table `guestshippingdetail`
--

INSERT INTO `guestshippingdetail` (`guestshippingdetailid`, `address`, `city`, `country`, `emailid`, `fax`, `guestfirstname`, `guestlastname`, `phone`, `repfirstname`, `replastname`, `state`, `zipcode`, `approverid`, `orderid`) VALUES
(5, '5355 E. Broadway Blvd', 'Tucson', 'US', NULL, NULL, NULL, NULL, NULL, NULL, NULL, 'AZ', '85711', 1, 16),
(6, '5355 E. Broadway Blvd', 'Tucson', 'US', NULL, NULL, NULL, NULL, NULL, NULL, NULL, 'AZ', '85711', 1, 17),
(7, '13672 Jamboree Road', 'Irvine', 'US', NULL, NULL, NULL, NULL, NULL, NULL, NULL, 'CA', '92602', 1, 18),
(8, '13672 Jamboree Road', 'Irvine', 'US', NULL, NULL, NULL, NULL, NULL, NULL, NULL, 'CA', '92602', 1, 19),
(9, '13672 Jamboree Road', 'Irvine', 'US', NULL, NULL, NULL, NULL, NULL, NULL, NULL, 'CA', '92602', 1, 20),
(10, '4835 E. Ray Road', 'Phoenix', 'US', NULL, NULL, NULL, NULL, NULL, 'fds', 'fds', 'AZ', '85044', 1, 21),
(11, '4835 E. Ray Road', 'Phoenix', 'US', NULL, NULL, NULL, NULL, NULL, '3434', '43434', 'AZ', '85044', 1, 22),
(12, '13672 Jamboree Road', 'Irvine', 'US', NULL, NULL, NULL, NULL, NULL, 'w', 'ew', 'CA', '92602', 1, 23),
(13, '4835 E. Ray Road', 'Phoenix', 'US', NULL, NULL, NULL, NULL, NULL, 'rewr', 'rewrewr', 'AZ', '85044', 1, 24),
(14, '3', 'F', 'I', NULL, NULL, NULL, NULL, NULL, 'a', 'B', 'G', 'H', 1, 25),
(15, '13672 Jamboree Road', 'Irvine', 'US', NULL, NULL, NULL, NULL, NULL, 'aa', 'bb', 'CA', '92602', 1, 26),
(16, '4835 E. Ray Road', 'Phoenix', 'US', 'fsd2fdsf@dsf.com', 'fds', 'ds', 'dfs', 'ds', 'aa', 'vv', 'AZ', '85044', 1, 27),
(17, '13672 Jamboree Road', 'Irvine', 'US', 'dfs@gm', 'ds', 'ds', 'ds', 'ds', '32', 'e32', 'CA', '92602', 1, 28),
(18, '13672 Jamboree Road', 'Irvine', 'US', '''''', '''''', '''''', NULL, '''''', 'dfd', 'df', 'CA', '92602', 1, 29),
(19, '4835 E. Ray Road', 'Phoenix', 'US', 'dfs@gmsd.com', '2222222222', 're', 're', '1111111111', 're', 're', 'AZ', '85044', 1, 30),
(20, '4835 E. Ray Road', 'Phoenix', 'US', '''''', '''''', '''''', NULL, '''''', 'wd', 'sd', 'AZ', '85044', 6930, 31),
(21, '8165 Fletcher Parkway', 'La Mesa', 'US', 'sdad@ds', '3333333333', 'sad', 'dsadasd', '3333333333', 'aa', 'bb', 'CA', '91942', 1, 32),
(22, '8165 Fletcher Parkway', 'La Mesa', 'US', '''''', '''''', '''''', NULL, '''''', 'dsf', 'fds', 'CA', '91942', 6930, 33);

-- --------------------------------------------------------

--
-- Table structure for table `ordercomment`
--

CREATE TABLE IF NOT EXISTS `ordercomment` (
  `ordercommentid` bigint(20) NOT NULL AUTO_INCREMENT,
  `comment` varchar(255) DEFAULT NULL,
  `createdon` timestamp NOT NULL DEFAULT CURRENT_TIMESTAMP,
  `commentby` bigint(20) NOT NULL,
  `orderid` bigint(20) NOT NULL,
  PRIMARY KEY (`ordercommentid`),
  KEY `fk777e1f515c724796` (`commentby`),
  KEY `fk777e1f516d6225f7` (`orderid`)
) ENGINE=InnoDB  DEFAULT CHARSET=latin1 AUTO_INCREMENT=23 ;

--
-- Dumping data for table `ordercomment`
--

INSERT INTO `ordercomment` (`ordercommentid`, `comment`, `createdon`, `commentby`, `orderid`) VALUES
(1, 'ssas', '2015-12-28 12:30:14', 1, 21),
(2, 'aaaaa', '2015-12-28 11:25:23', 1, 17),
(3, 'dsdsd', '2015-12-30 08:00:55', 1, 19),
(4, 'aaa', '2015-12-28 11:47:15', 1, 20),
(5, 'aaa', '2015-12-28 11:47:15', 1, 20),
(6, 's', '2015-12-29 07:17:44', 1, 18),
(7, 'wererw', '2015-12-30 08:20:43', 1, 16),
(8, 'sas', '2015-12-29 07:17:21', 1, 27),
(9, 'sa', '2015-12-29 07:34:18', 1, 25),
(10, 'ds', '2015-12-30 09:37:48', 1, 23),
(11, 'wew', '2015-12-30 08:37:03', 1, 29),
(12, 'fdfd', '2015-12-30 09:00:05', 1, 22),
(13, 'erewrewrwe', '2015-12-30 09:58:46', 1, 30),
(14, 'sazdasda', '2015-12-30 09:03:45', 1, 24),
(15, 'ew', '2015-12-30 10:14:48', 1, 30),
(16, 'sdsdfsdfsd', '2015-12-30 10:16:20', 1, 29),
(17, 'fgf', '2015-12-30 10:19:29', 1, 30),
(18, 'sdfsdfsdfsdf', '2015-12-30 10:20:29', 1, 30),
(19, 'eerewrew', '2015-12-30 10:21:32', 1, 30),
(20, 'ewe', '2015-12-30 10:39:28', 6930, 31),
(21, 'abcd', '2015-12-30 13:54:33', 1, 32),
(22, 'c', '2015-12-30 13:56:46', 6930, 33);

-- --------------------------------------------------------

--
-- Table structure for table `orderdetail`
--

CREATE TABLE IF NOT EXISTS `orderdetail` (
  `orderdetailid` bigint(20) NOT NULL AUTO_INCREMENT,
  `factorycode` varchar(255) NOT NULL,
  `lastmodified` timestamp NOT NULL DEFAULT CURRENT_TIMESTAMP,
  `notes` varchar(255) DEFAULT NULL,
  `ponumber` varchar(255) NOT NULL,
  `productiondate` timestamp NOT NULL,
  `purchasedon` timestamp NOT NULL,
  `quantity` int(11) NOT NULL,
  `shippedquantity` int(11) NOT NULL,
  `orderid` bigint(20) NOT NULL,
  `problemtypeid` bigint(20) NOT NULL,
  `productid` bigint(20) NOT NULL,
  `productpartid` bigint(20) NOT NULL,
  `shippingtypeid` bigint(20) NOT NULL,
  PRIMARY KEY (`orderdetailid`),
  KEY `fkaa2f011f4757493f` (`productpartid`),
  KEY `fkaa2f011f6d6225f7` (`orderid`),
  KEY `fkaa2f011fab8d5cf9` (`productid`),
  KEY `fkaa2f011ffad7d54b` (`shippingtypeid`)
) ENGINE=InnoDB  DEFAULT CHARSET=latin1 AUTO_INCREMENT=25 ;

--
-- Dumping data for table `orderdetail`
--

INSERT INTO `orderdetail` (`orderdetailid`, `factorycode`, `lastmodified`, `notes`, `ponumber`, `productiondate`, `purchasedon`, `quantity`, `shippedquantity`, `orderid`, `problemtypeid`, `productid`, `productpartid`, `shippingtypeid`) VALUES
(2, '03', '2015-12-24 14:43:26', 'dsasd', 'sasas', '0000-00-00 00:00:00', '0000-00-00 00:00:00', 3, 3, 16, 1, 130, 130, 3),
(3, '03', '2015-12-24 14:44:51', 'dsasd', 'sasas', '0000-00-00 00:00:00', '0000-00-00 00:00:00', 3, 0, 17, 1, 130, 130, 3),
(4, '04', '2015-12-24 14:49:26', 'thrhr', 'gfhgfh', '2015-12-01 13:00:00', '2015-12-08 13:00:00', 5454, 0, 18, 2, 134, 134, 3),
(5, '04', '2015-12-24 14:51:22', 'thrhr', 'gfhgfh', '2015-12-01 13:00:00', '2015-12-08 13:00:00', 5454, 0, 19, 2, 134, 134, 3),
(6, '03', '2015-12-24 15:04:53', '223', '433', '2015-12-22 13:00:00', '2015-12-14 13:00:00', 2, 0, 20, 2, 26, 132, 3),
(7, '04', '2015-12-24 15:19:42', 'ds', '23232', '2015-12-01 13:00:00', '2015-12-08 13:00:00', 2, 0, 21, 1, 25, 127, 3),
(8, '03', '2015-12-24 15:19:42', 'fds', 'ewe', '2015-11-30 13:00:00', '2015-12-01 13:00:00', 0, 0, 21, 2, 25, 128, 3),
(9, '04', '2015-12-24 15:20:52', '43', '43534', '2015-12-01 13:00:00', '2015-11-30 13:00:00', 43, 3, 22, 2, 28, 129, 3),
(10, '04', '2015-12-24 15:29:44', '33', 's3', '2015-12-16 13:00:00', '2015-12-15 13:00:00', 33, 2, 23, 2, 30, 149, 3),
(11, '03', '2015-12-24 15:29:44', '3r', '33', '2015-12-02 13:00:00', '2015-12-16 13:00:00', 33, 2, 23, 1, 30, 150, 3),
(12, '04', '2015-12-24 15:33:03', '324', '3432', '2015-12-14 13:00:00', '2015-12-08 13:00:00', 3, 212, 24, 2, 27, 138, 3),
(13, '04', '2015-12-29 06:44:59', '[object Object]', '33243', '2015-12-02 13:00:00', '2015-12-14 13:00:00', 0, 323, 25, 3, 25, 128, 3),
(14, '03', '2015-12-29 07:06:08', '[object Object]', '32333', '2015-12-08 13:00:00', '2015-12-08 13:00:00', 0, 0, 26, 2, 27, 140, 3),
(15, '03', '2015-12-29 07:12:16', 'ewrewrw', '13123', '2015-12-01 13:00:00', '2015-12-15 13:00:00', 3, 0, 27, 2, 26, 134, 3),
(16, '04', '2015-12-29 10:18:27', '32', '55555', '2015-11-30 13:00:00', '2015-12-16 13:00:00', 32, 0, 28, 1, 26, 133, 3),
(17, '04', '2015-12-29 10:18:27', '3223', '54666', '2015-12-09 13:00:00', '2015-12-16 13:00:00', 323, 0, 28, 1, 26, 134, 3),
(18, '04', '2015-12-30 08:34:41', '432423', '32324', '2015-12-01 13:00:00', '2015-12-16 13:00:00', 432, 4, 29, 3, 27, 140, 3),
(19, '03', '2015-12-30 08:37:11', '434', '23232', '2015-12-01 13:00:00', '2015-12-09 13:00:00', 43, 43, 30, 1, 27, 140, 3),
(20, '02', '2015-12-30 08:37:11', '4ee', '32323', '2015-12-17 13:00:00', '2015-12-18 13:00:00', 5, 4, 30, 2, 27, 141, 3),
(21, '03', '2015-12-30 10:39:10', '32323', '32323', '2015-12-08 13:00:00', '2015-12-22 13:00:00', 3, 0, 31, 2, 27, 139, 3),
(22, '05', '2015-12-30 13:54:05', 'fsd', '32323', '2015-12-01 13:00:00', '2015-12-17 13:00:00', 323, 23, 32, 2, 27, 138, 3),
(23, '05', '2015-12-30 13:54:05', 'ew', '32323', '2015-12-02 13:00:00', '2015-12-09 13:00:00', 32, 22, 32, 3, 27, 139, 3),
(24, '03', '2015-12-30 13:55:45', 'dsfsdf', '32343', '2015-12-15 13:00:00', '2015-12-16 13:00:00', 423, 0, 33, 2, 27, 140, 3);

-- --------------------------------------------------------

--
-- Table structure for table `problemtype`
--

CREATE TABLE IF NOT EXISTS `problemtype` (
  `problemtypeid` bigint(20) NOT NULL AUTO_INCREMENT,
  `enabled` tinyint(1) NOT NULL,
  `name` varchar(255) NOT NULL,
  PRIMARY KEY (`problemtypeid`)
) ENGINE=InnoDB  DEFAULT CHARSET=latin1 AUTO_INCREMENT=11 ;

--
-- Dumping data for table `problemtype`
--

INSERT INTO `problemtype` (`problemtypeid`, `enabled`, `name`) VALUES
(1, 1, 'Drawers'),
(2, 1, 'Missing Knobs'),
(3, 1, 'Other'),
(4, 0, 'Missing Instructions'),
(5, 1, 'Missing Hardware'),
(6, 1, 'Missing Part'),
(7, 1, 'Paint/Finish'),
(8, 1, 'Scratched'),
(9, 1, 'Cracked'),
(10, 1, 'Hardware-tracks');

-- --------------------------------------------------------

--
-- Table structure for table `product`
--

CREATE TABLE IF NOT EXISTS `product` (
  `productid` bigint(20) NOT NULL AUTO_INCREMENT,
  `archived` tinyint(1) NOT NULL,
  `code` varchar(255) NOT NULL,
  `description` varchar(255) DEFAULT NULL,
  `enabled` tinyint(1) NOT NULL,
  `lastmodified` timestamp NOT NULL DEFAULT CURRENT_TIMESTAMP,
  `name` varchar(255) NOT NULL,
  `skn` varchar(255) NOT NULL,
  `sku` varchar(255) NOT NULL,
  PRIMARY KEY (`productid`)
) ENGINE=InnoDB  DEFAULT CHARSET=latin1 AUTO_INCREMENT=188 ;

--
-- Dumping data for table `product`
--

INSERT INTO `product` (`productid`, `archived`, `code`, `description`, `enabled`, `lastmodified`, `name`, `skn`, `sku`) VALUES
(25, 0, '2711-CN', 'BLISS FLAT TOP CRIB CHESTNUT', 1, '2012-09-20 18:30:00', 'BLISS FLAT TOP CRIB CHESTNUT', '274906', '274906'),
(26, 0, '2711-ESP', 'BLISS FLAT TOP CRIB ESPRESSO', 1, '2012-09-20 18:30:00', 'BLISS FLAT TOP CRIB ESPRESSO', '271017', '271017'),
(27, 0, '2711-WH', 'BLISS FLAT TOP CRIB WHITE', 1, '2012-09-20 18:30:00', 'BLISS FLAT TOP CRIB WHITE', '269384', '269384'),
(28, 0, '2711D-CN', 'BLISS FLAT TOP CRIB CHESTNUT(DISPLAY)', 1, '2012-09-20 18:30:00', 'BLISS FLAT TOP CRIB CHESTNUT(DISPLAY)', '909950', '909950'),
(29, 0, '2712-CN', 'BLISS CURVED TOP CRIB CHESTNUT', 1, '2012-09-20 18:30:00', 'BLISS CURVED TOP CRIB CHESTNUT', '273985', '273985'),
(30, 0, '2712-ESP', 'BLISS CURVED TOP CRIB ESPRESSO', 1, '2012-09-20 18:30:00', 'BLISS CURVED TOP CRIB ESPRESSO', '270943', '270943'),
(31, 0, '2712-WH', 'BLISS CURVED TOP CRIB WHITE', 1, '2012-09-20 18:30:00', 'BLISS CURVED TOP CRIB WHITE', '269128', '269128'),
(32, 0, '2712D-ESP', 'BLISS CURVED TOP CRIB ESPRESSO (DISPLAY)', 1, '2012-09-20 18:30:00', 'BLISS CURVED TOP CRIB ESPRESSO (DISPLAY)', '909893', '909893'),
(33, 0, '2712D-WH', 'BLISS CURVED TOP CRIB WHITE (DISPLAY)', 1, '2012-09-20 18:30:00', 'BLISS CURVED TOP CRIB WHITE (DISPLAY)', '289571', '289571'),
(34, 0, '2713-CN', 'BLISS SLEIGH CRIB CHESTNUT', 1, '2012-09-20 18:30:00', 'BLISS SLEIGH CRIB CHESTNUT', '274914', '274914'),
(35, 0, '2713-ESP', 'BLISS SLEIGH CRIB ESPRESSO', 1, '2012-09-20 18:30:00', 'BLISS SLEIGH CRIB ESPRESSO', '272970', '272970'),
(36, 0, '2713-WH', 'BLISS SLEIGH CRIB WHITE', 0, '2012-09-20 18:30:00', 'BLISS SLEIGH CRIB WHITE', '269430', '269430'),
(37, 0, '2713D-WH', 'BLISS SLEIGH CRIB WHITE (DISPLAY)', 1, '2012-09-20 18:30:00', 'BLISS SLEIGH CRIB WHITE (DISPLAY)', '909885', '909885'),
(38, 0, '3900-LN', 'CHANTAL CRIB LINEN WHITE', 1, '2012-09-20 18:30:00', 'CHANTAL CRIB LINEN WHITE', '874269', '874269'),
(39, 0, '3900D-LN', 'CHANTAL CRIB DISPLAY LINEN WHITE', 1, '2012-09-20 18:30:00', 'CHANTAL CRIB DISPLAY LINEN WHITE', '874660', '874660'),
(40, 0, '3905-LN', 'CHANTAL 5DR. DRESSER LINEN WHITE', 1, '2012-09-20 18:30:00', 'CHANTAL 5DR. DRESSER LINEN WHITE', '874671', '874671'),
(41, 0, '3906-LN', 'CHANTAL 6DR. DRESSER LINEN WHITE', 1, '2012-09-20 18:30:00', 'CHANTAL 6DR. DRESSER LINEN WHITE', '874307', '874307'),
(44, 0, '3500-CH', 'HERITAGE CRIB CHERRY', 1, '2012-09-20 18:30:00', 'HERITAGE CRIB CHERRY', '562691', '562691'),
(45, 0, '3500-ESP', 'HERITAGE CRIB ESPRESSO', 1, '2012-09-20 18:30:00', 'HERITAGE CRIB ESPRESSO', '412292', '412292'),
(46, 0, '3500-WH', 'HERITAGE CRIB WHITE', 1, '2012-09-20 18:30:00', 'HERITAGE CRIB WHITE', '508472', '508472'),
(47, 0, '3500D-CH', 'HERITAGE CRIB CHERRY (DISPLAY)', 1, '2012-09-20 18:30:00', 'HERITAGE CRIB CHERRY (DISPLAY)', '555445', '555445'),
(48, 0, '3500D-ESP', 'HERITAGE CRIB ESPRESSO (DISPLAY)', 1, '2012-09-20 18:30:00', 'HERITAGE CRIB ESPRESSO (DISPLAY)', '412338', '412338'),
(49, 0, '3500D-WH', 'HERITAGE CRIB WHITE (DISPLAY)', 1, '2012-09-20 18:30:00', 'HERITAGE CRIB WHITE (DISPLAY)', '557861', '557861'),
(50, 0, '3504-CH', 'HERITAGE 4DR. CHERRY', 1, '2012-09-20 18:30:00', 'HERITAGE 4DR. CHERRY', '508493', '508493'),
(51, 0, '3504-ESP', 'HERITGAE 4DR. ESPRESSO', 1, '2012-09-20 18:30:00', 'HERITGAE 4DR. ESPRESSO', '412109', '412109'),
(52, 0, '3504-WH', 'HERITAGE 4DR. WHITE', 1, '2012-09-20 18:30:00', 'HERITAGE 4DR. WHITE', '508480', '508480'),
(53, 0, '3506-CH', 'HERITAGE 6DR. CHERRY', 1, '2012-09-20 18:30:00', 'HERITAGE 6DR. CHERRY', '412365', '412365'),
(54, 0, '3506-ESP', 'HERITAGE 6DR. ESPRESSO', 1, '2012-09-20 18:30:00', 'HERITAGE 6DR. ESPRESSO', '412160', '412160'),
(55, 0, '3506-WH', 'HERITAGE 6DR. WHITE', 1, '2012-09-20 18:30:00', 'HERITAGE 6DR. WHITE', '644142', '644142'),
(56, 0, '3508-CH', 'HERITAGE COMBO CHERRY', 1, '2012-09-20 18:30:00', 'HERITAGE COMBO CHERRY', '562745', '562745'),
(57, 0, '3508-WH', 'HERITAGE COMBO WHITE', 1, '2012-09-20 18:30:00', 'HERITAGE COMBO WHITE', '508477', '508477'),
(58, 0, 'KEN00-JAV', 'KENSINGTON CRIB JAVA', 1, '2012-09-20 18:30:00', 'KENSINGTON CRIB JAVA', '714094', '714094'),
(59, 0, 'KEN00-NAT', 'KENSINGTON CRIB NATURAL', 1, '2012-09-20 18:30:00', 'KENSINGTON CRIB NATURAL', '685264', '685264'),
(60, 0, 'KEN01-JAV', 'KENSINGTON CRIB JAVA (DISPLAY)', 1, '2012-09-20 18:30:00', 'KENSINGTON CRIB JAVA (DISPLAY)', '714085', '714085'),
(61, 0, 'KEN01-NAT', 'kENSINGTON CRIB NATURAL (DISPLAY)', 1, '2012-09-20 18:30:00', 'kENSINGTON CRIB NATURAL (DISPLAY)', '685229', '685229'),
(62, 0, '2900-DFW', 'MONTANA CRIB DRIFTWOOD', 1, '2012-09-20 18:30:00', 'MONTANA CRIB DRIFTWOOD', '407531', '407531'),
(63, 0, '2900-ESP', 'MONTANA CRIB ESPRESSO', 1, '2012-09-20 18:30:00', 'MONTANA CRIB ESPRESSO', '691148', '691148'),
(64, 0, '2900-GWH', 'MONTANA CRIB GLAZED WHITE', 1, '2012-09-20 18:30:00', 'MONTANA CRIB GLAZED WHITE', '717988', '717988'),
(65, 0, '2900D-DFW', 'MONTANA CRIB DISPLAY DRIFTWOOD', 1, '2012-09-20 18:30:00', 'MONTANA CRIB DISPLAY DRIFTWOOD', '559684', '559684'),
(66, 0, '2900D-ESP', 'MONTANA CRIB DISPLAY ESPRESSO', 1, '2012-09-20 18:30:00', 'MONTANA CRIB DISPLAY ESPRESSO', '644215', '644215'),
(67, 0, '2900D-GWH', 'MONTANA CRIB DISPLAY GLAZED WHITE', 1, '2012-09-20 18:30:00', 'MONTANA CRIB DISPLAY GLAZED WHITE', '717972', '717972'),
(68, 0, '2904-DFW', 'MONTANA 4DR DRESSER DRIFTWOOD', 1, '2012-09-20 18:30:00', 'MONTANA 4DR DRESSER DRIFTWOOD', '407744', '407744'),
(69, 0, '2904-ESP', 'MONTANA 4DR DRESSER ESPRESSO', 1, '2012-09-20 18:30:00', 'MONTANA 4DR DRESSER ESPRESSO', '718103', '718103'),
(70, 0, '2904-GWH', 'MONTANA 4DR DRESSER GLAZED WHITE', 1, '2012-09-20 18:30:00', 'MONTANA 4DR DRESSER GLAZED WHITE', '717506', '717506'),
(71, 0, '2906-DFW', 'MONTANA 6DR DRESSER DRIFTWOOD', 1, '2012-09-20 18:30:00', 'MONTANA 6DR DRESSER DRIFTWOOD', '407547', '407547'),
(72, 0, '2906-ESP', 'MONTANA 6DR DRESSER ESPRESSO', 1, '2012-09-20 18:30:00', 'MONTANA 6DR DRESSER ESPRESSO', '718081', '718081'),
(73, 0, '2906-GWH', 'MONTANA 6DR DRESSER GLAZED WHITE', 1, '2012-09-20 18:30:00', 'MONTANA 6DR DRESSER GLAZED WHITE', '717530', '717530'),
(74, 0, '2939-DFW', 'MONTANA PANEL CRIB DRIFTWOOD', 1, '2012-09-20 18:30:00', 'MONTANA PANEL CRIB DRIFTWOOD', '866268', '866268'),
(75, 0, '2939-ESP', 'MONTANA PANEL CRIB ESPRESSO', 1, '2012-09-20 18:30:00', 'MONTANA PANEL CRIB ESPRESSO', '866215', '866215'),
(76, 0, '2939-GWH', 'MONTANA PANEL CRIB GLZ. WHITE', 1, '2012-09-20 18:30:00', 'MONTANA PANEL CRIB GLZ. WHITE', '866164', '866164'),
(77, 0, '2939D-GWH', 'MONTANA PANEL DISPLAY GLAZED WHITE (DISPLAY) ', 1, '2012-09-20 18:30:00', 'MONTANA PANEL DISPLAY GLAZED WHITE (DISPLAY) ', '866168', '866168'),
(78, 0, '1410-WH', 'ROCKPORT TWIN BED W/ SIDE RAIL', 1, '2013-05-14 07:51:54', 'ROCKPORT TWIN BED W/ SIDE RAIL', '876469', '876469'),
(79, 0, '1410D-WH', 'ROCKPORT DISPLAY TWIN BED WHITE', 1, '2012-09-20 18:30:00', 'ROCKPORT DISPLAY TWIN BED WHITE', '876346', '876346'),
(80, 0, '5900-ESP', 'TAHOE CRIB ESPRESSO', 1, '2012-09-20 18:30:00', 'TAHOE CRIB ESPRESSO', '902511', '902511'),
(81, 0, '5900D-ESP', 'TAHOE DISPLAY CRIB ESPRESSO', 1, '2012-09-20 18:30:00', 'TAHOE DISPLAY CRIB ESPRESSO', '902508', '902508'),
(82, 0, '5905-ESP', 'TAHOE 5DR ESPRESSO', 1, '2012-09-20 18:30:00', 'TAHOE 5DR ESPRESSO', '902537', '902537'),
(83, 0, '5906-ESP', 'TAHOE 6DR ESPRESSO', 1, '2012-09-20 18:30:00', 'TAHOE 6DR ESPRESSO', '902529', '902529'),
(84, 0, '2706-CN', 'BLISS 6DR. CHESTNUT', 1, '2012-09-20 18:30:00', 'BLISS 6DR. CHESTNUT', '275039', '275039'),
(85, 0, '2706-ESP', 'BLISS 6DR. ESPRESSO', 1, '2012-09-20 18:30:00', 'BLISS 6DR. ESPRESSO', '273028', '273028'),
(86, 0, '2706-WH', 'BLISS 6DR. WHITE', 1, '2012-09-20 18:30:00', 'BLISS 6DR. WHITE', '269910', '269910'),
(87, 0, '2704-CN', 'BLISS 4DR.CHESTNUT', 1, '2012-09-20 18:30:00', 'BLISS 4DR.CHESTNUT', '275082', '275082'),
(88, 0, '2704-ESP', 'BLISS 4DR. ESPRESSO', 1, '2012-09-20 18:30:00', 'BLISS 4DR. ESPRESSO', '273225', '273225'),
(89, 0, '2704-WH', 'BLISS 4DR. WHITE', 1, '2012-09-20 18:30:00', 'BLISS 4DR. WHITE', '270331', '270331'),
(90, 0, 'KEN05-JAV', 'KENSINGTON 5DR DRESSER JAVA', 1, '2012-09-20 18:30:00', 'KENSINGTON 5DR DRESSER JAVA', '714124', '714124'),
(91, 0, 'KEN05-NAT', 'KENSINGTON 5DR DRESSER NATURAL', 1, '2012-09-20 18:30:00', 'KENSINGTON 5DR DRESSER NATURAL', '685574', '685574'),
(92, 0, 'KEN06-JAV', 'KENSINGTON 6DR DRESSER JAVA', 1, '2012-09-20 18:30:00', 'KENSINGTON 6DR DRESSER JAVA', '714116', '714116'),
(93, 0, 'KEN06-NAT', 'KENSINGTON 6DR DRESSER NATURAL', 1, '2012-09-20 18:30:00', 'KENSINGTON 6DR DRESSER NATURAL', '685345', '685345'),
(94, 0, '4300-ESP', 'MONACO CRIB ESPRESSO', 1, '2013-03-13 04:14:03', 'MONACO CRIB ESPRESSO', '255944', '255944'),
(95, 0, '4305-ESP', 'MONACO 5DR. ESPRESSO', 1, '2013-03-13 08:19:12', 'MONACO 5DR. ESPRESSO', '255464', '255464'),
(96, 0, '4306-ESP', 'MONACO 6DR. ESPRESSO', 1, '2013-03-13 09:46:20', 'MONACO 6DR. ESPRESSO', '255324', '255324'),
(97, 0, '4300D-ESP', 'MONACO CRIB DISPLAY ESPRESSO', 1, '2013-03-13 10:05:22', 'MONACO CRIB DISPLAY ESPRESSO', '255960', '255960'),
(98, 0, '4302-ESP', 'MONACO NIGHTSTAND ESPRESSO', 0, '2013-03-13 10:05:22', 'MONACO NIGHTSTAND ESPRESSO', '044509', '044509'),
(99, 0, '4370-ESP', 'MONACO CONV. KIT ESPRESSO', 0, '2013-03-13 10:05:22', 'MONACO CONV. KIT ESPRESSO', '044692', '044692'),
(100, 0, '4375-ESP', 'MONACO GUARD RAIL ESPRESSO', 0, '2013-03-13 10:05:22', 'MONACO GUARD RAIL ESPRESSO', '044633', '044633'),
(101, 0, '2300-ESP', 'VIENNA CRIB ESPRESSO', 1, '2014-04-28 05:12:26', 'VIENNA CRIB ESPRESSO', '255879', '255879'),
(102, 0, '2300D-ESP', 'VIENNA CRIB DISPLAY ESPRESSO', 1, '2014-04-28 05:13:11', 'VIENNA CRIB DISPLAY ESPRESSO', '256053', '256053'),
(103, 0, '2302-ESP', 'VIENNA NIGHTSTAND ESPRESSO', 1, '2014-04-28 05:13:27', 'VIENNA NIGHTSTAND ESPRESSO', '044382', '044382'),
(104, 0, '2306-ESP', 'VIENNA 6DR ESPRESSO', 1, '2014-04-28 05:13:41', 'VIENNA 6DR ESPRESSO', '255953', '255953'),
(105, 0, '2319-ESP', 'VIENNA CHIFFEROBE ESPRESSO', 1, '2014-04-28 05:13:50', 'VIENNA CHIFFEROBE ESPRESSO', '255569', '255569'),
(106, 0, '2370-ESP', 'VIENNA CONV. KIT ESPRESSO', 1, '2014-04-28 05:14:00', 'VIENNA CONV. KIT ESPRESSO', '044479', '044479'),
(115, 0, '4324-432', 'FDSKHGKFDHK', 1, '2013-05-10 16:23:18', 'FDSKHGKFDHK', '32483', '32483'),
(119, 0, '4354-DFSKJH', 'SLKHFGDSLKH', 1, '2013-05-10 16:28:47', 'SLKHFGDSLKH', '948305', '948305'),
(120, 0, '1234-FJDSH', 'KJDFDSHJF', 0, '2013-05-14 06:12:17', 'KJDFDSHJF', '324389', '324389'),
(121, 0, '1234-FDJS', 'JKDALDKJ11', 1, '2013-05-13 14:20:20', 'JKDALDKJ11', '987989', '987989'),
(122, 0, '1234-KJHDF', 'DFJSLHFDKJSHKL', 1, '2013-05-13 07:40:49', 'DFJSLHFDKJSHKL', '432432', '432432'),
(123, 0, '2432-DSA', 'DSHFLDKJSH', 0, '2013-05-13 10:18:55', 'DSHFLDKJSH', '97987', '97987'),
(124, 0, '6949-ESP', 'METRO', 1, '2013-06-10 06:23:00', 'METRO', '911463', '911463'),
(125, 0, '5300-SLT', 'HUDSON CRIB SLATE', 1, '2013-08-29 13:16:27', 'HUDSON CRIB SLATE', '625040', '625040'),
(126, 0, '5300-ESP', 'HUDSON CRIB ESPRESSO', 1, '2013-08-29 13:16:35', 'HUDSON CRIB ESPRESSO', '625202', '625202'),
(127, 0, '5305-SLT', 'HUDSON 5DR DRESSER SLATE', 1, '2013-08-29 13:18:02', 'HUDSON 5DR DRESSER SLATE', '625261', '625261'),
(128, 0, '5305-ESP', 'HUDSON 5DR DRESSER ESPRESSO', 1, '2013-08-29 13:18:48', 'HUDSON 5DR DRESSER ESPRESSO', '625296', '625296'),
(129, 0, '5306-SLT', 'HUDSON 6DR DRESSER SLATE', 1, '2013-08-29 13:19:45', 'HUDSON 6DR DRESSER SLATE', '625210', '625210'),
(130, 0, '5306-ESP', 'HUDSON 6DR DRESSER ESPRESSO', 1, '2013-08-29 13:20:15', 'HUDSON 6DR DRESSER ESPRESSO', '625245', '625245'),
(131, 0, '7300-ESP', 'COVINGTON CRIB ESPRESSO', 1, '2013-10-22 05:23:43', 'COVINGTON CRIB ESPRESSO', '482018', '482018'),
(132, 0, '7306-ESP', 'COVINGTON 6DR. ESPRESSO', 1, '2013-10-22 05:25:55', 'COVINGTON 6DR. ESPRESSO', '482107', '482107'),
(133, 0, '7305-ESP', 'COVINGTON 5DR. ESPRESSO', 1, '2013-10-22 05:26:34', 'COVINGTON 5DR. ESPRESSO', '482239', '482239'),
(134, 0, '7300-WH', 'COVINGTON CRIB WHITE', 1, '2013-10-22 05:28:21', 'COVINGTON CRIB WHITE', '481879', '481879'),
(135, 0, '7306-WH', 'COVINGTON 6DR. WHITE', 1, '2013-10-22 05:28:56', 'COVINGTON 6DR. WHITE', '482069', '482069'),
(136, 0, '7305-WH', 'COVINGTON 5DR. WHITE', 1, '2013-10-22 05:29:34', 'COVINGTON 5DR. WHITE', '482215', '482215'),
(137, 0, '6300-FWN', 'MELBOURNE CRIB FAWN', 1, '2013-10-22 05:31:21', 'MELBOURNE CRIB FAWN', '071399', '071399'),
(138, 0, '6306-FWN', 'MELBOURNE 6DR. FAWN', 1, '2013-10-22 05:32:15', 'MELBOURNE 6DR. FAWN', '071438', '071438'),
(139, 0, 'GL02-ECH', 'LOGAN GLIDER COMBO', 1, '2013-10-22 05:38:47', 'LOGAN GLIDER COMBO', '186377', '186377'),
(140, 0, '7300-CH', 'COVINGTON CRIB CHERRY', 1, '2013-10-22 05:50:39', 'COVINGTON CRIB CHERRY', '481909', '481909'),
(141, 0, '7306-CH', 'COVINGTON 6DR. CHERRY', 1, '2013-10-22 05:51:25', 'COVINGTON 6DR. CHERRY', '482077', '482077'),
(142, 0, '7305-CH', 'COVINGTON 5DR. CHERRY', 1, '2013-10-22 05:52:09', 'COVINGTON 5DR. CHERRY', '482231', '482231'),
(143, 0, '6305-FWN', 'MELBOURNE 5DR. FAWN', 1, '2014-01-16 06:41:05', 'MELBOURNE 5DR. FAWN', '071454', '071454'),
(144, 0, '6300-ESP', 'MELBOURNE CRIB ESPRESSO', 1, '2014-01-16 06:41:57', 'MELBOURNE CRIB ESPRESSO', '071459', '071459'),
(145, 0, '6305-ESP', 'MELBOURNE  5DR. ESPRESSO', 1, '2014-01-16 06:43:01', 'MELBOURNE  5DR. ESPRESSO', '071467', '071467'),
(146, 0, '6306-ESP', 'MELBOURNE 6DR. ESPRESSO', 1, '2014-01-16 06:43:40', 'MELBOURNE 6DR. ESPRESSO', '071462', '071462'),
(147, 0, 'RIV01-DGY', 'RIVERSIDE CRIB DOVE GRAY DISPLAY', 1, '2014-01-16 06:47:17', 'RIVERSIDE CRIB DOVE GRAY DISPLAY', '980831', '980831'),
(148, 0, 'RIV00-DGY', 'RIVERSIDE CRIB DOVE GRAY', 1, '2014-01-16 06:58:25', 'RIVERSIDE CRIB DOVE GRAY', '010765', '010765'),
(149, 0, 'RIV05-DGY', 'RIVERSIDE 5DR. DOVE GRAY', 1, '2014-01-16 06:59:21', 'RIVERSIDE 5DR. DOVE GRAY', '010749', '010749'),
(150, 0, 'RIV06-DGY', 'RIVERSIDE 6DR. DOVE GRAY', 1, '2014-01-16 07:01:04', 'RIVERSIDE 6DR. DOVE GRAY', '010655', '010655'),
(151, 0, 'RIV02-DGY', 'RIVERSIDE NIGHTSTAND DOVE GRAY', 1, '2014-01-16 07:02:18', 'RIVERSIDE NIGHTSTAND DOVE GRAY', '10058', '10058'),
(152, 0, 'RIV70-DGY', 'RIVERSIDE CONVERSION KIT DOVE GRAY', 1, '2014-01-16 07:03:20', 'RIVERSIDE CONVERSION KIT DOVE GRAY', '10016', '10016'),
(153, 0, 'RIV75-DGY', 'RIVERSIDE GUARD RAIL DOVE GRAY', 1, '2014-01-16 07:04:09', 'RIVERSIDE GUARD RAIL DOVE GRAY', '10024', '10024'),
(154, 0, 'RIV00-WH', 'RIVERSIDE CRIB WHITE', 1, '2014-01-16 07:05:05', 'RIVERSIDE CRIB WHITE', '980867', '980867'),
(155, 0, 'RIV05-WH', 'RIVERSIDE 5DR. WHITE', 1, '2014-01-16 07:06:07', 'RIVERSIDE 5DR. WHITE', '010600', '010600'),
(156, 0, 'RIV06-WH', 'RIVERSIDE 6DR. WHITE', 1, '2014-01-16 07:06:32', 'RIVERSIDE 6DR. WHITE', '010794', '010794'),
(157, 0, 'RIV02-WH', 'RIVERSIDE NIGHTSTAND WHITE', 1, '2014-01-16 07:07:40', 'RIVERSIDE NIGHTSTAND WHITE', '10066', '10066'),
(158, 0, 'RIV70-WH', 'RIVERSIDE CONVERSION KIT WHITE', 1, '2014-01-16 07:08:15', 'RIVERSIDE CONVERSION KIT WHITE', '10053', '10053'),
(159, 0, 'RIV75-WH', 'RIVERSIDE GUARD RAIL WHITE', 1, '2014-01-16 07:08:48', 'RIVERSIDE GUARD RAIL WHITE', '10002', '10002'),
(160, 0, 'RIV00-ESP', 'RIVERSIDE CRIB ESPRESSO', 1, '2014-01-16 07:10:05', 'RIVERSIDE CRIB ESPRESSO', '010744', '010744'),
(161, 0, 'RIV05-ESP', 'RIVERSIDE 5DR. ESPRESSO', 1, '2014-01-16 07:11:45', 'RIVERSIDE 5DR. ESPRESSO', '980844', '980844'),
(162, 0, 'RIV06-ESP', 'RIVERSIDE 6DR. ESPRESSO', 1, '2014-01-16 07:12:13', 'RIVERSIDE 6DR. ESPRESSO', '010778', '010778'),
(163, 0, 'RIV02-ESP', 'RIVERSIDE NIGHTSTAND ESPRESSO', 1, '2014-01-16 07:12:45', 'RIVERSIDE NIGHTSTAND ESPRESSO', '10045', '10045'),
(164, 0, 'RIV70-ESP', 'RIVERSIDE CONVERSION KIT ESPRESSO', 1, '2014-01-16 07:13:22', 'RIVERSIDE CONVERSION KIT ESPRESSO', '10029', '10029'),
(165, 0, 'RIV75-ESP', 'RIVERSIDE GUARD RAIL ESPRESSO', 1, '2014-01-16 07:29:52', 'RIVERSIDE GUARD RAIL ESPRESSO', '10008', '10008'),
(166, 0, 'EAST01-VGY', 'EASTPORT CRIB DISPLAY', 1, '2014-04-28 07:05:45', 'EASTPORT CRIB DISPLAY', '590875', '590875'),
(167, 0, 'EAST00-VGY', 'EASTPORT CRIB', 1, '2014-04-28 07:07:57', 'EASTPORT CRIB', '590883', '590883'),
(168, 0, 'EAST06-VGY', 'EASTPORT 6 DR', 1, '2014-04-28 07:06:43', 'EASTPORT 6 DR', '588072', '588072'),
(169, 0, 'EAST19-VGY', 'EASTPORT CHIFFEROBE', 1, '2014-04-28 07:07:06', 'EASTPORT CHIFFEROBE', '680386', '680386'),
(170, 0, 'EAST02-VGY', 'EASTPORT NIGHTSTAND', 1, '2014-04-28 07:06:22', 'EASTPORT NIGHTSTAND', '012030', '012030'),
(171, 0, 'EAST70-VGY', 'EASTPORT CONVERSION KIT', 1, '2014-04-28 07:07:31', 'EASTPORT CONVERSION KIT', '012893', '012893'),
(172, 0, 'EAST75-VGY', 'EASTPORT GUARD RAIL', 1, '2014-04-28 07:07:36', 'EASTPORT GUARD RAIL', '012966', '012966'),
(173, 0, 'EWAT00-VGY', 'WATERFORD CRIB', 1, '2014-04-28 07:12:34', 'WATERFORD CRIB', '776693', '776693'),
(174, 0, 'EWAT06-VGY', 'WATERFORD 6 DR', 1, '2014-04-28 07:12:54', 'WATERFORD 6 DR', '776909', '776909'),
(175, 0, 'EWAT05-VGY', 'WATERFORD 5 DR', 1, '2014-04-28 07:12:50', 'WATERFORD 5 DR', '776739', '776739'),
(176, 0, 'EWAT02-VGY', 'WATERFORD NIGHTSTAND', 1, '2014-04-28 07:12:39', 'WATERFORD NIGHTSTAND', '17439', '17439'),
(177, 0, 'EWAT70-VGY', 'WATERFORD CONVERSION KIT', 1, '2014-04-28 07:12:59', 'WATERFORD CONVERSION KIT', '17466', '17466'),
(178, 0, 'EWAT75-VGY', 'WATERFORD GUARD RAIL', 1, '2014-04-28 07:13:04', 'WATERFORD GUARD RAIL', '17577', '17577'),
(179, 0, '2306-AGY', 'VIENNA 6DR ASH GREY', 1, '2014-09-11 10:00:44', 'VIENNA 6DR ASH GREY', '296640', '296640'),
(180, 0, '10100-WH', 'HARBOR CRIB', 1, '2014-10-01 05:24:48', 'HARBOR CRIB', '096724', '096724'),
(181, 0, '10105-WH', 'HARBOR 6 DR DRESSER', 0, '2014-10-01 05:26:05', 'HARBOR 6 DR DRESSER', '099065', '099065'),
(182, 0, '10107-WH', 'HARBOR 7 DR DRESSER', 1, '2014-10-01 05:26:07', 'HARBOR 7 DR DRESSER', '099057', '099057'),
(183, 0, '10111-WH', 'HARBOR CHANGING TOPPER', 0, '2014-10-01 05:26:46', 'HARBOR CHANGING TOPPER', '103267', '103267'),
(184, 0, '10170-WH', 'HARBOR CONVERSION KIT', 0, '2014-10-01 05:27:36', 'HARBOR CONVERSION KIT', '010796', '010796'),
(185, 0, '10175-WH', 'HARBOR GUARDRAIL', 0, '2014-10-01 05:28:31', 'HARBOR GUARDRAIL', '010819', '010819'),
(186, 0, '10102-WH', 'HARBOR NIGHTSTAND', 0, '2014-10-01 05:28:56', 'HARBOR NIGHTSTAND', '010783', '010783'),
(187, 0, '1234RE', 'SDERERERER', 1, '2015-12-30 13:47:45', 'SDERERERER', '32555', '32555');

-- --------------------------------------------------------

--
-- Table structure for table `productandparts`
--

CREATE TABLE IF NOT EXISTS `productandparts` (
  `enabled` tinyint(1) NOT NULL,
  `productid` bigint(20) NOT NULL,
  `productpartid` bigint(20) NOT NULL,
  KEY `fk93cbc9384757493f` (`productpartid`),
  KEY `fk93cbc938ab8d5cf9` (`productid`)
) ENGINE=InnoDB DEFAULT CHARSET=latin1;

--
-- Dumping data for table `productandparts`
--

INSERT INTO `productandparts` (`enabled`, `productid`, `productpartid`) VALUES
(1, 87, 94),
(1, 87, 95),
(1, 87, 96),
(1, 87, 97),
(1, 87, 98),
(1, 88, 99),
(1, 88, 100),
(1, 88, 101),
(1, 88, 102),
(1, 88, 103),
(1, 89, 104),
(1, 89, 105),
(1, 89, 106),
(1, 89, 107),
(1, 89, 108),
(1, 84, 109),
(1, 84, 110),
(1, 84, 111),
(1, 84, 113),
(1, 84, 114),
(1, 85, 115),
(1, 85, 116),
(1, 85, 117),
(1, 85, 118),
(1, 85, 119),
(1, 86, 120),
(1, 86, 121),
(1, 86, 122),
(1, 86, 123),
(1, 86, 124),
(1, 28, 125),
(1, 25, 125),
(1, 28, 126),
(1, 25, 126),
(1, 28, 127),
(1, 25, 127),
(1, 28, 128),
(1, 25, 128),
(1, 28, 129),
(1, 25, 129),
(1, 26, 130),
(1, 26, 131),
(1, 26, 132),
(1, 26, 133),
(1, 26, 134),
(1, 37, 136),
(1, 36, 136),
(1, 35, 136),
(1, 34, 136),
(1, 33, 136),
(1, 32, 136),
(1, 31, 136),
(1, 30, 136),
(1, 29, 136),
(1, 28, 136),
(1, 27, 136),
(1, 26, 136),
(1, 25, 136),
(1, 27, 137),
(1, 27, 138),
(1, 27, 139),
(1, 27, 140),
(1, 27, 141),
(1, 29, 142),
(1, 29, 143),
(1, 29, 144),
(1, 29, 145),
(1, 29, 146),
(1, 87, 147),
(1, 84, 147),
(1, 34, 147),
(1, 29, 147),
(1, 28, 147),
(1, 25, 147),
(1, 32, 148),
(1, 30, 148),
(1, 32, 149),
(1, 30, 149),
(1, 32, 150),
(1, 30, 150),
(1, 32, 151),
(1, 30, 151),
(1, 32, 152),
(1, 30, 152),
(1, 88, 153),
(1, 85, 153),
(1, 35, 153),
(1, 32, 153),
(1, 30, 153),
(1, 26, 153),
(1, 33, 155),
(1, 31, 155),
(1, 33, 156),
(1, 31, 156),
(1, 33, 157),
(1, 31, 157),
(1, 33, 158),
(1, 31, 158),
(1, 33, 159),
(1, 31, 159),
(1, 89, 160),
(1, 86, 160),
(1, 37, 160),
(1, 36, 160),
(1, 33, 160),
(1, 31, 160),
(1, 27, 160),
(1, 34, 161),
(1, 34, 162),
(1, 34, 163),
(1, 34, 164),
(1, 34, 165),
(1, 35, 166),
(1, 35, 167),
(1, 35, 168),
(1, 35, 169),
(1, 35, 170),
(1, 37, 172),
(1, 36, 172),
(1, 37, 173),
(1, 36, 173),
(1, 37, 174),
(1, 36, 174),
(1, 37, 175),
(1, 36, 175),
(1, 37, 176),
(1, 36, 176),
(1, 39, 177),
(1, 38, 177),
(1, 39, 178),
(1, 38, 178),
(1, 39, 179),
(1, 38, 179),
(1, 39, 180),
(1, 38, 180),
(1, 39, 181),
(1, 38, 181),
(1, 39, 182),
(1, 38, 182),
(1, 39, 183),
(1, 38, 183),
(1, 40, 184),
(1, 40, 185),
(1, 40, 186),
(1, 40, 187),
(1, 40, 188),
(1, 40, 189),
(1, 41, 190),
(1, 41, 191),
(1, 41, 192),
(1, 41, 193),
(1, 41, 194),
(1, 41, 195),
(1, 41, 196),
(1, 41, 197),
(1, 40, 197),
(1, 39, 197),
(1, 38, 197),
(1, 41, 198),
(1, 40, 198),
(1, 56, 199),
(1, 53, 199),
(1, 50, 199),
(1, 57, 200),
(1, 55, 200),
(1, 52, 200),
(1, 47, 201),
(1, 44, 201),
(1, 47, 202),
(1, 44, 202),
(1, 47, 203),
(1, 44, 203),
(1, 47, 204),
(1, 44, 204),
(1, 47, 205),
(1, 44, 205),
(1, 47, 206),
(1, 44, 206),
(1, 47, 207),
(1, 44, 207),
(1, 47, 208),
(1, 44, 208),
(1, 47, 209),
(1, 44, 209),
(1, 47, 210),
(1, 44, 210),
(1, 56, 211),
(1, 53, 211),
(1, 50, 211),
(1, 47, 211),
(1, 44, 211),
(1, 45, 212),
(1, 45, 213),
(1, 45, 214),
(1, 45, 215),
(1, 45, 216),
(1, 54, 217),
(1, 51, 217),
(1, 45, 217),
(1, 49, 219),
(1, 47, 219),
(1, 46, 219),
(1, 45, 219),
(1, 44, 219),
(1, 49, 220),
(1, 47, 220),
(1, 46, 220),
(1, 45, 220),
(1, 44, 220),
(1, 49, 221),
(1, 46, 221),
(1, 49, 222),
(1, 46, 222),
(1, 49, 223),
(1, 46, 223),
(1, 49, 224),
(1, 46, 224),
(1, 49, 225),
(1, 46, 225),
(1, 49, 226),
(1, 46, 226),
(1, 57, 227),
(1, 55, 227),
(1, 52, 227),
(1, 49, 227),
(1, 46, 227),
(1, 50, 229),
(1, 50, 230),
(1, 50, 231),
(1, 50, 232),
(1, 51, 233),
(1, 51, 234),
(1, 51, 235),
(1, 51, 236),
(1, 52, 237),
(1, 52, 238),
(1, 52, 239),
(1, 52, 240),
(1, 53, 242),
(1, 53, 243),
(1, 53, 244),
(1, 53, 245),
(1, 53, 246),
(1, 53, 247),
(1, 53, 248),
(1, 54, 249),
(1, 54, 250),
(1, 54, 251),
(1, 54, 252),
(1, 54, 253),
(1, 54, 254),
(1, 54, 255),
(1, 55, 256),
(1, 55, 257),
(1, 55, 258),
(1, 55, 259),
(1, 55, 260),
(1, 55, 261),
(1, 55, 262),
(1, 56, 264),
(1, 56, 265),
(1, 56, 266),
(1, 56, 267),
(1, 56, 268),
(1, 56, 269),
(1, 57, 270),
(1, 57, 271),
(1, 57, 272),
(1, 57, 273),
(1, 57, 274),
(1, 57, 275),
(1, 59, 276),
(1, 58, 276),
(1, 59, 277),
(1, 58, 277),
(1, 58, 278),
(1, 58, 279),
(1, 58, 280),
(1, 58, 281),
(1, 58, 282),
(1, 59, 283),
(1, 59, 284),
(1, 59, 285),
(1, 59, 286),
(1, 59, 287),
(1, 91, 288),
(1, 90, 288),
(1, 90, 289),
(1, 90, 290),
(1, 90, 291),
(1, 90, 292),
(1, 90, 293),
(1, 90, 294),
(1, 90, 295),
(1, 91, 296),
(1, 91, 297),
(1, 91, 298),
(1, 91, 299),
(1, 91, 300),
(1, 91, 301),
(1, 91, 302),
(1, 93, 303),
(1, 92, 303),
(1, 92, 304),
(1, 92, 305),
(1, 92, 306),
(1, 92, 307),
(1, 92, 308),
(1, 93, 309),
(1, 93, 310),
(1, 93, 311),
(1, 93, 312),
(1, 93, 313),
(1, 92, 314),
(1, 90, 314),
(1, 60, 314),
(1, 58, 314),
(1, 93, 315),
(1, 91, 315),
(1, 61, 315),
(1, 59, 315),
(1, 93, 316),
(1, 92, 316),
(1, 91, 316),
(1, 90, 316),
(1, 92, 317),
(1, 90, 317),
(1, 93, 318),
(1, 91, 318),
(1, 92, 319),
(1, 90, 319),
(1, 93, 320),
(1, 91, 320),
(1, 67, 322),
(1, 66, 322),
(1, 65, 322),
(1, 64, 322),
(1, 63, 322),
(1, 62, 322),
(1, 67, 323),
(1, 66, 323),
(1, 65, 323),
(1, 64, 323),
(1, 63, 323),
(1, 62, 323),
(1, 65, 324),
(1, 62, 324),
(1, 65, 325),
(1, 62, 325),
(1, 65, 326),
(1, 62, 326),
(1, 65, 327),
(1, 62, 327),
(1, 65, 328),
(1, 62, 328),
(1, 66, 329),
(1, 63, 329),
(1, 66, 330),
(1, 63, 330),
(1, 66, 331),
(1, 63, 331),
(1, 66, 332),
(1, 63, 332),
(1, 66, 333),
(1, 63, 333),
(1, 67, 334),
(1, 64, 334),
(1, 67, 335),
(1, 64, 335),
(1, 67, 336),
(1, 64, 336),
(1, 67, 337),
(1, 64, 337),
(1, 67, 338),
(1, 64, 338),
(1, 70, 339),
(1, 69, 339),
(1, 68, 339),
(1, 68, 340),
(1, 68, 341),
(1, 68, 342),
(1, 68, 343),
(1, 69, 344),
(1, 69, 345),
(1, 69, 346),
(1, 69, 347),
(1, 70, 348),
(1, 70, 349),
(1, 70, 350),
(1, 70, 351),
(1, 73, 352),
(1, 72, 352),
(1, 71, 352),
(1, 71, 353),
(1, 71, 354),
(1, 71, 355),
(1, 71, 356),
(1, 71, 357),
(1, 71, 358),
(1, 72, 359),
(1, 72, 360),
(1, 72, 361),
(1, 72, 362),
(1, 72, 363),
(1, 72, 364),
(1, 73, 365),
(1, 73, 366),
(1, 73, 367),
(1, 73, 368),
(1, 73, 369),
(1, 73, 370),
(1, 77, 371),
(1, 76, 371),
(1, 75, 371),
(1, 74, 371),
(1, 74, 372),
(1, 74, 373),
(1, 74, 374),
(1, 74, 375),
(1, 74, 376),
(1, 75, 377),
(1, 75, 378),
(1, 75, 379),
(1, 75, 380),
(1, 75, 381),
(1, 77, 382),
(1, 76, 382),
(1, 77, 383),
(1, 76, 383),
(1, 77, 384),
(1, 76, 384),
(1, 77, 385),
(1, 76, 385),
(1, 77, 386),
(1, 76, 386),
(1, 72, 387),
(1, 73, 388),
(1, 71, 389),
(1, 68, 389),
(1, 72, 390),
(1, 69, 390),
(1, 73, 391),
(1, 70, 391),
(1, 79, 392),
(1, 78, 392),
(1, 79, 393),
(1, 78, 393),
(1, 79, 394),
(1, 78, 394),
(1, 79, 395),
(1, 78, 395),
(1, 81, 396),
(1, 80, 396),
(1, 81, 397),
(1, 80, 397),
(1, 81, 398),
(1, 80, 398),
(1, 81, 399),
(1, 80, 399),
(1, 81, 400),
(1, 80, 400),
(1, 81, 401),
(1, 80, 401),
(1, 82, 402),
(1, 82, 403),
(1, 82, 404),
(1, 82, 405),
(1, 82, 406),
(1, 82, 407),
(1, 83, 408),
(1, 83, 409),
(1, 83, 410),
(1, 83, 411),
(1, 83, 412),
(1, 83, 413),
(1, 83, 414),
(1, 83, 415),
(1, 82, 415),
(1, 81, 415),
(1, 80, 415),
(1, 83, 416),
(1, 82, 416),
(1, 87, 111),
(1, 88, 117),
(1, 89, 122),
(1, 28, 135),
(1, 27, 135),
(1, 26, 135),
(1, 25, 135),
(1, 33, 154),
(1, 32, 154),
(1, 31, 154),
(1, 30, 154),
(1, 29, 154),
(1, 37, 171),
(1, 36, 171),
(1, 35, 171),
(1, 34, 171),
(1, 49, 218),
(1, 47, 218),
(1, 46, 218),
(1, 45, 218),
(1, 44, 218),
(1, 52, 228),
(1, 51, 228),
(1, 50, 228),
(1, 55, 241),
(1, 54, 241),
(1, 53, 241),
(1, 50, 244),
(1, 51, 251),
(1, 52, 258),
(1, 57, 263),
(1, 56, 263),
(1, 61, 276),
(1, 60, 276),
(1, 61, 277),
(1, 60, 277),
(1, 60, 278),
(1, 60, 279),
(1, 60, 280),
(1, 60, 281),
(1, 60, 282),
(1, 61, 283),
(1, 61, 284),
(1, 61, 285),
(1, 61, 286),
(1, 61, 287),
(1, 74, 321),
(1, 71, 321),
(1, 68, 321),
(1, 65, 321),
(1, 62, 321),
(1, 75, 387),
(1, 69, 387),
(1, 66, 387),
(1, 63, 387),
(1, 77, 388),
(1, 76, 388),
(1, 70, 388),
(1, 67, 388),
(1, 64, 388),
(1, 94, 417),
(1, 94, 418),
(1, 94, 419),
(1, 94, 420),
(1, 94, 421),
(1, 94, 422),
(1, 94, 451),
(1, 94, 452),
(1, 95, 423),
(1, 95, 424),
(1, 95, 425),
(1, 95, 426),
(1, 95, 427),
(1, 95, 428),
(1, 95, 451),
(1, 95, 452),
(1, 96, 429),
(1, 96, 430),
(1, 96, 431),
(1, 96, 432),
(1, 96, 433),
(1, 96, 434),
(1, 96, 435),
(1, 96, 451),
(1, 96, 452),
(1, 97, 417),
(1, 97, 418),
(1, 97, 419),
(1, 97, 420),
(1, 97, 421),
(1, 97, 422),
(1, 97, 451),
(1, 97, 452),
(1, 101, 436),
(1, 101, 437),
(1, 101, 438),
(1, 101, 439),
(1, 101, 440),
(1, 101, 441),
(1, 101, 449),
(1, 101, 450),
(1, 102, 436),
(1, 102, 437),
(1, 102, 438),
(1, 102, 439),
(1, 102, 440),
(1, 102, 441),
(1, 102, 449),
(1, 102, 450),
(1, 104, 442),
(1, 104, 443),
(1, 104, 444),
(1, 104, 445),
(1, 104, 446),
(1, 104, 447),
(1, 104, 448),
(1, 104, 449),
(1, 104, 450),
(1, 103, 436),
(1, 103, 442),
(1, 103, 449),
(1, 103, 450),
(1, 94, 423),
(1, 94, 458),
(1, 95, 458),
(1, 96, 458),
(1, 97, 458),
(1, 98, 458),
(1, 99, 458),
(1, 100, 458),
(1, 97, 459),
(1, 94, 459),
(1, 98, 459),
(1, 95, 459),
(1, 96, 459),
(1, 99, 459),
(1, 100, 459),
(1, 115, 417),
(1, 115, 423),
(1, 115, 458),
(1, 115, 459),
(1, 119, 417),
(1, 119, 423),
(1, 119, 458),
(1, 119, 459),
(1, 120, 455),
(1, 120, 456),
(1, 122, 455),
(1, 122, 456),
(1, 120, 465),
(1, 122, 465),
(1, 121, 465),
(1, 121, 455),
(1, 121, 456),
(1, 124, 467),
(1, 124, 468),
(1, 124, 469),
(1, 124, 470),
(1, 124, 471),
(1, 124, 472),
(1, 124, 473),
(1, 125, 474),
(1, 125, 480),
(1, 125, 481),
(1, 125, 482),
(1, 125, 483),
(1, 125, 484),
(1, 125, 502),
(1, 125, 504),
(1, 126, 474),
(1, 126, 475),
(1, 126, 476),
(1, 126, 477),
(1, 126, 478),
(1, 126, 479),
(1, 126, 501),
(1, 126, 503),
(1, 127, 474),
(1, 127, 487),
(1, 127, 488),
(1, 127, 502),
(1, 127, 504),
(1, 128, 474),
(1, 128, 485),
(1, 128, 486),
(1, 128, 501),
(1, 128, 503),
(1, 129, 474),
(1, 129, 495),
(1, 129, 496),
(1, 129, 497),
(1, 129, 498),
(1, 129, 499),
(1, 129, 500),
(1, 129, 502),
(1, 129, 504),
(1, 130, 474),
(1, 130, 489),
(1, 130, 490),
(1, 130, 491),
(1, 130, 492),
(1, 130, 493),
(1, 130, 494),
(1, 130, 501),
(1, 130, 503),
(1, 65, 371),
(1, 66, 371),
(1, 62, 371),
(1, 67, 371),
(1, 63, 371),
(1, 64, 371),
(1, 68, 371),
(1, 69, 371),
(1, 70, 371),
(1, 71, 371),
(1, 72, 371),
(1, 73, 371),
(1, 131, 505),
(1, 134, 505),
(1, 133, 505),
(1, 136, 505),
(1, 132, 505),
(1, 135, 505),
(1, 140, 505),
(1, 140, 506),
(1, 140, 507),
(1, 141, 505),
(1, 142, 505),
(1, 140, 508),
(1, 140, 509),
(1, 140, 510),
(1, 131, 511),
(1, 131, 512),
(1, 131, 513),
(1, 131, 514),
(1, 131, 515),
(1, 134, 516),
(1, 134, 517),
(1, 134, 518),
(1, 134, 519),
(1, 134, 520),
(1, 142, 521),
(1, 142, 522),
(1, 133, 523),
(1, 133, 524),
(1, 136, 525),
(1, 136, 526),
(1, 141, 527),
(1, 141, 528),
(1, 141, 529),
(1, 141, 530),
(1, 141, 531),
(1, 141, 532),
(1, 132, 533),
(1, 132, 534),
(1, 132, 535),
(1, 132, 536),
(1, 132, 537),
(1, 132, 538),
(1, 135, 539),
(1, 135, 540),
(1, 135, 541),
(1, 135, 542),
(1, 135, 543),
(1, 135, 544),
(1, 138, 545),
(1, 138, 546),
(1, 138, 547),
(1, 138, 548),
(1, 138, 549),
(1, 138, 550),
(1, 139, 551),
(1, 144, 552),
(1, 137, 552),
(1, 145, 552),
(1, 143, 552),
(1, 146, 552),
(1, 138, 552),
(1, 144, 553),
(1, 144, 554),
(1, 144, 555),
(1, 144, 556),
(1, 145, 557),
(1, 145, 558),
(1, 143, 559),
(1, 143, 560),
(1, 146, 561),
(1, 146, 562),
(1, 146, 563),
(1, 146, 564),
(1, 146, 565),
(1, 146, 566),
(1, 144, 567),
(1, 145, 567),
(1, 146, 567),
(1, 137, 568),
(1, 143, 568),
(1, 138, 568),
(1, 144, 569),
(1, 145, 569),
(1, 146, 569),
(1, 137, 570),
(1, 143, 570),
(1, 138, 570),
(1, 148, 571),
(1, 160, 571),
(1, 154, 571),
(1, 147, 571),
(1, 151, 571),
(1, 163, 571),
(1, 157, 571),
(1, 149, 571),
(1, 161, 571),
(1, 155, 571),
(1, 150, 571),
(1, 162, 571),
(1, 156, 571),
(1, 152, 571),
(1, 164, 571),
(1, 158, 571),
(1, 153, 571),
(1, 165, 571),
(1, 159, 571),
(1, 154, 582),
(1, 154, 583),
(1, 154, 584),
(1, 154, 585),
(1, 154, 586),
(1, 155, 591),
(1, 155, 592),
(1, 156, 605),
(1, 156, 606),
(1, 156, 607),
(1, 156, 608),
(1, 156, 609),
(1, 156, 610),
(1, 148, 611),
(1, 147, 611),
(1, 151, 611),
(1, 149, 611),
(1, 150, 611),
(1, 152, 611),
(1, 153, 611),
(1, 160, 612),
(1, 163, 612),
(1, 161, 612),
(1, 162, 612),
(1, 164, 612),
(1, 165, 612),
(1, 154, 613),
(1, 157, 613),
(1, 155, 613),
(1, 156, 613),
(1, 158, 613),
(1, 159, 613),
(1, 148, 614),
(1, 147, 614),
(1, 151, 614),
(1, 149, 614),
(1, 150, 614),
(1, 152, 614),
(1, 153, 614),
(1, 160, 615),
(1, 163, 615),
(1, 161, 615),
(1, 162, 615),
(1, 164, 615),
(1, 165, 615),
(1, 154, 616),
(1, 157, 616),
(1, 155, 616),
(1, 156, 616),
(1, 158, 616),
(1, 159, 616),
(1, 126, 617),
(1, 125, 617),
(1, 128, 617),
(1, 127, 617),
(1, 130, 617),
(1, 129, 617),
(1, 105, 618),
(1, 105, 619),
(1, 105, 620),
(1, 105, 621),
(1, 105, 622),
(1, 105, 449),
(1, 106, 449),
(1, 97, 623),
(1, 94, 623),
(1, 166, 684),
(1, 166, 685),
(1, 170, 684),
(1, 170, 685),
(1, 168, 670),
(1, 168, 671),
(1, 168, 672),
(1, 168, 673),
(1, 168, 674),
(1, 168, 675),
(1, 168, 676),
(1, 168, 684),
(1, 168, 685),
(1, 169, 677),
(1, 169, 678),
(1, 169, 679),
(1, 169, 680),
(1, 169, 681),
(1, 169, 682),
(1, 169, 683),
(1, 169, 684),
(1, 169, 685),
(1, 171, 684),
(1, 171, 685),
(1, 172, 684),
(1, 172, 685),
(1, 167, 664),
(1, 167, 665),
(1, 167, 666),
(1, 167, 667),
(1, 167, 668),
(1, 167, 669),
(1, 167, 684),
(1, 167, 685),
(1, 173, 646),
(1, 173, 647),
(1, 173, 648),
(1, 173, 649),
(1, 173, 650),
(1, 173, 651),
(1, 175, 652),
(1, 175, 653),
(1, 175, 654),
(1, 174, 655),
(1, 174, 656),
(1, 174, 657),
(1, 174, 658),
(1, 174, 659),
(1, 174, 660),
(1, 174, 661),
(1, 173, 662),
(1, 176, 662),
(1, 175, 662),
(1, 174, 662),
(1, 177, 662),
(1, 178, 662),
(1, 173, 663),
(1, 176, 663),
(1, 175, 663),
(1, 174, 663),
(1, 177, 663),
(1, 178, 663),
(1, 167, 686),
(1, 179, 442),
(1, 179, 687),
(1, 179, 688),
(1, 179, 689),
(1, 179, 690),
(1, 179, 691),
(1, 179, 692),
(1, 182, 693),
(1, 182, 694),
(1, 182, 695),
(1, 180, 696),
(1, 180, 697),
(1, 180, 698),
(1, 180, 699),
(1, 180, 700),
(1, 180, 701),
(1, 180, 702),
(1, 180, 703);

-- --------------------------------------------------------

--
-- Table structure for table `productclassification`
--

CREATE TABLE IF NOT EXISTS `productclassification` (
  `enabled` tinyint(1) NOT NULL DEFAULT '0',
  `classificationtypeid` bigint(20) NOT NULL,
  `productid` bigint(20) NOT NULL,
  KEY `fkb7434e956d326bbb` (`classificationtypeid`),
  KEY `fkb7434e95ab8d5cf9` (`productid`)
) ENGINE=InnoDB DEFAULT CHARSET=latin1;

--
-- Dumping data for table `productclassification`
--

INSERT INTO `productclassification` (`enabled`, `classificationtypeid`, `productid`) VALUES
(1, 4, 25),
(1, 4, 25),
(1, 4, 26),
(1, 4, 27),
(1, 4, 28),
(1, 4, 29),
(1, 4, 30),
(1, 4, 31),
(1, 4, 32),
(1, 4, 33),
(1, 4, 34),
(1, 4, 35),
(1, 4, 36),
(1, 4, 37),
(1, 6, 38),
(1, 6, 39),
(1, 6, 40),
(1, 6, 41),
(1, 97, 121),
(1, 7, 58),
(1, 7, 59),
(1, 7, 60),
(1, 7, 61),
(1, 5, 62),
(1, 5, 63),
(1, 5, 64),
(1, 5, 65),
(1, 5, 66),
(1, 5, 67),
(1, 5, 68),
(1, 5, 69),
(1, 5, 70),
(1, 5, 71),
(1, 5, 72),
(1, 5, 73),
(1, 5, 74),
(1, 5, 75),
(1, 5, 76),
(1, 5, 77),
(1, 2, 79),
(1, 3, 80),
(1, 3, 81),
(1, 3, 82),
(1, 3, 83),
(1, 4, 84),
(1, 4, 85),
(1, 4, 86),
(1, 4, 87),
(1, 4, 88),
(1, 4, 89),
(1, 7, 90),
(1, 7, 91),
(1, 7, 92),
(1, 7, 93),
(1, 9, 25),
(1, 11, 26),
(1, 14, 27),
(1, 9, 28),
(1, 9, 29),
(1, 11, 30),
(1, 14, 31),
(1, 11, 32),
(1, 14, 33),
(1, 9, 34),
(1, 11, 35),
(1, 14, 36),
(1, 14, 37),
(1, 13, 38),
(1, 13, 39),
(1, 13, 40),
(1, 13, 41),
(1, 12, 44),
(1, 11, 45),
(1, 14, 46),
(1, 12, 47),
(1, 98, 121),
(1, 14, 49),
(1, 12, 50),
(1, 11, 51),
(1, 14, 52),
(1, 12, 53),
(1, 11, 54),
(1, 14, 55),
(1, 12, 56),
(1, 14, 57),
(1, 10, 58),
(1, 16, 59),
(1, 10, 60),
(1, 16, 61),
(1, 15, 62),
(1, 11, 63),
(1, 8, 64),
(1, 15, 65),
(1, 11, 66),
(1, 8, 67),
(1, 15, 68),
(1, 11, 69),
(1, 8, 70),
(1, 15, 71),
(1, 11, 72),
(1, 8, 73),
(1, 15, 74),
(1, 11, 75),
(1, 8, 76),
(1, 8, 77),
(1, 14, 79),
(1, 11, 80),
(1, 11, 81),
(1, 11, 82),
(1, 11, 83),
(1, 9, 84),
(1, 11, 85),
(1, 14, 86),
(1, 9, 87),
(1, 11, 88),
(1, 14, 89),
(1, 10, 90),
(1, 16, 91),
(1, 10, 92),
(1, 16, 93),
(1, 23, 25),
(1, 23, 26),
(1, 23, 27),
(1, 23, 28),
(1, 23, 29),
(1, 23, 30),
(1, 23, 31),
(1, 23, 32),
(1, 23, 33),
(1, 23, 34),
(1, 23, 35),
(1, 23, 36),
(1, 23, 37),
(1, 23, 38),
(1, 23, 39),
(1, 21, 40),
(1, 22, 41),
(1, 23, 44),
(1, 23, 45),
(1, 23, 46),
(1, 23, 47),
(1, 99, 121),
(1, 23, 49),
(1, 22, 53),
(1, 22, 54),
(1, 22, 55),
(1, 20, 56),
(1, 20, 57),
(1, 23, 58),
(1, 23, 59),
(1, 23, 60),
(1, 23, 61),
(1, 23, 62),
(1, 23, 63),
(1, 23, 64),
(1, 23, 65),
(1, 23, 66),
(1, 23, 67),
(1, 22, 71),
(1, 22, 72),
(1, 22, 73),
(1, 23, 74),
(1, 23, 75),
(1, 23, 76),
(1, 23, 77),
(1, 18, 79),
(1, 23, 80),
(1, 23, 81),
(1, 21, 82),
(1, 22, 83),
(1, 22, 84),
(1, 22, 85),
(1, 22, 86),
(1, 21, 90),
(1, 21, 91),
(1, 22, 92),
(1, 22, 93),
(1, 25, 94),
(1, 25, 95),
(1, 25, 96),
(1, 25, 97),
(1, 25, 98),
(1, 25, 99),
(1, 25, 100),
(1, 26, 98),
(1, 27, 99),
(1, 28, 100),
(1, 100, 122),
(1, 101, 122),
(1, 102, 122),
(1, 104, 123),
(1, 105, 123),
(1, 100, 78),
(1, 2, 78),
(1, 18, 78),
(1, 113, 124),
(1, 11, 124),
(1, 23, 124),
(1, 114, 125),
(1, 115, 125),
(1, 23, 125),
(1, 114, 126),
(1, 11, 126),
(1, 23, 126),
(1, 114, 127),
(1, 115, 127),
(1, 21, 127),
(1, 114, 128),
(1, 11, 128),
(1, 21, 128),
(1, 114, 129),
(1, 115, 129),
(1, 22, 129),
(1, 114, 130),
(1, 11, 130),
(1, 22, 130),
(1, 116, 131),
(1, 11, 131),
(1, 23, 131),
(1, 116, 132),
(1, 11, 132),
(1, 22, 132),
(1, 116, 133),
(1, 11, 133),
(1, 21, 133),
(1, 116, 134),
(1, 14, 134),
(1, 23, 134),
(1, 116, 135),
(1, 14, 135),
(1, 22, 135),
(1, 116, 136),
(1, 14, 136),
(1, 21, 136),
(1, 117, 137),
(1, 118, 137),
(1, 23, 137),
(1, 117, 138),
(1, 53, 115),
(1, 54, 115),
(1, 55, 115),
(1, 118, 138),
(1, 22, 138),
(1, 119, 139),
(1, 120, 139),
(1, 121, 139),
(1, 116, 140),
(1, 12, 140),
(1, 23, 140),
(1, 116, 141),
(1, 63, 119),
(1, 64, 119),
(1, 12, 141),
(1, 22, 141),
(1, 116, 142),
(1, 12, 142),
(1, 21, 142),
(1, 117, 143),
(1, 118, 143),
(1, 21, 143),
(1, 117, 144),
(1, 11, 144),
(1, 23, 144),
(1, 117, 145),
(1, 11, 145),
(1, 21, 145),
(1, 117, 146),
(1, 11, 146),
(1, 22, 146),
(1, 122, 147),
(1, 123, 147),
(1, 124, 147),
(1, 122, 148),
(1, 123, 148),
(1, 23, 148),
(1, 122, 149),
(1, 123, 149),
(1, 21, 149),
(1, 122, 150),
(1, 123, 150),
(1, 22, 150),
(1, 122, 151),
(1, 94, 120),
(1, 95, 120),
(1, 96, 120),
(1, 123, 151),
(1, 26, 151),
(1, 122, 152),
(1, 123, 152),
(1, 125, 152),
(1, 122, 153),
(1, 123, 153),
(1, 126, 153),
(1, 122, 154),
(1, 14, 154),
(1, 23, 154),
(1, 122, 155),
(1, 14, 155),
(1, 21, 155),
(1, 122, 156),
(1, 14, 156),
(1, 22, 156),
(1, 122, 157),
(1, 14, 157),
(1, 26, 157),
(1, 122, 158),
(1, 14, 158),
(1, 125, 158),
(1, 122, 159),
(1, 14, 159),
(1, 126, 159),
(1, 122, 160),
(1, 11, 160),
(1, 23, 160),
(1, 122, 161),
(1, 11, 161),
(1, 21, 161),
(1, 122, 162),
(1, 11, 162),
(1, 22, 162),
(1, 122, 163),
(1, 11, 163),
(1, 26, 163),
(1, 122, 164),
(1, 11, 164),
(1, 125, 164),
(1, 122, 165),
(1, 11, 165),
(1, 126, 165),
(1, 127, 166),
(1, 128, 166),
(1, 23, 166),
(1, 127, 167),
(1, 128, 167),
(1, 23, 167),
(1, 127, 168),
(1, 128, 168),
(1, 129, 168),
(1, 127, 169),
(1, 128, 169),
(1, 30, 169),
(1, 127, 170),
(1, 128, 170),
(1, 26, 170),
(1, 127, 171),
(1, 128, 171),
(1, 125, 171),
(1, 127, 172),
(1, 128, 172),
(1, 126, 172),
(1, 130, 173),
(1, 128, 173),
(1, 23, 173),
(1, 130, 174),
(1, 128, 174),
(1, 129, 174),
(1, 130, 175),
(1, 128, 175),
(1, 131, 175),
(1, 130, 176),
(1, 128, 176),
(1, 26, 176),
(1, 130, 177),
(1, 128, 177),
(1, 125, 177),
(1, 130, 178),
(1, 128, 178),
(1, 126, 178),
(1, 133, 101),
(1, 11, 101),
(1, 23, 101),
(1, 133, 102),
(1, 11, 102),
(1, 124, 102),
(1, 133, 103),
(1, 11, 103),
(1, 26, 103),
(1, 133, 104),
(1, 11, 104),
(1, 22, 104),
(1, 133, 105),
(1, 11, 105),
(1, 30, 105),
(1, 133, 106),
(1, 11, 106),
(1, 27, 106),
(1, 133, 179),
(1, 136, 179),
(1, 22, 179),
(1, 137, 180),
(1, 14, 180),
(1, 23, 180),
(1, 137, 181),
(1, 14, 181),
(1, 22, 181),
(1, 137, 182),
(1, 14, 182),
(1, 139, 182),
(1, 137, 183),
(1, 14, 183),
(1, 140, 183),
(1, 137, 184),
(1, 14, 184),
(1, 125, 184),
(1, 137, 185),
(1, 14, 185),
(1, 126, 185),
(1, 137, 186),
(1, 14, 186),
(1, 26, 186),
(1, 141, 187),
(1, 142, 187),
(1, 143, 187);

-- --------------------------------------------------------

--
-- Table structure for table `productorder`
--

CREATE TABLE IF NOT EXISTS `productorder` (
  `orderid` bigint(20) NOT NULL AUTO_INCREMENT,
  `createdon` timestamp NOT NULL DEFAULT CURRENT_TIMESTAMP,
  `lastmodified` timestamp NOT NULL DEFAULT CURRENT_TIMESTAMP,
  `shippingmode` int(11) DEFAULT NULL,
  `status` int(11) DEFAULT '0',
  `staffid` bigint(20) NOT NULL,
  `storeid` bigint(20) NOT NULL,
  PRIMARY KEY (`orderid`),
  KEY `fk3d5977bf4474009b` (`staffid`),
  KEY `fk3d5977bf453ef05d` (`storeid`)
) ENGINE=InnoDB  DEFAULT CHARSET=latin1 AUTO_INCREMENT=34 ;

--
-- Dumping data for table `productorder`
--

INSERT INTO `productorder` (`orderid`, `createdon`, `lastmodified`, `shippingmode`, `status`, `staffid`, `storeid`) VALUES
(16, '2015-12-24 14:42:54', '2015-12-24 14:42:54', 0, 1, 1, 1),
(17, '2015-12-24 14:44:51', '2015-12-24 14:44:51', 0, 0, 1, 1),
(18, '2015-12-24 14:49:26', '2015-12-24 14:49:26', 0, 0, 1, 2),
(19, '2015-12-24 14:51:22', '2015-12-24 14:51:22', 0, 1, 1, 2),
(20, '2015-12-24 15:04:53', '2015-12-24 15:04:53', 0, 1, 1, 2),
(21, '2015-12-24 15:19:41', '2015-12-24 15:19:41', 0, 2, 1, 3),
(22, '2015-12-24 15:20:52', '2015-12-24 15:20:52', 0, 0, 1, 3),
(23, '2015-12-24 15:29:44', '2015-12-24 15:29:44', 0, 1, 1, 2),
(24, '2015-12-24 15:33:03', '2015-12-24 15:33:03', 0, 2, 1, 3),
(25, '2015-12-29 06:44:58', '2015-12-29 06:44:58', 2, 1, 1, 5),
(26, '2015-12-29 07:06:08', '2015-12-29 07:06:08', 1, 0, 1, 2),
(27, '2015-12-29 07:12:16', '2015-12-29 07:12:16', 1, 2, 1, 3),
(28, '2015-12-29 10:18:27', '2015-12-29 10:18:27', 1, 0, 1, 2),
(29, '2015-12-30 08:34:41', '2015-12-30 08:34:41', 0, 0, 1, 2),
(30, '2015-12-30 08:37:11', '2015-12-30 08:37:11', 1, 0, 1, 3),
(31, '2015-12-30 10:39:09', '2015-12-30 10:39:09', 0, 0, 6930, 3),
(32, '2015-12-30 13:54:04', '2015-12-30 13:54:04', 1, 0, 1, 4),
(33, '2015-12-30 13:55:44', '2015-12-30 13:55:44', 0, 0, 6930, 4);

-- --------------------------------------------------------

--
-- Table structure for table `productpart`
--

CREATE TABLE IF NOT EXISTS `productpart` (
  `productpartid` bigint(20) NOT NULL AUTO_INCREMENT,
  `archived` tinyint(1) NOT NULL,
  `code` varchar(255) NOT NULL,
  `description` varchar(255) DEFAULT NULL,
  `enabled` tinyint(1) NOT NULL,
  `lastmodified` timestamp NULL DEFAULT CURRENT_TIMESTAMP,
  `name` varchar(255) NOT NULL,
  `shippingtypeid` bigint(20) NOT NULL,
  PRIMARY KEY (`productpartid`),
  KEY `fka7f3d62fad7d54b` (`shippingtypeid`)
) ENGINE=InnoDB  DEFAULT CHARSET=latin1 AUTO_INCREMENT=705 ;

--
-- Dumping data for table `productpart`
--

INSERT INTO `productpart` (`productpartid`, `archived`, `code`, `description`, `enabled`, `lastmodified`, `name`, `shippingtypeid`) VALUES
(94, 0, 'P-2704-CN-2DR', 'BLISS 4DR. 2ND DRAWER CHESTNUT', 1, '2012-09-20 18:30:00', 'BLISS 4DR. 2ND DRAWER CHESTNUT', 3),
(95, 0, 'P-2704-CN-3D', 'BLISS 4DR. 3RD DRAWER CHESTNUT', 1, '2015-12-29 11:17:54', 'BLISS 4DR. 3RD DRAWER CHESTNUT', 3),
(96, 0, 'P-2704-CN-BKPL', 'BLISS 4DR. BACK PANNEL CHESTNUT', 0, '2012-09-20 18:30:00', 'BLISS 4DR. BACK PANNEL CHESTNUT', 3),
(97, 0, 'P-2704-CN-BTDR', 'BLISS 4DR. BOTTOM DRAWER CHEST', 0, '2012-09-20 18:30:00', 'BLISS 4DR. BOTTOM DRAWER CHEST', 3),
(98, 0, 'P-2704-CN-TPDSSDSD', 'BLISS 4DR. TOP DRAWER CHESTNUT', 1, '2015-12-29 11:21:55', 'BLISS 4DR. TOP DRAWER CHESTNUT', 3),
(99, 0, 'P-2704-CN-3DRF', 'BLISS 4DR. 2ND DRAWER ESPRESSO', 0, '2015-12-30 05:35:43', 'BLISS 4DR. 2ND DRAWER ESPRESSO', 3),
(100, 0, 'P-2704-ESP-3DR', 'BLISS 4DR. 3RD DRAWER ESPRESSO', 0, '2012-09-20 18:30:00', 'BLISS 4DR. 3RD DRAWER ESPRESSO', 3),
(101, 0, 'P-2704-ESP-BKPL', 'BLISS 4DR. BACK PANNEL ESPRESS', 1, '2012-09-20 18:30:00', 'BLISS 4DR. BACK PANNEL ESPRESS', 3),
(102, 0, 'P-2704-ESP-BTDR', 'BLISS 4DR. BOTTOM DRAWER ESPRESSO', 0, '2012-09-20 18:30:00', 'BLISS 4DR. BOTTOM DRAWER ESPRESSO', 3),
(103, 0, 'P-2704-ESP-TPDR', 'BLISS 4DR. TOP DRAWER ESPRESSO', 1, '2012-09-20 18:30:00', 'BLISS 4DR. TOP DRAWER ESPRESSO', 3),
(104, 0, 'P-2704-WH-2DR', 'BLISS 4DR. 2ND DRAWER WHITE', 1, '2012-09-20 18:30:00', 'BLISS 4DR. 2ND DRAWER WHITE', 3),
(105, 0, 'P-2704-WH-3DR', 'BLISS 4DR. 3RD DRAWER WHITE', 1, '2012-09-20 18:30:00', 'BLISS 4DR. 3RD DRAWER WHITE', 3),
(106, 0, 'P-2704-WH-BKPL', 'BLISS 4DR. BACK PANEL WHITE', 1, '2012-09-20 18:30:00', 'BLISS 4DR. BACK PANEL WHITE', 3),
(107, 0, 'P-2704-WH-BTDR', 'BLISS 4DR. BOTTOM DRAWER WHITE', 1, '2012-09-20 18:30:00', 'BLISS 4DR. BOTTOM DRAWER WHITE', 3),
(108, 0, 'P-2704-WH-TPDR', 'BLISS 4DR. TOP DRAWER WHITE', 1, '2012-09-20 18:30:00', 'BLISS 4DR. TOP DRAWER WHITE', 3),
(109, 0, 'P-2706-CN-BKPL', 'BLISS 6DR. BACK PANEL CHESTNUT', 1, '2012-09-20 18:30:00', 'BLISS 6DR. BACK PANEL CHESTNUT', 3),
(110, 0, 'P-2706-CN-BTDR', 'BLISS 6DR. BOTTOM DRAWER CHESTNUT', 1, '2012-09-20 18:30:00', 'BLISS 6DR. BOTTOM DRAWER CHESTNUT', 3),
(111, 0, 'P-2706-CN-KNB', 'BLISS 6DR. DRAWER KNOB CHESTNUT', 1, '2012-09-20 18:30:00', 'BLISS 6DR. DRAWER KNOB CHESTNUT', 3),
(112, 0, 'P-2706-CN-KNOB', 'BLISS 6DR. DRAWER KNOB CHESTNUT', 1, '2012-09-20 18:30:00', 'BLISS 6DR. DRAWER KNOB CHESTNUT', 3),
(113, 0, 'P-2706-CN-MDDR', 'BLISS 6DR. MID. DRAWER CHESTNUT', 1, '2012-09-20 18:30:00', 'BLISS 6DR. MID. DRAWER CHESTNUT', 3),
(114, 0, 'P-2706-CN-TPDR', 'BLISS TOP DRAWER CHESTNUT', 1, '2012-09-20 18:30:00', 'BLISS TOP DRAWER CHESTNUT', 3),
(115, 0, 'P-2706-ESP-BKPL', 'BLISS BACK PANEL ESPRESSO', 1, '2012-09-20 18:30:00', 'BLISS BACK PANEL ESPRESSO', 3),
(116, 0, 'P-2706-ESP-BTDR', 'BLISS BOTTOM DRAWER ESPRESSO', 1, '2012-09-20 18:30:00', 'BLISS BOTTOM DRAWER ESPRESSO', 3),
(117, 0, 'P-2706-ESP-KNB', 'BLISS DRAWER KNOB ESPRESSO', 1, '2012-09-20 18:30:00', 'BLISS DRAWER KNOB ESPRESSO', 3),
(118, 0, 'P-2706-ESP-MDDR', 'BLISS MIDDLE DRAWER ESPRESSO', 1, '2012-09-20 18:30:00', 'BLISS MIDDLE DRAWER ESPRESSO', 3),
(119, 0, 'P-2706-ESP-TPDR', 'BLISS TOP DRAWER ESPRESSO', 1, '2012-09-20 18:30:00', 'BLISS TOP DRAWER ESPRESSO', 3),
(120, 0, 'P-2706-WH-BKPL', 'BLISS 6DR. BACK PANEL WHITE', 1, '2012-09-20 18:30:00', 'BLISS 6DR. BACK PANEL WHITE', 3),
(121, 0, 'P-2706-WH-BTDR', 'BLISS BOTTOM DRAWER WHITE', 1, '2012-09-20 18:30:00', 'BLISS BOTTOM DRAWER WHITE', 3),
(122, 0, 'P-2706-WH-KNB', 'BLISS DRAWER KNOB WHITE', 1, '2012-09-20 18:30:00', 'BLISS DRAWER KNOB WHITE', 3),
(123, 0, 'P-2706-WH-MDDR', 'BLISS MIDDLE DRAWER WHITE', 1, '2012-09-20 18:30:00', 'BLISS MIDDLE DRAWER WHITE', 3),
(124, 0, 'P-2706-WH-TPDR', 'BLISS TOP DRAWER WHITE', 1, '2012-09-20 18:30:00', 'BLISS TOP DRAWER WHITE', 3),
(125, 0, 'P-2711-CN-FB', 'BLISS FLAT TOP CRIB FOOTBOARD', 1, '2012-09-20 18:30:00', 'BLISS FLAT TOP CRIB FOOTBOARD', 3),
(126, 0, 'P-2711-CN-HD', 'BLISS FLAT TOP CRIB HEADBOARD', 1, '2012-09-20 18:30:00', 'BLISS FLAT TOP CRIB HEADBOARD', 3),
(127, 0, 'P-2711-CN-LS', 'BLISS FLAT TOP CRIB LEFT SIDE', 1, '2012-09-20 18:30:00', 'BLISS FLAT TOP CRIB LEFT SIDE', 3),
(128, 0, 'P-2711-CN-RS', 'BLISS FLAT TOP CRIB RIGHT SIDE', 1, '2012-09-20 18:30:00', 'BLISS FLAT TOP CRIB RIGHT SIDE', 3),
(129, 0, 'P-2711-CN-SB', 'BLISS FLAT TOP CRIB STAB. BAR', 0, '2012-09-20 18:30:00', 'BLISS FLAT TOP CRIB STAB. BAR', 3),
(130, 0, 'P-2711-ESP-FB', 'BLISS FLAT TOP FOOTBOARD ESPRESSO', 1, '2012-09-20 18:30:00', 'BLISS FLAT TOP FOOTBOARD ESPRESSO', 3),
(131, 0, 'P-2711-ESP-HD', 'BLISS FLAT TOP CRIB HEADBOARD ESPRESSO', 1, '2012-09-20 18:30:00', 'BLISS FLAT TOP CRIB HEADBOARD ESPRESSO', 3),
(132, 0, 'P-2711-ESP-LS', 'BLISS FLAT TOP LEFT SIDE ESPRESSO', 1, '2012-09-20 18:30:00', 'BLISS FLAT TOP LEFT SIDE ESPRESSO', 3),
(133, 0, 'P-2711-ESP-RS', 'BLISS FLAT TOP RIGHT SIDE ESPRESSO', 1, '2012-09-20 18:30:00', 'BLISS FLAT TOP RIGHT SIDE ESPRESSO', 3),
(134, 0, 'P-2711-ESP-SB', 'BLISS FLAT TOP STAB. BAR ESPRESSO', 1, '2012-09-20 18:30:00', 'BLISS FLAT TOP STAB. BAR ESPRESSO', 3),
(135, 0, 'P-2711-HDWRE', 'BLISS FLAT CRIB HARDAWARE PACK', 1, '2012-09-20 18:30:00', 'BLISS FLAT CRIB HARDAWARE PACK', 3),
(136, 0, 'P-2711-WDBASE', 'BLISS WOODEN BASE PLATFORM', 1, '2012-09-20 18:30:00', 'BLISS WOODEN BASE PLATFORM', 3),
(137, 0, 'P-2711-WH-FB', 'BLISS FLAT TOP CRIB FOOTBOARD', 1, '2012-09-20 18:30:00', 'BLISS FLAT TOP CRIB FOOTBOARD', 3),
(138, 0, 'P-2711-WH-HD', 'BLISS FLAT TOP CRIB HEADBOARD', 1, '2012-09-20 18:30:00', 'BLISS FLAT TOP CRIB HEADBOARD', 3),
(139, 0, 'P-2711-WH-LS', 'BLISS FALT TOP CRIB LEFT SIDE', 1, '2012-09-20 18:30:00', 'BLISS FALT TOP CRIB LEFT SIDE', 3),
(140, 0, 'P-2711-WH-RS', 'BLISS FLAT TOP CRIB RIGHT SIDE', 1, '2012-09-20 18:30:00', 'BLISS FLAT TOP CRIB RIGHT SIDE', 3),
(141, 0, 'P-2711-WH-SB', 'BLISS FLAT TOP CRIB STAB. BAR', 0, '2012-09-20 18:30:00', 'BLISS FLAT TOP CRIB STAB. BAR', 3),
(142, 0, 'P-2712-CN-FB', 'BLISS CURVED TOP CRIB FOOTBOAR', 1, '2012-09-20 18:30:00', 'BLISS CURVED TOP CRIB FOOTBOAR', 3),
(143, 0, 'P-2712-CN-HD', 'BLISS CURVED TOP CRIB HEADBOAR', 1, '2012-09-20 18:30:00', 'BLISS CURVED TOP CRIB HEADBOAR', 3),
(144, 0, 'P-2712-CN-LS', 'BLISS CURVED TOP CRIB LEFT SIDE', 1, '2012-09-20 18:30:00', 'BLISS CURVED TOP CRIB LEFT SIDE', 3),
(145, 0, 'P-2712-CN-RS', 'BLISS CURVED TOP CRIB RIGHT SIDE', 1, '2012-09-20 18:30:00', 'BLISS CURVED TOP CRIB RIGHT SIDE', 3),
(146, 0, 'P-2712-CN-SB', 'BLISS CURVED TOP CRIB STAB. BAR', 1, '2012-09-20 18:30:00', 'BLISS CURVED TOP CRIB STAB. BAR', 3),
(147, 0, 'P-2712-CN-TCUP', 'BLISS CHESTNUT TOUCH UP PAINT', 1, '2012-09-20 18:30:00', 'BLISS CHESTNUT TOUCH UP PAINT', 3),
(148, 0, 'P-2712-ESP-FB', 'BLISS CURVED TOP CRIB FOOTBOARD ESPRESSO', 1, '2012-09-20 18:30:00', 'BLISS CURVED TOP CRIB FOOTBOARD ESPRESSO', 3),
(149, 0, 'P-2712-ESP-HD', 'BLISS CURVED TOP CRIB HEADBOAR', 1, '2012-09-20 18:30:00', 'BLISS CURVED TOP CRIB HEADBOAR', 3),
(150, 0, 'P-2712-ESP-LS', 'BLISS CURVED TOP CRIB LEFT SIDE', 1, '2012-09-20 18:30:00', 'BLISS CURVED TOP CRIB LEFT SIDE', 3),
(151, 0, 'P-2712-ESP-RS', 'BLISS CURVED TOP CRIB RIGHT SIDE', 1, '2012-09-20 18:30:00', 'BLISS CURVED TOP CRIB RIGHT SIDE', 3),
(152, 0, 'P-2712-ESP-SB', 'BLISS CURVED TOP CRIB STAB. BAR', 1, '2012-09-20 18:30:00', 'BLISS CURVED TOP CRIB STAB. BAR', 3),
(153, 0, 'P-2712-ESP-TCUP', 'BLISS TOUCUP PAINT ESPRESSO', 1, '2012-09-20 18:30:00', 'BLISS TOUCUP PAINT ESPRESSO', 3),
(154, 0, 'P-2712-HDWRE', 'BLISS CURVED CRIB HARDWARE PACK', 1, '2012-09-20 18:30:00', 'BLISS CURVED CRIB HARDWARE PACK', 3),
(155, 0, 'P-2712-WH-FB', 'BLISS CURVED TOP CRIB FOOTBOARD WHITE', 1, '2012-09-20 18:30:00', 'BLISS CURVED TOP CRIB FOOTBOARD WHITE', 3),
(156, 0, 'P-2712-WH-HD', 'BLISS CURVED TOP CRIB HEADBOARD WHITE', 1, '2012-09-20 18:30:00', 'BLISS CURVED TOP CRIB HEADBOARD WHITE', 3),
(157, 0, 'P-2712-WH-LS', 'BLISS CURVED TOP CRIB LEFT SIDE', 1, '2012-09-20 18:30:00', 'BLISS CURVED TOP CRIB LEFT SIDE', 3),
(158, 0, 'P-2712-WH-RS', 'BLISS CURVED TOP CRIB RIGHT SIDE', 1, '2012-09-20 18:30:00', 'BLISS CURVED TOP CRIB RIGHT SIDE', 3),
(159, 0, 'P-2712-WH-SB', 'BLISS CURVED TOP CRIB STAB. BAR', 1, '2012-09-20 18:30:00', 'BLISS CURVED TOP CRIB STAB. BAR', 3),
(160, 0, 'P-2712-WH-TCUP', 'BLISS WHITE TOUCH UP PAINT', 1, '2012-09-20 18:30:00', 'BLISS WHITE TOUCH UP PAINT', 3),
(161, 0, 'P-2713-CN-FB', 'BLISS SLEIGH CRIB FOOTBOARD CHESTNUT', 1, '2012-09-20 18:30:00', 'BLISS SLEIGH CRIB FOOTBOARD CHESTNUT', 3),
(162, 0, 'P-2713-CN-HD', 'BLISS SLEIGH CRIB HEADBOARD CHESTNUT', 1, '2012-09-20 18:30:00', 'BLISS SLEIGH CRIB HEADBOARD CHESTNUT', 3),
(163, 0, 'P-2713-CN-LS', 'BLISS SLEIGH CRIB LEFT SIDE CHESTNUT', 1, '2012-09-20 18:30:00', 'BLISS SLEIGH CRIB LEFT SIDE CHESTNUT', 3),
(164, 0, 'P-2713-CN-RS', 'BLISS SLEIGH CRIB RIGHT SIDE CHESTNUT', 1, '2012-09-20 18:30:00', 'BLISS SLEIGH CRIB RIGHT SIDE CHESTNUT', 3),
(165, 0, 'P-2713-CN-STAB', 'BLISS SLEIGH CRIB STAB. BAR CHESTNUT', 1, '2012-09-20 18:30:00', 'BLISS SLEIGH CRIB STAB. BAR CHESTNUT', 3),
(166, 0, 'P-2713-ESP-FB', 'BLISS SLEIGH CRIB FOOTBOARD ESPRESSO', 1, '2012-09-20 18:30:00', 'BLISS SLEIGH CRIB FOOTBOARD ESPRESSO', 3),
(167, 0, 'P-2713-ESP-HD', 'BLISS SLEIGH CRIB HEADBOARD ESPRESSO', 1, '2012-09-20 18:30:00', 'BLISS SLEIGH CRIB HEADBOARD ESPRESSO', 3),
(168, 0, 'P-2713-ESP-LS', 'BLISS SLEIGH CRIB LEFT SIDE ESPRESSO', 1, '2012-09-20 18:30:00', 'BLISS SLEIGH CRIB LEFT SIDE ESPRESSO', 3),
(169, 0, 'P-2713-ESP-RS', 'BLISS SLEIGH CRIB RIGHT SIDE ESPRESSO', 1, '2012-09-20 18:30:00', 'BLISS SLEIGH CRIB RIGHT SIDE ESPRESSO', 3),
(170, 0, 'P-2713-ESP-STAB', 'BLISS SLEIGH CRIB STAB. BAR ESPRESSO', 1, '2012-09-20 18:30:00', 'BLISS SLEIGH CRIB STAB. BAR ESPRESSO', 3),
(171, 0, 'P-2713-HDWRE', 'BLISS SLEIGH CRIB HARDWARE PACK', 1, '2012-09-20 18:30:00', 'BLISS SLEIGH CRIB HARDWARE PACK', 3),
(172, 0, 'P-2713-WH-FB', 'BLISS SLEIGH CRIB FOOTBOARD WHITE', 1, '2012-09-20 18:30:00', 'BLISS SLEIGH CRIB FOOTBOARD WHITE', 3),
(173, 0, 'P-2713-WH-HD', 'BLISS SLEIGH CRIB HEADBOARD WHITE', 1, '2012-09-20 18:30:00', 'BLISS SLEIGH CRIB HEADBOARD WHITE', 3),
(174, 0, 'P-2713-WH-LS', 'BLISS SLEIGH CRIB LEFT SIDE WHITE', 1, '2012-09-20 18:30:00', 'BLISS SLEIGH CRIB LEFT SIDE WHITE', 3),
(175, 0, 'P-2713-WH-RS', 'BLISS SLEIGH CRIB RIGHT SIDE WHIE', 1, '2012-09-20 18:30:00', 'BLISS SLEIGH CRIB RIGHT SIDE WHIE', 3),
(176, 0, 'P-2713-WH-STAB', 'BLISS SLEIGH CRIB STAB. BAR WHITE', 1, '2012-09-20 18:30:00', 'BLISS SLEIGH CRIB STAB. BAR WHITE', 3),
(177, 0, 'P-3900-ALL-HDWE', 'CHANTAL CRIB HARDWARE', 1, '2012-09-20 18:30:00', 'CHANTAL CRIB HARDWARE', 3),
(178, 0, 'P-3900-ALL-SPRI', 'CHANTAL MATTRESS SPRING', 1, '2012-09-20 18:30:00', 'CHANTAL MATTRESS SPRING', 3),
(179, 0, 'P-3900-LN-FTBD', 'CHANTAL CRIB FOOTBOARD LINEN WHITE', 1, '2012-09-20 18:30:00', 'CHANTAL CRIB FOOTBOARD LINEN WHITE', 3),
(180, 0, 'P-3900-LN-HDBD', 'CHANTAL CRIB HEADBOARD LINEN WHITE', 1, '2012-09-20 18:30:00', 'CHANTAL CRIB HEADBOARD LINEN WHITE', 3),
(181, 0, 'P-3900-LN-LTSD', 'CHANTAL CRIB LEFT SIDE LINEN WHITE', 1, '2012-09-20 18:30:00', 'CHANTAL CRIB LEFT SIDE LINEN WHITE', 3),
(182, 0, 'P-3900-LN-RTSD', 'CHANTAL CRIB RIGHT SIDE LINEN WHITE', 1, '2012-09-20 18:30:00', 'CHANTAL CRIB RIGHT SIDE LINEN WHITE', 3),
(183, 0, 'P-3900-LN-STAB', 'CHANTAL CRIB STAB. BAR LINEN WHITE', 1, '2012-09-20 18:30:00', 'CHANTAL CRIB STAB. BAR LINEN WHITE', 3),
(184, 0, 'P-3905-ALL-BKPL', 'CHANTAL 5DR. BACK PANEL', 1, '2012-09-20 18:30:00', 'CHANTAL 5DR. BACK PANEL', 3),
(185, 0, 'P-3905-LN-2NDR', 'CHANTAL 5DR. 2ND DRW. LINEN', 1, '2012-09-20 18:30:00', 'CHANTAL 5DR. 2ND DRW. LINEN', 3),
(186, 0, 'P-3905-LN-3RDR', 'CHANTAL 5DR. 3RD DRW. LINEN', 1, '2012-09-20 18:30:00', 'CHANTAL 5DR. 3RD DRW. LINEN', 3),
(187, 0, 'P-3905-LN-4TDR', 'CHANTAL 5DR. 4TH DRW. LINEN', 1, '2012-09-20 18:30:00', 'CHANTAL 5DR. 4TH DRW. LINEN', 3),
(188, 0, 'P-3905-LN-BTDR', 'CHANTAL 5DR. BOTT. DRW. LINEN', 1, '2012-09-20 18:30:00', 'CHANTAL 5DR. BOTT. DRW. LINEN', 3),
(189, 0, 'P-3905-LN-TPDR', 'CHANTAL 5DR. TOP DRW. LINEN', 1, '2012-09-20 18:30:00', 'CHANTAL 5DR. TOP DRW. LINEN', 3),
(190, 0, 'P-3906-ALL-BKPL', 'CHANTAL 6DR. BACK PANEL', 1, '2012-09-20 18:30:00', 'CHANTAL 6DR. BACK PANEL', 3),
(191, 0, 'P-3906-LN-BLDR', 'CHANTAL 6DR. BOTT. LEFT DRW. LINEN', 1, '2012-09-20 18:30:00', 'CHANTAL 6DR. BOTT. LEFT DRW. LINEN', 3),
(192, 0, 'P-3906-LN-BRDR', 'CHANTAL 6DR. BOTT. RIGHT DRW. LINEN', 1, '2012-09-20 18:30:00', 'CHANTAL 6DR. BOTT. RIGHT DRW. LINEN', 3),
(193, 0, 'P-3906-LN-MLDR', 'CHANTAL 6DR. MID. LEFT DRW. LINEN', 1, '2012-09-20 18:30:00', 'CHANTAL 6DR. MID. LEFT DRW. LINEN', 3),
(194, 0, 'P-3906-LN-MRDR', 'CHANTAL 6DR.  MID. RIGHT DRW. LINEN', 1, '2012-09-20 18:30:00', 'CHANTAL 6DR.  MID. RIGHT DRW. LINEN', 3),
(195, 0, 'P-3906-LN-TLDR', 'CHANTAL 6DR. TOP LEFT DRW. LINEN', 1, '2012-09-20 18:30:00', 'CHANTAL 6DR. TOP LEFT DRW. LINEN', 3),
(196, 0, 'P-3906-LN-TRDR', 'CHANTAL 6DR.  TOP RIGHT DRW. LINEN', 1, '2012-09-20 18:30:00', 'CHANTAL 6DR.  TOP RIGHT DRW. LINEN', 3),
(197, 0, 'P-3980-LN-TCUP', 'CHANTAL LINEN WHITE TOUCH UP PAINT', 1, '2012-09-20 18:30:00', 'CHANTAL LINEN WHITE TOUCH UP PAINT', 3),
(198, 0, 'P-3983-ALL-KNOB', 'CHANTAL DRAWER CRYSTAL KNOB', 1, '2012-09-20 18:30:00', 'CHANTAL DRAWER CRYSTAL KNOB', 3),
(199, 0, 'P-35-CH-FT', 'HERITAGE CHERRY FEET', 1, '2012-09-20 18:30:00', 'HERITAGE CHERRY FEET', 3),
(200, 0, 'P-35-WH-FT', 'HERITAGE WHITE FEET', 1, '2012-09-20 18:30:00', 'HERITAGE WHITE FEET', 3),
(201, 0, 'P-3500-CH-FB', 'HERITAGE CRIB FOOTBOARD CHERRY', 1, '2012-09-20 18:30:00', 'HERITAGE CRIB FOOTBOARD CHERRY', 3),
(202, 0, 'P-3500-CH-FT', 'HERITAGE CRIB CHERRY FEET', 1, '2012-09-20 18:30:00', 'HERITAGE CRIB CHERRY FEET', 3),
(203, 0, 'P-3500-CH-HB', 'HERITAGE CRIB HEADBOARD CHERRY', 1, '2012-09-20 18:30:00', 'HERITAGE CRIB HEADBOARD CHERRY', 3),
(204, 0, 'P-3500-CH-HBHM', 'HERITAGE HEADBOARD (HM) CHERRY', 1, '2012-09-20 18:30:00', 'HERITAGE HEADBOARD (HM) CHERRY', 3),
(205, 0, 'P-3500-CH-LS', 'HERITAGE CRIB LEFT SIDE CHERRY', 1, '2012-09-20 18:30:00', 'HERITAGE CRIB LEFT SIDE CHERRY', 3),
(206, 0, 'P-3500-CH-LSHM', 'HERITAGE LEFT SIDE (HM) CHERRY', 1, '2012-09-20 18:30:00', 'HERITAGE LEFT SIDE (HM) CHERRY', 3),
(207, 0, 'P-3500-CH-RS', 'HERITAGE CRIB RIGHT SIDE CHERRY', 1, '2012-09-20 18:30:00', 'HERITAGE CRIB RIGHT SIDE CHERRY', 3),
(208, 0, 'P-3500-CH-RSHM', 'HERITAGE RIGHT SIDE (HM) CHERRY', 1, '2012-09-20 18:30:00', 'HERITAGE RIGHT SIDE (HM) CHERRY', 3),
(209, 0, 'P-3500-CH-SBHM', 'HERITAGE STAB.BAR (HM) CHERRY', 1, '2012-09-20 18:30:00', 'HERITAGE STAB.BAR (HM) CHERRY', 3),
(210, 0, 'P-3500-CH-STAB', 'HERITAGE CRIB STABILIZER BAR CHERRY', 1, '2012-09-20 18:30:00', 'HERITAGE CRIB STABILIZER BAR CHERRY', 3),
(211, 0, 'P-3500-CH-TCHUP', 'HERITAGE CHEERY TOUCH UP PAINT', 1, '2012-09-20 18:30:00', 'HERITAGE CHEERY TOUCH UP PAINT', 3),
(212, 0, 'P-3500-ESP-FB', 'HERITAGE CRIB FT. BOARD ESPRESSO', 1, '2012-09-20 18:30:00', 'HERITAGE CRIB FT. BOARD ESPRESSO', 3),
(213, 0, 'P-3500-ESP-HB', 'HERITAGE HD BOARD ESPRESSO', 1, '2012-09-20 18:30:00', 'HERITAGE HD BOARD ESPRESSO', 3),
(214, 0, 'P-3500-ESP-LS', 'HERITGAE LEFT SIDE ESPRESSO', 1, '2012-09-20 18:30:00', 'HERITGAE LEFT SIDE ESPRESSO', 3),
(215, 0, 'P-3500-ESP-RS', 'HERITAGE RIGHT SIDE ESPRESSO', 1, '2012-09-20 18:30:00', 'HERITAGE RIGHT SIDE ESPRESSO', 3),
(216, 0, 'P-3500-ESP-STAB', 'HERITAGE STAB. BAR ESPRESSO', 1, '2012-09-20 18:30:00', 'HERITAGE STAB. BAR ESPRESSO', 3),
(217, 0, 'P-3500-ESP-TU', 'HERITAGE ESPRESSO TOUCH UP PAINT', 1, '2012-09-20 18:30:00', 'HERITAGE ESPRESSO TOUCH UP PAINT', 3),
(218, 0, 'P-3500-HDWARE', 'HERITAGE CRIB HARDWARE PACKET', 1, '2012-09-20 18:30:00', 'HERITAGE CRIB HARDWARE PACKET', 3),
(219, 0, 'P-3500-SPRING', 'HERITAGE METAL SPRING', 1, '2012-09-20 18:30:00', 'HERITAGE METAL SPRING', 3),
(220, 0, 'P-3500-WDBASE', 'HERITAGE WOODEN BASE PLATFORM', 1, '2012-09-20 18:30:00', 'HERITAGE WOODEN BASE PLATFORM', 3),
(221, 0, 'P-3500-WH-FB', 'HERITAGE CRIB FOOTBOARD WHITE', 1, '2012-09-20 18:30:00', 'HERITAGE CRIB FOOTBOARD WHITE', 3),
(222, 0, 'P-3500-WH-HB', 'HERITAGE CRIB HEADBOARD WHITE', 1, '2012-09-20 18:30:00', 'HERITAGE CRIB HEADBOARD WHITE', 3),
(223, 0, 'P-3500-WH-HDWE', 'HERITAGE HARDWARAE WHITE', 1, '2012-09-20 18:30:00', 'HERITAGE HARDWARAE WHITE', 3),
(224, 0, 'P-3500-WH-LS', 'HERITAGE CRIB LEFT SIDE WHITE', 1, '2012-09-20 18:30:00', 'HERITAGE CRIB LEFT SIDE WHITE', 3),
(225, 0, 'P-3500-WH-RS', 'HERITAGE CRIB RIGHT SIDE WHITE', 1, '2012-09-20 18:30:00', 'HERITAGE CRIB RIGHT SIDE WHITE', 3),
(226, 0, 'P-3500-WH-SB', 'HERITAGE CRIB STABILIZER BAR', 1, '2012-09-20 18:30:00', 'HERITAGE CRIB STABILIZER BAR', 3),
(227, 0, 'P-3500-WH-TCHUP', 'HERITAGE WHITE TOUCH UP PAINT', 1, '2013-05-13 08:37:27', 'HERITAGE WHITE TOUCH UP PAINT', 3),
(228, 0, 'P-3504-BKPL', 'HERITAGE 4DR. BACK PANEL', 1, '2012-09-20 18:30:00', 'HERITAGE 4DR. BACK PANEL', 3),
(229, 0, 'P-3504-CH-2DR', 'HERITAGE 4DR. 2ND DRAWER CHERRY', 1, '2012-09-20 18:30:00', 'HERITAGE 4DR. 2ND DRAWER CHERRY', 3),
(230, 0, 'P-3504-CH-3DR', 'HERITAGE 4DR. 3RD DRAWER CHERRY', 1, '2012-09-20 18:30:00', 'HERITAGE 4DR. 3RD DRAWER CHERRY', 3),
(231, 0, 'P-3504-CH-BTDR', 'HERITAGE 4DR. BOTT. DRAWER CHERRY', 1, '2012-09-20 18:30:00', 'HERITAGE 4DR. BOTT. DRAWER CHERRY', 3),
(232, 0, 'P-3504-CH-TPDR', 'HERITAGE 4DR. TOP DRW CHERRY', 1, '2012-09-20 18:30:00', 'HERITAGE 4DR. TOP DRW CHERRY', 3),
(233, 0, 'P-3504-ESP-2NDR', 'HERITAGE 4DR. 2ND DRW. ESPRESSO', 1, '2012-09-20 18:30:00', 'HERITAGE 4DR. 2ND DRW. ESPRESSO', 3),
(234, 0, 'P-3504-ESP-3RDR', 'HERITAGE 4DR. 3RD DRW. ESPRESSO', 1, '2012-09-20 18:30:00', 'HERITAGE 4DR. 3RD DRW. ESPRESSO', 3),
(235, 0, 'P-3504-ESP-BTDR', 'HERITAGE 4DR. BOTT. DRW. ESPRESSO', 1, '2012-09-20 18:30:00', 'HERITAGE 4DR. BOTT. DRW. ESPRESSO', 3),
(236, 0, 'P-3504-ESP-TPDR', 'HERITAGE 4DR. TOP DRW. ESPRESSO', 1, '2012-09-20 18:30:00', 'HERITAGE 4DR. TOP DRW. ESPRESSO', 3),
(237, 0, 'P-3504-WH-2NDR', 'HERITAGE 4DR. 2ND DRW. WHITE', 1, '2012-09-20 18:30:00', 'HERITAGE 4DR. 2ND DRW. WHITE', 3),
(238, 0, 'P-3504-WH-3RDR', 'HERITAGE 4DR. 3RD DRW. WHITE', 1, '2012-09-20 18:30:00', 'HERITAGE 4DR. 3RD DRW. WHITE', 3),
(239, 0, 'P-3504-WH-BTDR', 'HERITAGE 4DR. BOTT. DRW. WHITE', 1, '2012-09-20 18:30:00', 'HERITAGE 4DR. BOTT. DRW. WHITE', 3),
(240, 0, 'P-3504-WH-TPDR', 'HERITAGE 4DR. TOP DRW. WHITE', 1, '2012-09-20 18:30:00', 'HERITAGE 4DR. TOP DRW. WHITE', 3),
(241, 0, 'P-3506-BKPL', 'HERITAGE 6DR. BACK PANEL', 1, '2012-09-20 18:30:00', 'HERITAGE 6DR. BACK PANEL', 3),
(242, 0, 'P-3506-CH-BLDR', 'HERITAGE 6DR. BOTT. LEFT DRW. CHERRY', 1, '2012-09-20 18:30:00', 'HERITAGE 6DR. BOTT. LEFT DRW. CHERRY', 3),
(243, 0, 'P-3506-CH-BRDR', 'HERITAGE 6DR. BOTT. RIGHT DRW. CHERRY', 1, '2012-09-20 18:30:00', 'HERITAGE 6DR. BOTT. RIGHT DRW. CHERRY', 3),
(244, 0, 'P-3506-CH-KNOB', 'HERITAGE KNOB CHERRY', 1, '2012-09-20 18:30:00', 'HERITAGE KNOB CHERRY', 3),
(245, 0, 'P-3506-CH-MLDR', 'HERITAGE 6DR. MID. LEFT DRW. CHERRY', 1, '2012-09-20 18:30:00', 'HERITAGE 6DR. MID. LEFT DRW. CHERRY', 3),
(246, 0, 'P-3506-CH-MRDR', 'HERITAGE 6DR. MID RIGHT DRW CHERRY', 1, '2012-09-20 18:30:00', 'HERITAGE 6DR. MID RIGHT DRW CHERRY', 3),
(247, 0, 'P-3506-CH-TLDR', 'HERITAGE 6DR. TOP LEFT DRW. CHERRY', 1, '2012-09-20 18:30:00', 'HERITAGE 6DR. TOP LEFT DRW. CHERRY', 3),
(248, 0, 'P-3506-CH-TRDR', 'HERITAGE 6DR. TOP RIGHT DRW. CHERRY', 1, '2012-09-20 18:30:00', 'HERITAGE 6DR. TOP RIGHT DRW. CHERRY', 3),
(249, 0, 'P-3506-ESP-BLDR', 'HERITAGE 6DR. BOTT. LEFT DRW. ESPRESSO', 1, '2012-09-20 18:30:00', 'HERITAGE 6DR. BOTT. LEFT DRW. ESPRESSO', 3),
(250, 0, 'P-3506-ESP-BRDR', 'HERITAGE 6DR. BOTT. RIGHT DRW. ESPRESSO', 1, '2012-09-20 18:30:00', 'HERITAGE 6DR. BOTT. RIGHT DRW. ESPRESSO', 3),
(251, 0, 'P-3506-ESP-KNOB', 'HERITAGE ESPRESSO KNOB ESPRESSO', 1, '2012-09-20 18:30:00', 'HERITAGE ESPRESSO KNOB ESPRESSO', 3),
(252, 0, 'P-3506-ESP-MLDR', 'HERITAGE 6DR. MID. LEFT DRW. ESPRESSO', 1, '2012-09-20 18:30:00', 'HERITAGE 6DR. MID. LEFT DRW. ESPRESSO', 3),
(253, 0, 'P-3506-ESP-MRDR', 'HERITAGE 6DR. MID. RIGHT DRW. ESPRESSO', 1, '2012-09-20 18:30:00', 'HERITAGE 6DR. MID. RIGHT DRW. ESPRESSO', 3),
(254, 0, 'P-3506-ESP-TLDR', 'HERITAGE 6DR. TOP LEFT DRW. ESPRESSO', 1, '2012-09-20 18:30:00', 'HERITAGE 6DR. TOP LEFT DRW. ESPRESSO', 3),
(255, 0, 'P-3506-ESP-TRDR', 'HERITAGE 6DR. TOP RIGHT DRW. ESPRESSO', 1, '2012-09-20 18:30:00', 'HERITAGE 6DR. TOP RIGHT DRW. ESPRESSO', 3),
(256, 0, 'P-3506-WH-BLDR', 'HERITAGE 6DR. BOTT. LEFT DRW. WHITE', 1, '2012-09-20 18:30:00', 'HERITAGE 6DR. BOTT. LEFT DRW. WHITE', 3),
(257, 0, 'P-3506-WH-BRDR', 'HERITAGE 6DR. BOTT. RIGHT DRW. WHITE', 1, '2012-09-20 18:30:00', 'HERITAGE 6DR. BOTT. RIGHT DRW. WHITE', 3),
(258, 0, 'P-3506-WH-KNOB', 'HERITAGE KNOWB WHITE', 1, '2012-09-20 18:30:00', 'HERITAGE KNOWB WHITE', 3),
(259, 0, 'P-3506-WH-MLDR', 'HERITAGE 6DR. MID. LEFT DRW. WHITE', 1, '2012-09-20 18:30:00', 'HERITAGE 6DR. MID. LEFT DRW. WHITE', 3),
(260, 0, 'P-3506-WH-MRDR', 'HERITAGE 6DR. MID. RIGHT DRW. WHITE', 1, '2012-09-20 18:30:00', 'HERITAGE 6DR. MID. RIGHT DRW. WHITE', 3),
(261, 0, 'P-3506-WH-TLDR', 'HERITAGE 6DR. TOP LEFT DRW. WHITE', 1, '2012-09-20 18:30:00', 'HERITAGE 6DR. TOP LEFT DRW. WHITE', 3),
(262, 0, 'P-3506-WH-TRDR', 'HERITAGE 6DR. TOP RIGHT DRW. WHITE', 1, '2012-09-20 18:30:00', 'HERITAGE 6DR. TOP RIGHT DRW. WHITE', 3),
(263, 0, 'P-3508-BKPL', 'HERITAGE COMBO BACK PANEL', 0, '2012-09-20 18:30:00', 'HERITAGE COMBO BACK PANEL', 3),
(264, 0, 'P-3508-CH-BTDR', 'HERITAGE COMBO BOTT. DRW. CHERRY', 1, '2012-09-20 18:30:00', 'HERITAGE COMBO BOTT. DRW. CHERRY', 3),
(265, 0, 'P-3508-CH-DOOR', 'HERITAGE COMBO DOOR CHERRY', 1, '2012-09-20 18:30:00', 'HERITAGE COMBO DOOR CHERRY', 3),
(266, 0, 'P-3508-CH-KNOB', 'HERITAGE CHERRY KNOB', 1, '2012-09-20 18:30:00', 'HERITAGE CHERRY KNOB', 3),
(267, 0, 'P-3508-CH-MDDR', 'HERITAGE COMBO MID.DRAWER CHERRY', 1, '2012-09-20 18:30:00', 'HERITAGE COMBO MID.DRAWER CHERRY', 3),
(268, 0, 'P-3508-CH-SHLF', 'HERITAGE COMBO SHELF CHERRY', 1, '2012-09-20 18:30:00', 'HERITAGE COMBO SHELF CHERRY', 3),
(269, 0, 'P-3508-CH-TPDR', 'HERITAGE COMBO TOP DRW. CHERRY', 1, '2012-09-20 18:30:00', 'HERITAGE COMBO TOP DRW. CHERRY', 3),
(270, 0, 'P-3508-WH-BTDR', 'HERITAGE COMBO BOTT. DRW. WHITE', 1, '2012-09-20 18:30:00', 'HERITAGE COMBO BOTT. DRW. WHITE', 3),
(271, 0, 'P-3508-WH-DOOR', 'HERITAGE COMBO DOOR WHITE', 1, '2012-09-20 18:30:00', 'HERITAGE COMBO DOOR WHITE', 3),
(272, 0, 'P-3508-WH-KNOB', 'HERITAGE WHITE KNOB', 1, '2012-09-20 18:30:00', 'HERITAGE WHITE KNOB', 3),
(273, 0, 'P-3508-WH-MDDR', 'HERITAGE COMBO MID. DRW. WHITE', 1, '2012-09-20 18:30:00', 'HERITAGE COMBO MID. DRW. WHITE', 3),
(274, 0, 'P-3508-WH-SHLF', 'HERITAGE COMBO SHELF WHITE', 1, '2012-09-20 18:30:00', 'HERITAGE COMBO SHELF WHITE', 3),
(275, 0, 'P-3508-WH-TPDR', 'HERITAGE COMBO TOP DRW. WHITE', 1, '2012-09-20 18:30:00', 'HERITAGE COMBO TOP DRW. WHITE', 3),
(276, 0, 'P-KEN00-ALL-HW', 'KENSINGTON CRIB HARDWARE', 1, '2012-09-20 18:30:00', 'KENSINGTON CRIB HARDWARE', 3),
(277, 0, 'P-KEN00-ALL-SP', 'KENSINGTON CRIB MATTRESS SPRING', 1, '2012-09-20 18:30:00', 'KENSINGTON CRIB MATTRESS SPRING', 3),
(278, 0, 'P-KEN00-JAV-FB', 'KENSINGTON CRIB FOOTBOARD JAVA', 1, '2012-09-20 18:30:00', 'KENSINGTON CRIB FOOTBOARD JAVA', 3),
(279, 0, 'P-KEN00-JAV-HB', 'KENSINGTON CRIB HEADBOARD JAVA', 1, '2012-09-20 18:30:00', 'KENSINGTON CRIB HEADBOARD JAVA', 3),
(280, 0, 'P-KEN00-JAV-LS', 'KENSINGTON CRIB LEFT SIDE JAVA', 1, '2012-09-20 18:30:00', 'KENSINGTON CRIB LEFT SIDE JAVA', 3),
(281, 0, 'P-KEN00-JAV-RS', 'KENSINGTON CRIB RIGHT SIDE JAVA', 1, '2012-09-20 18:30:00', 'KENSINGTON CRIB RIGHT SIDE JAVA', 3),
(282, 0, 'P-KEN00-JAV-SB', 'KENSINGTON CRIB STAB. BAR JAVA', 1, '2012-09-20 18:30:00', 'KENSINGTON CRIB STAB. BAR JAVA', 3),
(283, 0, 'P-KEN00-NAT-FB', 'KENSINGTON CRIB FOOTBOARD NATURAL', 1, '2012-09-20 18:30:00', 'KENSINGTON CRIB FOOTBOARD NATURAL', 3),
(284, 0, 'P-KEN00-NAT-HB', 'KENSINGTON CRIB HEADBOARD NATURAL', 1, '2012-09-20 18:30:00', 'KENSINGTON CRIB HEADBOARD NATURAL', 3),
(285, 0, 'P-KEN00-NAT-LS', 'KENSINGTON CRIB LEFT SIDE NATURAL', 1, '2012-09-20 18:30:00', 'KENSINGTON CRIB LEFT SIDE NATURAL', 3),
(286, 0, 'P-KEN00-NAT-RS', 'KENSINGTON CRIB RIGHT SIDE NATURAL', 1, '2012-09-20 18:30:00', 'KENSINGTON CRIB RIGHT SIDE NATURAL', 3),
(287, 0, 'P-KEN00-NAT-SB', 'KENSINGTON CRIB STAB. BAR NATURAL', 1, '2012-09-20 18:30:00', 'KENSINGTON CRIB STAB. BAR NATURAL', 3),
(288, 0, 'P-KEN05-ALL-BKP', 'KENSINGTON 5DR. BACK PANEL', 1, '2012-09-20 18:30:00', 'KENSINGTON 5DR. BACK PANEL', 3),
(289, 0, 'P-KEN05-JAV-2DR', 'KENSINGTON 5DR. 2ND DRW. JAVA', 1, '2012-09-20 18:30:00', 'KENSINGTON 5DR. 2ND DRW. JAVA', 3),
(290, 0, 'P-KEN05-JAV-3DR', 'KENSINGTON 5DR. 3RD DRW. JAVA', 1, '2012-09-20 18:30:00', 'KENSINGTON 5DR. 3RD DRW. JAVA', 3),
(291, 0, 'P-KEN05-JAV-4DR', 'KENSINGTON 5DR. 4TH DRW. JAVA', 1, '2012-09-20 18:30:00', 'KENSINGTON 5DR. 4TH DRW. JAVA', 3),
(292, 0, 'P-KEN05-JAV-BDR', 'KENSINGTON 5DR. BOTT. DRW. JAVA', 1, '2012-09-20 18:30:00', 'KENSINGTON 5DR. BOTT. DRW. JAVA', 3),
(293, 0, 'P-KEN05-JAV-DRF', 'KEN 5DR. DRW. FRONT JAV (BOTT. 4 DRW)', 1, '2012-09-20 18:30:00', 'KEN 5DR. DRW. FRONT JAV (BOTT. 4 DRW)', 3),
(294, 0, 'P-KEN05-JAV-TDF', 'KEN 5DR. TOP DRW. FRONT JAVA', 1, '2012-09-20 18:30:00', 'KEN 5DR. TOP DRW. FRONT JAVA', 3),
(295, 0, 'P-KEN05-JAV-TDR', 'KENSINGTON 5DR. TOP DRW. JAVA', 1, '2012-09-20 18:30:00', 'KENSINGTON 5DR. TOP DRW. JAVA', 3),
(296, 0, 'P-KEN05-NAT-2DR', 'KENSINGTON 5DR. 2ND DRW. NATURA', 1, '2012-09-20 18:30:00', 'KENSINGTON 5DR. 2ND DRW. NATURA', 3),
(297, 0, 'P-KEN05-NAT-3DR', 'KENSINGTON 5DR. 3RD DRW. NATURA', 1, '2012-09-20 18:30:00', 'KENSINGTON 5DR. 3RD DRW. NATURA', 3),
(298, 0, 'P-KEN05-NAT-4DR', 'KENSINGTON 5DR. 4TH DRW. NATURA', 1, '2012-09-20 18:30:00', 'KENSINGTON 5DR. 4TH DRW. NATURA', 3),
(299, 0, 'P-KEN05-NAT-BDR', 'KENSINGTON 5DR. BOTT. DRW. NATURAL', 1, '2012-09-20 18:30:00', 'KENSINGTON 5DR. BOTT. DRW. NATURAL', 3),
(300, 0, 'P-KEN05-NAT-DRF', 'KEN 5DR. DRW FRONT NAT (BOTT. 4 DRW)', 1, '2012-09-20 18:30:00', 'KEN 5DR. DRW FRONT NAT (BOTT. 4 DRW)', 3),
(301, 0, 'P-KEN05-NAT-TDF', 'KEN 5DR. TOP DRW FRONT NATURAL', 1, '2012-09-20 18:30:00', 'KEN 5DR. TOP DRW FRONT NATURAL', 3),
(302, 0, 'P-KEN05-NAT-TDR', 'KENSINGTON 5DR. TOP DRW. NATURAL', 1, '2012-09-20 18:30:00', 'KENSINGTON 5DR. TOP DRW. NATURAL', 3),
(303, 0, 'P-KEN06-ALL-BKP', 'KENSINGTON 6DR. BACK PANEL', 1, '2012-09-20 18:30:00', 'KENSINGTON 6DR. BACK PANEL', 3),
(304, 0, 'P-KEN06-JAV-BDR', 'KENSINGTON 6DR. BOTT. DRW. JAVA', 1, '2012-09-20 18:30:00', 'KENSINGTON 6DR. BOTT. DRW. JAVA', 3),
(305, 0, 'P-KEN06-JAV-DRF', 'KEN 6DR DRW FRONT JAVA (MID&BOTTOM)', 1, '2012-09-20 18:30:00', 'KEN 6DR DRW FRONT JAVA (MID&BOTTOM)', 3),
(306, 0, 'P-KEN06-JAV-MDR', 'KENSINGTON 6DR. MID. DRW. JAVA', 1, '2012-09-20 18:30:00', 'KENSINGTON 6DR. MID. DRW. JAVA', 3),
(307, 0, 'P-KEN06-JAV-TDF', 'KEN 6DR TOP DRW. FRONT JAVA', 1, '2012-09-20 18:30:00', 'KEN 6DR TOP DRW. FRONT JAVA', 3),
(308, 0, 'P-KEN06-JAV-TDR', 'KENSINGTON 6DR TOP DRW. JAVA', 1, '2012-09-20 18:30:00', 'KENSINGTON 6DR TOP DRW. JAVA', 3),
(309, 0, 'P-KEN06-NAT-BDR', 'KEN 6DR. BOTT. DRW. NATURAL', 1, '2012-09-20 18:30:00', 'KEN 6DR. BOTT. DRW. NATURAL', 3),
(310, 0, 'P-KEN06-NAT-DRF', 'KEN 6DR. DRW. FRONT NAT (MID&BOTTOM)', 1, '2012-09-20 18:30:00', 'KEN 6DR. DRW. FRONT NAT (MID&BOTTOM)', 3),
(311, 0, 'P-KEN06-NAT-MDR', 'KEN 6DR. MID DRW. NATURAL', 1, '2012-09-20 18:30:00', 'KEN 6DR. MID DRW. NATURAL', 3),
(312, 0, 'P-KEN06-NAT-TDF', 'KEN 6DR TOP DRW FRONT NATURAL', 1, '2012-09-20 18:30:00', 'KEN 6DR TOP DRW FRONT NATURAL', 3),
(313, 0, 'P-KEN06-NAT-TDR', 'KENSINGTON 6DR TOP DRW. NATURAL', 1, '2012-09-20 18:30:00', 'KENSINGTON 6DR TOP DRW. NATURAL', 3),
(314, 0, 'P-KEN80-JAV-TU', 'KENSINGTON JAVA TOUCH UP PAINT', 1, '2012-09-20 18:30:00', 'KENSINGTON JAVA TOUCH UP PAINT', 3),
(315, 0, 'P-KEN80-NAT-TU', 'KEN NATURAL TOUCH UP PAINT', 1, '2012-09-20 18:30:00', 'KEN NATURAL TOUCH UP PAINT', 3),
(316, 0, 'P-KEN82-ALL-GLI', 'KEN DRW. GLIDE FOR 6DR, 5DR, N', 1, '2012-09-20 18:30:00', 'KEN DRW. GLIDE FOR 6DR, 5DR, N', 3),
(317, 0, 'P-KEN83-JAV-KB', 'KENSINGTON DRAWER KNOB JAVA', 1, '2012-09-20 18:30:00', 'KENSINGTON DRAWER KNOB JAVA', 3),
(318, 0, 'P-KEN83-NAT-KB', 'KENSINGTON DRAWER KNOB NATURAL', 1, '2012-09-20 18:30:00', 'KENSINGTON DRAWER KNOB NATURAL', 3),
(319, 0, 'P-KEN89-JAV-FT', 'KENSINGTON DRESSER & N.S FEET', 1, '2012-09-20 18:30:00', 'KENSINGTON DRESSER & N.S FEET', 3),
(320, 0, 'P-KEN89-NAT-FT', 'KENSINGTON DRESSER & N.S. FEET', 1, '2012-09-20 18:30:00', 'KENSINGTON DRESSER & N.S. FEET', 3),
(321, 0, 'P-29-DFW-TU', 'MONTANA DRIFTWOOD TOUCH UP PAINT', 1, '2012-09-20 18:30:00', 'MONTANA DRIFTWOOD TOUCH UP PAINT', 3),
(322, 0, 'P-2900-ALL-HDWE', 'MONTANA CRIB HARDWARE', 1, '2012-09-20 18:30:00', 'MONTANA CRIB HARDWARE', 3),
(323, 0, 'P-2900-ALL-SPRI', 'MONTANA MATTRESS SPRING', 1, '2012-09-20 18:30:00', 'MONTANA MATTRESS SPRING', 3),
(324, 0, 'P-2900-DFW-FB', 'MONTANA CRIB FOOT BOARD-DRFTWOOD', 1, '2012-09-20 18:30:00', 'MONTANA CRIB FOOT BOARD-DRFTWOOD', 3),
(325, 0, 'P-2900-DFW-HB', 'MONTANA CRIB HEAD BOARD-DRIFTWOOD', 1, '2012-09-20 18:30:00', 'MONTANA CRIB HEAD BOARD-DRIFTWOOD', 3),
(326, 0, 'P-2900-DFW-LS', 'MONTANA CRIB LEFT SIDE-DRIFTWOOD', 1, '2012-09-20 18:30:00', 'MONTANA CRIB LEFT SIDE-DRIFTWOOD', 3),
(327, 0, 'P-2900-DFW-RS', 'MONTANA CRIB RIGHT SIDE-DRIFTWOOD', 1, '2012-09-20 18:30:00', 'MONTANA CRIB RIGHT SIDE-DRIFTWOOD', 3),
(328, 0, 'P-2900-DFW-SB', 'MONTANA CRIB STAB. BAR-DRIFTWOOD', 1, '2012-09-20 18:30:00', 'MONTANA CRIB STAB. BAR-DRIFTWOOD', 3),
(329, 0, 'P-2900-ESP-FTBD', 'MONTANA CRIB FOOTBOARD ESPRESSO', 1, '2012-09-20 18:30:00', 'MONTANA CRIB FOOTBOARD ESPRESSO', 3),
(330, 0, 'P-2900-ESP-HDBD', 'MONTANA CRIB HEADBOARD ESPRESSO', 1, '2012-09-20 18:30:00', 'MONTANA CRIB HEADBOARD ESPRESSO', 3),
(331, 0, 'P-2900-ESP-LTSD', 'MONTANA CRIB LEFT SIDE ESPRESSO', 1, '2012-09-20 18:30:00', 'MONTANA CRIB LEFT SIDE ESPRESSO', 3),
(332, 0, 'P-2900-ESP-RTSD', 'MONTANA CRIB RIGHT SIDE ESPRESO', 1, '2012-09-20 18:30:00', 'MONTANA CRIB RIGHT SIDE ESPRESO', 3),
(333, 0, 'P-2900-ESP-STAB', 'MONTANA CRIB STAB. BAR ESPRESSO', 1, '2012-09-20 18:30:00', 'MONTANA CRIB STAB. BAR ESPRESSO', 3),
(334, 0, 'P-2900-GWH-FTBD', 'MONTANA CRIB FOOTBOARD GLAZED WHITE', 1, '2012-09-20 18:30:00', 'MONTANA CRIB FOOTBOARD GLAZED WHITE', 3),
(335, 0, 'P-2900-GWH-HDBD', 'MONTANA CRIB HEADBOARD GLAZED WHITE', 1, '2012-09-20 18:30:00', 'MONTANA CRIB HEADBOARD GLAZED WHITE', 3),
(336, 0, 'P-2900-GWH-LTSD', 'MONTANA CRIB LEFT SIDE GLAZED WHITE', 1, '2012-09-20 18:30:00', 'MONTANA CRIB LEFT SIDE GLAZED WHITE', 3),
(337, 0, 'P-2900-GWH-RTSD', 'MONTANA CRIB RIGHT SIDE GLAZED WHIE', 1, '2012-09-20 18:30:00', 'MONTANA CRIB RIGHT SIDE GLAZED WHIE', 3),
(338, 0, 'P-2900-GWH-STAB', 'MONTANA CRIB STAB. BAR GLAZED WHITE', 1, '2012-09-20 18:30:00', 'MONTANA CRIB STAB. BAR GLAZED WHITE', 3),
(339, 0, 'P-2904-ALL-BKPL', 'MONTANA 4DR BACK PANEL', 1, '2012-09-20 18:30:00', 'MONTANA 4DR BACK PANEL', 3),
(340, 0, 'P-2904-DFW-2NDR', 'MONTANA 4DR 2ND DRW. DRIFTWOOD', 1, '2012-09-20 18:30:00', 'MONTANA 4DR 2ND DRW. DRIFTWOOD', 3),
(341, 0, 'P-2904-DFW-3RDR', 'MONTANA 4DR 3RD DRW. DRIFTWOOD', 1, '2012-09-20 18:30:00', 'MONTANA 4DR 3RD DRW. DRIFTWOOD', 3),
(342, 0, 'P-2904-DFW-BTDR', 'MONTANA 4DR BOTT. DRW. DRIFTWOOD', 1, '2012-09-20 18:30:00', 'MONTANA 4DR BOTT. DRW. DRIFTWOOD', 3),
(343, 0, 'P-2904-DFW-TPDR', 'MONTANA 4DR TOP DRW. DRIFTWOOD', 1, '2012-09-20 18:30:00', 'MONTANA 4DR TOP DRW. DRIFTWOOD', 3),
(344, 0, 'P-2904-ESP-2NDR', 'MONTANA 4DR 2ND DRW. ESPRESSO', 1, '2012-09-20 18:30:00', 'MONTANA 4DR 2ND DRW. ESPRESSO', 3),
(345, 0, 'P-2904-ESP-3RDR', 'MONTANA 4DR 3RD DRW. ESPRESSO', 1, '2012-09-20 18:30:00', 'MONTANA 4DR 3RD DRW. ESPRESSO', 3),
(346, 0, 'P-2904-ESP-BTDR', 'MONTANA 4DR BOTT. DRW. ESPRESSO', 1, '2012-09-20 18:30:00', 'MONTANA 4DR BOTT. DRW. ESPRESSO', 3),
(347, 0, 'P-2904-ESP-TPDR', 'MONTANA 4DR TOP DRW. ESPRESSO', 1, '2012-09-20 18:30:00', 'MONTANA 4DR TOP DRW. ESPRESSO', 3),
(348, 0, 'P-2904-GWH-2NDR', 'MONTANA 4DR 2ND DRW. GLZ. WHITE', 1, '2012-09-20 18:30:00', 'MONTANA 4DR 2ND DRW. GLZ. WHITE', 3),
(349, 0, 'P-2904-GWH-3RDR', 'MONTANA 4DR 3RD DRW. GLZ. WHITE', 1, '2012-09-20 18:30:00', 'MONTANA 4DR 3RD DRW. GLZ. WHITE', 3),
(350, 0, 'P-2904-GWH-BTDR', 'MONTANA 4DR BOTT. DRW. GLZ. WHITE', 1, '2012-09-20 18:30:00', 'MONTANA 4DR BOTT. DRW. GLZ. WHITE', 3),
(351, 0, 'P-2904-GWH-TPDR', 'MONTANA 4DR TOP DRW. GLZ WHITE', 1, '2012-09-20 18:30:00', 'MONTANA 4DR TOP DRW. GLZ WHITE', 3),
(352, 0, 'P-2906-ALL-BKPL', 'MONTANA 6DR BACK PANEL', 1, '2012-09-20 18:30:00', 'MONTANA 6DR BACK PANEL', 3),
(353, 0, 'P-2906-DFW-BLDR', 'MONTANA BOTT. LEFT DRW. DRIFTWOOD', 1, '2012-09-20 18:30:00', 'MONTANA BOTT. LEFT DRW. DRIFTWOOD', 3),
(354, 0, 'P-2906-DFW-BRDR', 'MONTANA 6DR BOTT. RIGHT DRW DRIFTWOOD', 1, '2012-09-20 18:30:00', 'MONTANA 6DR BOTT. RIGHT DRW DRIFTWOOD', 3),
(355, 0, 'P-2906-DFW-MLDR', 'MONTANA 6DR MID. LEFT DRW DRIFTWOOD', 1, '2012-09-20 18:30:00', 'MONTANA 6DR MID. LEFT DRW DRIFTWOOD', 3),
(356, 0, 'P-2906-DFW-MRDR', 'MONTANA 6DR MID. RIGHT DRW. DRIFTWOOD', 1, '2012-09-20 18:30:00', 'MONTANA 6DR MID. RIGHT DRW. DRIFTWOOD', 3),
(357, 0, 'P-2906-DFW-TLDR', 'MONTANA 6DR TOP LEFT DRW. DRIFTWOOD', 1, '2012-09-20 18:30:00', 'MONTANA 6DR TOP LEFT DRW. DRIFTWOOD', 3),
(358, 0, 'P-2906-DFW-TRDR', 'MONTANA 6DR TOP RIGHT DRW DRIFTWOOD', 1, '2012-09-20 18:30:00', 'MONTANA 6DR TOP RIGHT DRW DRIFTWOOD', 3),
(359, 0, 'P-2906-ESP-BLDR', 'MONTANA 6DR BOTT. LEFT DRW. ESPRESSO', 1, '2012-09-20 18:30:00', 'MONTANA 6DR BOTT. LEFT DRW. ESPRESSO', 3),
(360, 0, 'P-2906-ESP-BRDR', 'MONTANA 6DR BOTT. RIGHT DRW. ESPRESSO', 1, '2012-09-20 18:30:00', 'MONTANA 6DR BOTT. RIGHT DRW. ESPRESSO', 3),
(361, 0, 'P-2906-ESP-MLDR', 'MONTANA 6DR MID. LEFT DRW. ESPRESSO', 1, '2012-09-20 18:30:00', 'MONTANA 6DR MID. LEFT DRW. ESPRESSO', 3),
(362, 0, 'P-2906-ESP-MRDR', 'MONTANA 6DR MID. RIGHT DRW. ESPRESSO', 1, '2012-09-20 18:30:00', 'MONTANA 6DR MID. RIGHT DRW. ESPRESSO', 3),
(363, 0, 'P-2906-ESP-TLDR', 'MONTANA 6DR TOP LEFT DRW. ESPRESSO', 1, '2012-09-20 18:30:00', 'MONTANA 6DR TOP LEFT DRW. ESPRESSO', 3),
(364, 0, 'P-2906-ESP-TRDR', 'MONTANA 6DR TOP RIGHT DRW. ESPRESSO', 1, '2012-09-20 18:30:00', 'MONTANA 6DR TOP RIGHT DRW. ESPRESSO', 3),
(365, 0, 'P-2906-GWH-BLDR', 'MONTANA 6DR BOTT. LEFT DRW. GW', 1, '2012-09-20 18:30:00', 'MONTANA 6DR BOTT. LEFT DRW. GW', 3),
(366, 0, 'P-2906-GWH-BRDR', 'MONTANA 6DR BOTT. RIGHT DRW. GWH', 1, '2012-09-20 18:30:00', 'MONTANA 6DR BOTT. RIGHT DRW. GWH', 3),
(367, 0, 'P-2906-GWH-MLDR', 'MONTANA 6DR MID.  LEFT DRW. GWH', 1, '2012-09-20 18:30:00', 'MONTANA 6DR MID.  LEFT DRW. GWH', 3),
(368, 0, 'P-2906-GWH-MRDR', 'MONTANA 6DR MID. RIGHT DRW. GWH', 1, '2012-09-20 18:30:00', 'MONTANA 6DR MID. RIGHT DRW. GWH', 3),
(369, 0, 'P-2906-GWH-TLDR', 'MONTANA 6DR TOP LEFT DRW. GWH', 1, '2012-09-20 18:30:00', 'MONTANA 6DR TOP LEFT DRW. GWH', 3),
(370, 0, 'P-2906-GWH-TRDR', 'MONTANA 6DR TOP RIGHT DRW. GWH', 1, '2012-09-20 18:30:00', 'MONTANA 6DR TOP RIGHT DRW. GWH', 3),
(371, 0, 'P-2939-ALL-HDWE', 'MONTANA PANEL CRIB HARDWARE', 1, '2012-09-20 18:30:00', 'MONTANA PANEL CRIB HARDWARE', 3),
(372, 0, 'P-2939-DFW-FTBD', 'MONTANA FOOTBOARD DRIFTWOOD', 1, '2012-09-20 18:30:00', 'MONTANA FOOTBOARD DRIFTWOOD', 3),
(373, 0, 'P-2939-DFW-HDBD', 'MONTANA HEADBOARD DRIFTWOOD', 1, '2012-09-20 18:30:00', 'MONTANA HEADBOARD DRIFTWOOD', 3),
(374, 0, 'P-2939-DFW-LTSD', 'MONTANA LEFT SIDE DRIFTWOOD', 1, '2012-09-20 18:30:00', 'MONTANA LEFT SIDE DRIFTWOOD', 3),
(375, 0, 'P-2939-DFW-RTSD', 'MONTANA RIGHT SIDE DRIFTWOOD', 1, '2012-09-20 18:30:00', 'MONTANA RIGHT SIDE DRIFTWOOD', 3),
(376, 0, 'P-2939-DFW-STAB', 'MONTANA STAB. BAR DRIFTWOOD', 1, '2012-09-20 18:30:00', 'MONTANA STAB. BAR DRIFTWOOD', 3),
(377, 0, 'P-2939-ESP-FTBD', 'MONTANA FOOTBOARD ESPRESSO', 1, '2012-09-20 18:30:00', 'MONTANA FOOTBOARD ESPRESSO', 3),
(378, 0, 'P-2939-ESP-HDBD', 'MONTANA HEADBOARD ESPRESSO', 1, '2012-09-20 18:30:00', 'MONTANA HEADBOARD ESPRESSO', 3),
(379, 0, 'P-2939-ESP-LTSD', 'MONTANA LEFT SIDE ESPRESSO', 1, '2012-09-20 18:30:00', 'MONTANA LEFT SIDE ESPRESSO', 3),
(380, 0, 'P-2939-ESP-RTSD', 'MONTANA RIGHT SIDE ESPRESSO', 1, '2012-09-20 18:30:00', 'MONTANA RIGHT SIDE ESPRESSO', 3),
(381, 0, 'P-2939-ESP-STAB', 'MONTANA STAB. BAR ESPRESSO', 1, '2012-09-20 18:30:00', 'MONTANA STAB. BAR ESPRESSO', 3),
(382, 0, 'P-2939-GWH-FTBD', 'MONTANA FOOTBOARD GLZ. WHITE', 1, '2012-09-20 18:30:00', 'MONTANA FOOTBOARD GLZ. WHITE', 3),
(383, 0, 'P-2939-GWH-HDBD', 'MONTANA HEADBOARD GLZ. WHITE', 1, '2012-09-20 18:30:00', 'MONTANA HEADBOARD GLZ. WHITE', 3),
(384, 0, 'P-2939-GWH-LTSD', 'MONTANA LEFT SIDE GLZ. WHITE', 1, '2012-09-20 18:30:00', 'MONTANA LEFT SIDE GLZ. WHITE', 3),
(385, 0, 'P-2939-GWH-RTSD', 'MONTANA RIGHT SIDE GLZ. WHIT', 1, '2012-09-20 18:30:00', 'MONTANA RIGHT SIDE GLZ. WHIT', 3),
(386, 0, 'P-2939-GWH-STAB', 'MONTANA STAB. BAR GLZ. WHITE', 1, '2012-09-20 18:30:00', 'MONTANA STAB. BAR GLZ. WHITE', 3),
(387, 0, 'P-2980-ESP-TCUP', 'MONTANA ESP TOUCH UP PAINT', 1, '2012-09-20 18:30:00', 'MONTANA ESP TOUCH UP PAINT', 3),
(388, 0, 'P-2980-GWH-TCUP', 'MONTANA GLAZED WHITE TOUCH UP', 1, '2012-09-20 18:30:00', 'MONTANA GLAZED WHITE TOUCH UP', 3),
(389, 0, 'P-2983-DFW-KNOB', 'MONTANA DRIFTWOOD KNOB', 1, '2012-09-20 18:30:00', 'MONTANA DRIFTWOOD KNOB', 3),
(390, 0, 'P-2983-ESP-KNOB', 'MONTANA ESPRESSO KNOB', 1, '2012-09-20 18:30:00', 'MONTANA ESPRESSO KNOB', 3),
(391, 0, 'P-2983-GWH-KNOB', 'MONTANA GLAZE WHITE KNOB', 1, '2012-09-20 18:30:00', 'MONTANA GLAZE WHITE KNOB', 3),
(392, 0, 'P-1410-WH-FB', 'ROCKPORT FOOTBOARD WHITE', 1, '2012-09-20 18:30:00', 'ROCKPORT FOOTBOARD WHITE', 3),
(393, 0, 'P-1410-WH-HB', 'ROCKPORT HEADBOARD WHITE', 1, '2012-09-20 18:30:00', 'ROCKPORT HEADBOARD WHITE', 3),
(394, 0, 'P-1410-WH-LS', 'ROCKPORT LEFT SIDE RAIL WHITE', 1, '2012-09-20 18:30:00', 'ROCKPORT LEFT SIDE RAIL WHITE', 3),
(395, 0, 'P-1410-WH-RS', 'ROCKPORT RIGHT SIDE RAIL WHITE', 1, '2012-09-20 18:30:00', 'ROCKPORT RIGHT SIDE RAIL WHITE', 3),
(396, 0, 'P-5900-ALL-HDWE', 'TAHOE CRIB HARDWARE', 1, '2012-09-20 18:30:00', 'TAHOE CRIB HARDWARE', 3),
(397, 0, 'P-5900-ESP-FTBD', 'TAHOE FOOTBOARD ESPRESSO', 1, '2012-09-20 18:30:00', 'TAHOE FOOTBOARD ESPRESSO', 3),
(398, 0, 'P-5900-ESP-HDBD', 'TAHOE HEAD BOARD ESPRESSO', 1, '2012-09-20 18:30:00', 'TAHOE HEAD BOARD ESPRESSO', 3),
(399, 0, 'P-5900-ESP-LTSD', 'TAHOE LEFT SIDE ESPRESSO', 1, '2012-09-20 18:30:00', 'TAHOE LEFT SIDE ESPRESSO', 3),
(400, 0, 'P-5900-ESP-RTSD', 'TAHOE RIGHT SIDE ESPRESSO', 1, '2012-09-20 18:30:00', 'TAHOE RIGHT SIDE ESPRESSO', 3),
(401, 0, 'P-5900-ESP-STAB', 'TAHOE STAB. BAR ESPRESSO', 1, '2012-09-20 18:30:00', 'TAHOE STAB. BAR ESPRESSO', 3),
(402, 0, 'P-5905-ALL-BKPL', 'TAHOE 5DR BACK PANEL', 1, '2012-09-20 18:30:00', 'TAHOE 5DR BACK PANEL', 3),
(403, 0, 'P-5905-ESP-2NDR', 'TAHOE 5DR 2ND DRW. ESPRESSO', 1, '2012-09-20 18:30:00', 'TAHOE 5DR 2ND DRW. ESPRESSO', 3),
(404, 0, 'P-5905-ESP-3RDR', 'TAHOE 5DR 3RD DRW. ESPRESSO', 1, '2012-09-20 18:30:00', 'TAHOE 5DR 3RD DRW. ESPRESSO', 3),
(405, 0, 'P-5905-ESP-4TDR', 'TAHOE 5DR 4TH DRW. ESPRESSO', 1, '2012-09-20 18:30:00', 'TAHOE 5DR 4TH DRW. ESPRESSO', 3),
(406, 0, 'P-5905-ESP-BTDR', 'TAHOE 5DR BOTT. DRW. ESPRESSO', 1, '2012-09-20 18:30:00', 'TAHOE 5DR BOTT. DRW. ESPRESSO', 3),
(407, 0, 'P-5905-ESP-TPDR', 'TAHOE 5DR TOP DRW. ESPRESSO', 1, '2012-09-20 18:30:00', 'TAHOE 5DR TOP DRW. ESPRESSO', 3),
(408, 0, 'P-5906-ALL-BKPL', 'TAHOE 6DR BACK PANEL', 1, '2012-09-20 18:30:00', 'TAHOE 6DR BACK PANEL', 3),
(409, 0, 'P-5906-ESP-BLDR', 'TAHOE 6DR BOTT. LEFT DRW. ESPRESSO', 1, '2012-09-20 18:30:00', 'TAHOE 6DR BOTT. LEFT DRW. ESPRESSO', 3),
(410, 0, 'P-5906-ESP-BRDR', 'TAHOE 6DR BOTT. RIGHT DRW. ESPRESSO', 1, '2012-09-20 18:30:00', 'TAHOE 6DR BOTT. RIGHT DRW. ESPRESSO', 3),
(411, 0, 'P-5906-ESP-MLDR', 'TAHOE 6DR MID. LEFT DRW. ESPRESSO', 1, '2012-09-20 18:30:00', 'TAHOE 6DR MID. LEFT DRW. ESPRESSO', 3),
(412, 0, 'P-5906-ESP-MRDR', 'TAHOE 6DR MID. RIGHT DRW. ESPRESSO', 1, '2012-09-20 18:30:00', 'TAHOE 6DR MID. RIGHT DRW. ESPRESSO', 3),
(413, 0, 'P-5906-ESP-TLDR', 'TAHOE 6DR TOP LEFT DRW. ESPRESSO', 1, '2012-09-20 18:30:00', 'TAHOE 6DR TOP LEFT DRW. ESPRESSO', 3),
(414, 0, 'P-5906-ESP-TRDR', 'TAHOE 6DR TOP RIGHT DRW. ESPRESSO', 1, '2012-09-20 18:30:00', 'TAHOE 6DR TOP RIGHT DRW. ESPRESSO', 3),
(415, 0, 'P-5980-ESP-TCUP', 'TAHOE TOUCH UP PAINT ESPRESSO', 1, '2012-09-20 18:30:00', 'TAHOE TOUCH UP PAINT ESPRESSO', 3),
(416, 0, 'P-5983-ESP-KNOB', 'TAHOE DRAWER KNOB ESPRESSO', 1, '2012-09-20 18:30:00', 'TAHOE DRAWER KNOB ESPRESSO', 3),
(417, 0, 'P-4300-ALL-HDWE', 'MONACO CRIB HARDWARE', 1, '2013-03-13 04:18:53', 'MONACO CRIB HARDWARE', 3),
(418, 0, 'P-4300-ESP-FTBD', 'MONACO CRIB FOOTBOARD ESPRESSO', 1, '2013-03-13 04:45:26', 'MONACO CRIB FOOTBOARD ESPRESSO', 3),
(419, 0, 'P-4300-ESP-HDBD', 'MONACO CRIB HEADBOARD ESPRESSO', 1, '2013-03-13 08:08:24', 'MONACO CRIB HEADBOARD ESPRESSO', 3),
(420, 0, 'P-4300-ESP-LTSD', 'MONACO CRIB LEFTSIDE ESPRESSO', 1, '2013-03-13 08:14:35', 'MONACO CRIB LEFTSIDE ESPRESSO', 3),
(421, 0, 'P-4300-ESP-RTSD', 'MONACO CRIB RIGHTSIDE ESPRESSO', 1, '2013-03-13 08:14:38', 'MONACO CRIB RIGHTSIDE ESPRESSO', 3),
(422, 0, 'P-4300-ESP-STAB', 'MONACO CRIB STAB. BAR ESPRESSO', 1, '2013-03-13 08:14:42', 'MONACO CRIB STAB. BAR ESPRESSO', 3),
(423, 0, 'P-4305-ALL-BKPL', 'MONACO 5DR BACKPANEL', 1, '2013-03-13 08:28:38', 'MONACO 5DR BACKPANEL', 3),
(424, 0, 'P-4305-ESP-2NDR', 'MONACO 5DR 2ND DRW. ESPRESSO', 1, '2013-03-13 09:41:05', 'MONACO 5DR 2ND DRW. ESPRESSO', 3),
(425, 0, 'P-4305-ESP-3RDR', 'MONACO 5DR 3RD DRW. ESPRESSO', 1, '2013-03-13 09:41:05', 'MONACO 5DR 3RD DRW. ESPRESSO', 3),
(426, 0, 'P-4305-ESP-4TDR', 'MONACO 5DR 4TH DRW. ESPRESSO', 1, '2013-03-13 09:41:05', 'MONACO 5DR 4TH DRW. ESPRESSO', 3),
(427, 0, 'P-4305-ESP-BTDR', 'MONACO 5DR BOTT. DRW. ESPRESSO', 1, '2013-03-13 09:44:09', 'MONACO 5DR BOTT. DRW. ESPRESSO', 3),
(428, 0, 'P-4305-ESP-TPDR', 'MONACO 5DR TOP DRW. ESPRESSO', 1, '2013-03-13 09:44:09', 'MONACO 5DR TOP DRW. ESPRESSO', 3),
(429, 0, 'P-4306-ESP-BKPL', 'MONACO 6DR BACKPANEL ESPRESSO', 1, '2013-03-13 09:53:41', 'MONACO 6DR BACKPANEL ESPRESSO', 3),
(430, 0, 'P-4306-ESP-BLDR', 'MONACO 6DR BOTT. LEFT DRW. ESPRESSO', 1, '2013-03-13 09:53:41', 'MONACO 6DR BOTT. LEFT DRW. ESPRESSO', 3),
(431, 0, 'P-4306-ESP-BRDR', 'MONACO 6DR BOTT. RIGHT DRW. ESPRESSO', 1, '2013-03-13 09:53:41', 'MONACO 6DR BOTT. RIGHT DRW. ESPRESSO', 3),
(432, 0, 'P-4306-ESP-MLDR', 'MONACO 6DR MID. LEFT DRW. ESPRESSO', 1, '2013-03-13 09:53:41', 'MONACO 6DR MID. LEFT DRW. ESPRESSO', 3),
(433, 0, 'P-4306-ESP-MRDR', 'MONACO 6DR MID. RIGHT DRW. ESPRESSO', 1, '2013-03-13 09:53:41', 'MONACO 6DR MID. RIGHT DRW. ESPRESSO', 3),
(434, 0, 'P-4306-ESP-TLDR', 'MONACO 6DR TOP LEFT DRW. ESPRESSO', 1, '2013-03-13 09:53:41', 'MONACO 6DR TOP LEFT DRW. ESPRESSO', 3),
(435, 0, 'P-4306-ESP-TRDR', 'MONACO 6DR TOP RIGHT DRW. ESPRESSO', 1, '2013-03-13 09:53:41', 'MONACO 6DR TOP RIGHT DRW. ESPRESSO', 3),
(436, 0, 'P-2300-ALL-HDWE', 'VIENNA HARDWARE', 1, '2013-05-10 09:53:45', 'VIENNA HARDWARE', 3),
(437, 0, 'P-2300-ESP-FTBD', 'VIENNA FOOT BAORD ESPRESSO', 0, '2013-05-13 08:35:24', 'VIENNA FOOT BAORD ESPRESSO', 3),
(438, 0, 'P-2300-ESP-HDBD', 'VIENNA HEAD BAORD ESPRESSO', 1, '2013-03-13 10:55:33', 'VIENNA HEAD BAORD ESPRESSO', 3),
(439, 0, 'P-2300-ESP-LTSD', 'VIENNA LEFT SIDE ESPRESSO', 1, '2013-03-13 10:55:33', 'VIENNA LEFT SIDE ESPRESSO', 3),
(440, 0, 'P-2300-ESP-RTSD', 'VIENNA RIGHT SIDE ESPRESSO', 1, '2013-03-13 10:55:33', 'VIENNA RIGHT SIDE ESPRESSO', 3),
(441, 0, 'P-2300-ESP-STAB', 'VIENNA STAB. BAR ESPRESSO', 1, '2013-03-13 10:55:33', 'VIENNA STAB. BAR ESPRESSO', 3),
(442, 0, 'P-2306-ALL-BKPL', 'VIENNA 6DR BACKPANEL', 0, '2013-03-13 11:01:31', 'VIENNA 6DR BACKPANEL', 3),
(443, 0, 'P-2306-ESP-BLDR', 'VIENNA 6DR BOTT LEFT DRAWER ESPRESSO', 1, '2013-03-13 11:01:31', 'VIENNA 6DR BOTT LEFT DRAWER ESPRESSO', 3),
(444, 0, 'P-2306-ESP-BRDR', 'VIENNA 6DR BOTT RIGHT DRAWER ESPRESSO', 1, '2013-03-13 11:01:31', 'VIENNA 6DR BOTT RIGHT DRAWER ESPRESSO', 3),
(445, 0, 'P-2306-ESP-MLDR', 'VIENNA 6DR MID LEFT DRAWER ESPRESSO', 1, '2013-03-13 11:01:31', 'VIENNA 6DR MID LEFT DRAWER ESPRESSO', 3),
(446, 0, 'P-2306-ESP-MRDR', 'VIENNA 6DR MID RIGHT DRAWER ESPRESSO', 0, '2013-03-13 11:01:31', 'VIENNA 6DR MID RIGHT DRAWER ESPRESSO', 3),
(447, 0, 'P-2306-ESP-TLDR', 'VIENNA 6DR TOP LEFT DRAWER ESPRESSO', 1, '2013-03-13 11:01:31', 'VIENNA 6DR TOP LEFT DRAWER ESPRESSO', 3),
(448, 0, 'P-2306-ESP-TRDR', 'VIENNA 6DR TOP RIGHT DRAWER ESPRESSO', 1, '2013-03-13 11:01:31', 'VIENNA 6DR TOP RIGHT DRAWER ESPRESSO', 3),
(449, 0, 'P-2380-ESP-TCUP', 'VIENNA ESPRESSO TOUCH UP PAINT', 1, '2013-04-25 08:09:57', 'VIENNA ESPRESSO TOUCH UP PAINT', 3),
(450, 0, 'P-2383-ESP-KNOB', 'VIENNA DRAWER KNOB ESPRESSO', 1, '2013-04-25 08:10:41', 'VIENNA DRAWER KNOB ESPRESSO', 3),
(451, 0, 'P-4380-ESP-TCUP', 'MONACO TOUCHUP PAINT ESPRESSO', 1, '2013-04-25 08:11:31', 'MONACO TOUCHUP PAINT ESPRESSO', 3),
(452, 0, 'P-4383-ESP-KNOB', 'MONACO DRAWER KNOB ESPRESSO', 0, '2013-04-25 08:12:05', 'MONACO DRAWER KNOB ESPRESSO', 3),
(455, 0, 'P-1274-ALL-FDSJ', 'DFJGHFDKJ GFDGFDKJSHG FD', 1, '2013-05-07 13:05:42', 'DFJGHFDKJ GFDGFDKJSHG FD', 3),
(456, 0, 'P-1280-ALL-FDSF', 'JDSKFGKJFD', 1, '2013-05-07 13:05:43', 'JDSKFGKJFD', 3),
(458, 0, 'P-4384-ALL-FD', 'FKJDHGKJFDSHGKJFD', 1, '2013-05-07 13:09:58', 'FKJDHGKJFDSHGKJFD', 3),
(459, 0, 'P-4387-ALL-FDS', 'FSKGFJHDKJ TEST', 1, '2013-05-07 13:19:57', 'FSKGFJHDKJ TEST', 3),
(463, 0, 'P-3243-FDSF-FDSF', 'KJHDFSKJGFD', 1, '2013-05-13 06:31:39', 'KJHDFSKJGFD', 3),
(464, 0, 'P-4324-FKJDSH-FDS', 'KJDFHSLGKFD', 1, '2013-05-13 07:08:27', 'KJDFHSLGKFD', 3),
(465, 0, 'P-1234-ALL-DSA', 'FHDSFKLJDSH', 1, '2013-05-13 07:53:52', 'FHDSFKLJDSH', 3),
(466, 0, 'P-1234-FDSJ-DS', 'DKSAJ233', 1, '2013-05-13 14:20:30', 'DKSAJ233', 3),
(467, 0, 'P-6949-ALL-HDWE', 'METRO FOLD AWAY CRIB HARDWARE', 1, '2013-06-10 05:17:09', 'METRO FOLD AWAY CRIB HARDWARE', 3),
(468, 0, 'P-6949-ESP-DRAW', 'METRO CRIB DRAWER ESPRESSO', 1, '2013-06-10 05:17:27', 'METRO CRIB DRAWER ESPRESSO', 3),
(469, 0, 'P-6949-ESP-FTBD', 'METRO FOOT BOARD ESPRESSO', 1, '2013-06-10 05:17:38', 'METRO FOOT BOARD ESPRESSO', 3),
(470, 0, 'P-6949-ESP-HDBD', 'METRO HEAD BOARD ESPRESSO', 1, '2013-06-10 05:17:48', 'METRO HEAD BOARD ESPRESSO', 3),
(471, 0, 'P-6949-ESP-LGSD', 'METRO CRIB LONG SIDE ESPRESSO', 1, '2013-06-10 05:17:59', 'METRO CRIB LONG SIDE ESPRESSO', 3),
(472, 0, 'P-6949-ESP-STSD', 'METRO CRIB SHORT SIDE ESPRESSO', 1, '2013-06-10 05:18:10', 'METRO CRIB SHORT SIDE ESPRESSO', 3),
(473, 0, 'P-6980-ESP-TCUP', 'METRO CRIB TOUCH UP PAINT ESPRESSO', 1, '2013-06-10 05:18:22', 'METRO CRIB TOUCH UP PAINT ESPRESSO', 3),
(474, 0, 'P-5300-ALL-HDWE', 'HUDSON CRIB HARDWARE', 1, '2013-08-29 05:40:44', 'HUDSON CRIB HARDWARE', 3),
(475, 0, 'P-5300-ESP-FTBD', 'HUDSON FOOT BOARD ESPRESSO', 1, '2013-08-29 05:41:16', 'HUDSON FOOT BOARD ESPRESSO', 3),
(476, 0, 'P-5300-ESP-HDBD', 'HUDSON HEAD BOARD ESPRESSO', 1, '2013-08-29 05:42:09', 'HUDSON HEAD BOARD ESPRESSO', 3),
(477, 0, 'P-5300-ESP-LTSD', 'HUDSON LEFT SIDE ESPRESSO', 1, '2013-08-29 05:42:24', 'HUDSON LEFT SIDE ESPRESSO', 3),
(478, 0, 'P-5300-ESP-RTSD', 'HUDSON RIGHT SIDE ESPRESSO', 1, '2013-08-29 05:42:43', 'HUDSON RIGHT SIDE ESPRESSO', 3),
(479, 0, 'P-5300-ESP-STAB', 'HUDSON STAB. BAR ESPRESSO', 1, '2013-08-29 05:42:58', 'HUDSON STAB. BAR ESPRESSO', 3),
(480, 0, 'P-5300-SLT-FTBD', 'HUDSON FOOT BOARD SLATE', 1, '2013-08-29 05:43:18', 'HUDSON FOOT BOARD SLATE', 3),
(481, 0, 'P-5300-SLT-HDBD', 'HUDSON HEAD BOARD SLATE', 1, '2013-08-29 05:43:31', 'HUDSON HEAD BOARD SLATE', 3),
(482, 0, 'P-5300-SLT-LTSD', 'HUDSON LEFT SIDE SLATE', 1, '2013-08-29 05:43:43', 'HUDSON LEFT SIDE SLATE', 3),
(483, 0, 'P-5300-SLT-RTSD', 'HUDSON RIGHT SIDE SLATE', 1, '2013-08-29 05:43:54', 'HUDSON RIGHT SIDE SLATE', 3),
(484, 0, 'P-5300-SLT-STAB', 'HUDSON STAB. BAR SLATE', 1, '2013-08-29 05:44:04', 'HUDSON STAB. BAR SLATE', 3),
(485, 0, 'P-5305-ESP-DRAW', 'HUDSON 5DR DRAWER ESP (BOTT 4)', 1, '2013-08-29 05:44:18', 'HUDSON 5DR DRAWER ESP (BOTT 4)', 3),
(486, 0, 'P-5305-ESP-TPDR', 'HUDSON 5DR TOP  DRAWER ESP', 1, '2013-08-29 05:44:30', 'HUDSON 5DR TOP  DRAWER ESP', 3),
(487, 0, 'P-5305-SLT-DRAW', 'HUDSON 5DR DRAW. SLATE (BOTT 4)', 1, '2013-08-29 05:44:49', 'HUDSON 5DR DRAW. SLATE (BOTT 4)', 3),
(488, 0, 'P-5305-SLT-TPDR', 'HUDSON 5DR TOP  DRAWER SLATE', 1, '2013-08-29 05:45:00', 'HUDSON 5DR TOP  DRAWER SLATE', 3),
(489, 0, 'P-5306-ESP-BLDR', 'HUDSON 6DR BOTT LEFT DRW ESPRESSO', 1, '2013-08-29 05:45:12', 'HUDSON 6DR BOTT LEFT DRW ESPRESSO', 3),
(490, 0, 'P-5306-ESP-BRDR', 'HUDSON 6DR BOT RIGHT DRW ESPRESSO', 1, '2013-08-29 05:45:23', 'HUDSON 6DR BOT RIGHT DRW ESPRESSO', 3),
(491, 0, 'P-5306-ESP-MLDR', 'HUDSON 6DR MID LEFT DRW ESPRESSO', 1, '2013-08-29 05:45:34', 'HUDSON 6DR MID LEFT DRW ESPRESSO', 3),
(492, 0, 'P-5306-ESP-MRDR', 'HUDSON 6DR MID RIGHT DRW ESPRESSO', 1, '2013-08-29 05:45:44', 'HUDSON 6DR MID RIGHT DRW ESPRESSO', 3),
(493, 0, 'P-5306-ESP-TLDR', 'HUDSON 6DR TOP LEFT DRW ESPRESSO', 1, '2013-08-29 05:45:55', 'HUDSON 6DR TOP LEFT DRW ESPRESSO', 3),
(494, 0, 'P-5306-ESP-TRDR', 'HUDSON 6DR TOP RIGHT DRW ESPRESSO', 1, '2013-08-29 05:46:05', 'HUDSON 6DR TOP RIGHT DRW ESPRESSO', 3),
(495, 0, 'P-5306-SLT-BLDR', 'HUDSON 6DR BOTT LEFT DRAW SLATE', 1, '2013-08-29 05:46:19', 'HUDSON 6DR BOTT LEFT DRAW SLATE', 3),
(496, 0, 'P-5306-SLT-BRDR', 'HUDSON 6DR BOTT RIGHT DRAW SLATE', 1, '2013-08-29 05:46:31', 'HUDSON 6DR BOTT RIGHT DRAW SLATE', 3),
(497, 0, 'P-5306-SLT-MLDR', 'HUDSON 6DR MID LEFT DRAW SLATE', 1, '2013-08-29 05:46:43', 'HUDSON 6DR MID LEFT DRAW SLATE', 3),
(498, 0, 'P-5306-SLT-MRDR', 'HUDSON 6DR MID RIGHT DRAW SLATE', 1, '2013-08-29 05:46:55', 'HUDSON 6DR MID RIGHT DRAW SLATE', 3),
(499, 0, 'P-5306-SLT-TLDR', 'HUDSON 6DR TOP LEFT DRAWER SLATE', 1, '2013-08-29 05:47:06', 'HUDSON 6DR TOP LEFT DRAWER SLATE', 3),
(500, 0, 'P-5306-SLT-TRDR', 'HUDSON 6DR TOP RIGHT DRAW SLATE', 1, '2013-08-29 05:47:17', 'HUDSON 6DR TOP RIGHT DRAW SLATE', 3),
(501, 0, 'P-5380-ESP-TCUP', 'HUDSON TOUCH UP PAINT ESPRESSO', 1, '2013-08-29 05:47:28', 'HUDSON TOUCH UP PAINT ESPRESSO', 3),
(502, 0, 'P-5380-SLT-TCUP', 'HUDSON TOUCH UP PAINT SLATE', 1, '2013-08-29 05:47:38', 'HUDSON TOUCH UP PAINT SLATE', 3),
(503, 0, 'P-5383-ESP-KNOB', 'HUDSON DRAWER KNOB ESPRESSO', 1, '2013-08-29 05:47:50', 'HUDSON DRAWER KNOB ESPRESSO', 3),
(504, 0, 'P-5383-SLT-KNOB', 'HUDSON DRAWER KNOB SLATE', 1, '2013-08-29 05:48:01', 'HUDSON DRAWER KNOB SLATE', 3),
(505, 0, 'P-7300-ALL-HDWE', 'COVINGTON CRIB HARDWARE', 1, '2013-10-22 05:41:43', 'COVINGTON CRIB HARDWARE', 3),
(506, 0, 'P-7300-CH-FTBD', 'COVINGTON FOOTBOARD CHERRY', 1, '2013-10-22 05:49:35', 'COVINGTON FOOTBOARD CHERRY', 3),
(507, 0, 'P-7300-CH-HDBD', 'COVINGTON HEAD BOARD CHERRY', 1, '2013-10-22 05:49:48', 'COVINGTON HEAD BOARD CHERRY', 3);
INSERT INTO `productpart` (`productpartid`, `archived`, `code`, `description`, `enabled`, `lastmodified`, `name`, `shippingtypeid`) VALUES
(508, 0, 'P-7300-CH-LTSD', 'COVINGTON LEFT SIDE CHERRY', 1, '2013-10-22 05:53:09', 'COVINGTON LEFT SIDE CHERRY', 3),
(509, 0, 'P-7300-CH-RTSD', 'COVINGTON RIGHT SIDE CHERRY', 1, '2013-10-22 05:53:20', 'COVINGTON RIGHT SIDE CHERRY', 3),
(510, 0, 'P-7300-CH-STAB', 'COVINGTON STAB. BAR CHERRY', 1, '2013-10-22 05:53:31', 'COVINGTON STAB. BAR CHERRY', 3),
(511, 0, 'P-7300-ESP-FTBD', 'COVINGTON FOOT BOARD ESPRESSO', 1, '2013-10-22 05:53:46', 'COVINGTON FOOT BOARD ESPRESSO', 3),
(512, 0, 'P-7300-ESP-HDBD', 'COVINGTON HEAD BOARD ESPRESSO', 1, '2013-10-22 05:53:57', 'COVINGTON HEAD BOARD ESPRESSO', 3),
(513, 0, 'P-7300-ESP-LTSD', 'COVINGTON LEFT SIDE ESPRESSO', 1, '2013-10-22 05:54:08', 'COVINGTON LEFT SIDE ESPRESSO', 3),
(514, 0, 'P-7300-ESP-RTSD', 'COVINGTON RIGHT SIDE ESPRESSO', 1, '2013-10-22 05:54:17', 'COVINGTON RIGHT SIDE ESPRESSO', 3),
(515, 0, 'P-7300-ESP-STAB', 'COVINGTON STAB BAR ESPRESSO', 1, '2013-10-22 05:54:30', 'COVINGTON STAB BAR ESPRESSO', 3),
(516, 0, 'P-7300-WH-FTBD', 'COVINGTON FOOT BOARD WHITE', 1, '2013-10-22 05:54:42', 'COVINGTON FOOT BOARD WHITE', 3),
(517, 0, 'P-7300-WH-HDBD', 'COVINGTON HEAD BOARD WHITE', 1, '2013-10-22 05:55:29', 'COVINGTON HEAD BOARD WHITE', 3),
(518, 0, 'P-7300-WH-LTSD', 'COVINGTON LEFT SIDE WHITE', 1, '2013-10-22 05:55:43', 'COVINGTON LEFT SIDE WHITE', 3),
(519, 0, 'P-7300-WH-RTSD', 'COVINGTON RIGHT SIDE WHITE', 1, '2013-10-22 05:55:54', 'COVINGTON RIGHT SIDE WHITE', 3),
(520, 0, 'P-7300-WH-STAB', 'COVINGTON STAB. BAR WHITE', 1, '2013-10-22 05:56:06', 'COVINGTON STAB. BAR WHITE', 3),
(521, 0, 'P-7305-CH-DRAW', 'COVIN. DRAWER CHERRY (FIT BOTT)', 1, '2013-10-22 05:56:35', 'COVIN. DRAWER CHERRY (FIT BOTT)', 3),
(522, 0, 'P-7305-CH-TPDR', 'COVINGTON TOP DRAWER CHERRY', 1, '2013-10-22 05:56:47', 'COVINGTON TOP DRAWER CHERRY', 3),
(523, 0, 'P-7305-ESP-DRAW', 'COVIN. DRAWER ESP (FIT BOTT 4)', 1, '2013-10-22 05:56:57', 'COVIN. DRAWER ESP (FIT BOTT 4)', 3),
(524, 0, 'P-7305-ESP-TPDR', 'COVINGTON TOP DRAWER ESPRESSO', 1, '2013-10-22 05:57:08', 'COVINGTON TOP DRAWER ESPRESSO', 3),
(525, 0, 'P-7305-WH-DRAW', 'COVIN. DRAWER WHITE (FIT BOTT)', 1, '2013-10-22 05:57:16', 'COVIN. DRAWER WHITE (FIT BOTT)', 3),
(526, 0, 'P-7305-WH-TPDR', 'COVINGTON TOP DRAWER WHITE', 1, '2013-10-22 05:57:25', 'COVINGTON TOP DRAWER WHITE', 3),
(527, 0, 'P-7306-CH-BLDR', 'COVINGTON BOTT. LEFT DRW. CHERRY', 1, '2013-10-22 05:57:36', 'COVINGTON BOTT. LEFT DRW. CHERRY', 3),
(528, 0, 'P-7306-CH-BRDR', 'COVINGTON  BOTT. RIGHT DRW. CH', 1, '2013-10-22 05:57:44', 'COVINGTON  BOTT. RIGHT DRW. CH', 3),
(529, 0, 'P-7306-CH-MLDR', 'COVINGTON MID. LEFT DRW. CHERR', 1, '2013-10-22 05:57:54', 'COVINGTON MID. LEFT DRW. CHERR', 3),
(530, 0, 'P-7306-CH-MRDR', 'COVINGTON MID. RIGHT DRW. CHER', 1, '2013-10-22 05:58:03', 'COVINGTON MID. RIGHT DRW. CHER', 3),
(531, 0, 'P-7306-CH-TLDR', 'COVINGTON TOP LEFT DRW. CHERRY', 1, '2013-10-22 05:58:11', 'COVINGTON TOP LEFT DRW. CHERRY', 3),
(532, 0, 'P-7306-CH-TRDR', 'COVINGTON TOP RIGHT DRW. CHERR', 1, '2013-10-22 05:58:23', 'COVINGTON TOP RIGHT DRW. CHERR', 3),
(533, 0, 'P-7306-ESP-BLDR', 'COVINGTON BOTT. LEFT DRAW. ESP', 1, '2013-10-22 05:58:51', 'COVINGTON BOTT. LEFT DRAW. ESP', 3),
(534, 0, 'P-7306-ESP-BRDR', 'COVINGTON BOTT RIGHT DRAW. ESP', 1, '2013-10-22 05:59:03', 'COVINGTON BOTT RIGHT DRAW. ESP', 3),
(535, 0, 'P-7306-ESP-MLDR', 'COVINGTON MID LEFT DRAW. ESP', 1, '2013-10-22 05:59:13', 'COVINGTON MID LEFT DRAW. ESP', 3),
(536, 0, 'P-7306-ESP-MRDR', 'COVINGTON MID RIGHT DRAW. ESP', 1, '2013-10-22 05:59:23', 'COVINGTON MID RIGHT DRAW. ESP', 3),
(537, 0, 'P-7306-ESP-TLDR', 'COVINGTON TOP LEFT DRAWER ESP', 1, '2013-10-22 05:59:35', 'COVINGTON TOP LEFT DRAWER ESP', 3),
(538, 0, 'P-7306-ESP-TRDR', 'COVINGTON TOP RIGHT DRAW. ESP', 1, '2013-10-22 05:59:44', 'COVINGTON TOP RIGHT DRAW. ESP', 3),
(539, 0, 'P-7306-WH-BLDR', 'COVINGTON BOTT LEFT DRAW WHITE', 1, '2013-10-22 05:59:53', 'COVINGTON BOTT LEFT DRAW WHITE', 3),
(540, 0, 'P-7306-WH-BRDR', 'COVINGTON BOTT RIGHT DRAW WHITE', 1, '2013-10-22 06:00:04', 'COVINGTON BOTT RIGHT DRAW WHITE', 3),
(541, 0, 'P-7306-WH-MLDR', 'COVINGTON MID LEFT DRAW WHITE', 1, '2013-10-22 06:00:13', 'COVINGTON MID LEFT DRAW WHITE', 3),
(542, 0, 'P-7306-WH-MRDR', 'COVINGTON MID RIGHT DRAW WHITE', 1, '2013-10-22 06:17:27', 'COVINGTON MID RIGHT DRAW WHITE', 3),
(543, 0, 'P-7306-WH-TLDR', 'COVINGTON TOP LEFT DRAW WHITE', 1, '2013-10-22 06:17:36', 'COVINGTON TOP LEFT DRAW WHITE', 3),
(544, 0, 'P-7306-WH-TRDR', 'COVINGTON TOP RIGHT DRAW WHITE', 1, '2013-10-22 06:17:47', 'COVINGTON TOP RIGHT DRAW WHITE', 3),
(545, 0, 'P-6306-FWN-BLDR', 'MELBOURNE 6DR BOTT LEFT DRW FAWN', 1, '2013-10-22 06:18:19', 'MELBOURNE 6DR BOTT LEFT DRW FAWN', 3),
(546, 0, 'P-6306-FWN-BRDR', 'MELBOURNE 6DR BOTT RIGHT DRW FAWN', 1, '2013-10-22 06:18:22', 'MELBOURNE 6DR BOTT RIGHT DRW FAWN', 3),
(547, 0, 'P-6306-FWN-MLDR', 'MELBOURNE 6DR MID LEFT DRW FAWN', 1, '2013-10-22 06:18:35', 'MELBOURNE 6DR MID LEFT DRW FAWN', 3),
(548, 0, 'P-6306-FWN-MRDR', 'MELBOURNE 6DR MID RIGHT DRW FAWN', 1, '2013-10-22 06:18:51', 'MELBOURNE 6DR MID RIGHT DRW FAWN', 3),
(549, 0, 'P-6306-FWN-TLDR', 'MELBOURNE 6DR TOP LEFT DRW FAWN', 1, '2013-10-22 06:19:07', 'MELBOURNE 6DR TOP LEFT DRW FAWN', 3),
(550, 0, 'P-6306-FWN-TRDR', 'MELBOURNE 6DR TOP RIGHT DRW FAWN', 1, '2013-10-22 06:19:19', 'MELBOURNE 6DR TOP RIGHT DRW FAWN', 3),
(551, 0, 'P-GL02-ALL-HDWE', 'LOGAN GLIDER HARDWARE', 1, '2013-10-22 06:20:08', 'LOGAN GLIDER HARDWARE', 3),
(552, 0, 'P-6300-ALL-HDWE', 'MELBOURNE CRIB HARDWARE', 1, '2014-01-17 07:28:09', 'MELBOURNE CRIB HARDWARE', 3),
(553, 0, 'P-6300-ESP-FTBD', 'MELBOURNE FOOT BOARD ESPRESSO', 1, '2014-01-17 07:28:20', 'MELBOURNE FOOT BOARD ESPRESSO', 3),
(554, 0, 'P-6300-ESP-HDBD', 'MELBOURNE HEAD BOARD ESPRESSO', 1, '2014-01-17 07:28:32', 'MELBOURNE HEAD BOARD ESPRESSO', 3),
(555, 0, 'P-6300-ESP-LTSD', 'MELBOURNE LEFT SIDE ESPRESSO', 1, '2014-01-17 07:28:39', 'MELBOURNE LEFT SIDE ESPRESSO', 3),
(556, 0, 'P-6300-ESP-RTSD', 'MELBOURNE RIGHT SIDE ESPRESSO', 1, '2014-01-17 07:28:47', 'MELBOURNE RIGHT SIDE ESPRESSO', 3),
(557, 0, 'P-6305-ESP-DRAW', 'MELBOURNE 5DR DRAWER ESPRESSO', 1, '2014-01-17 07:28:56', 'MELBOURNE 5DR DRAWER ESPRESSO', 3),
(558, 0, 'P-6305-ESP-TPDR', 'MELBOURNE 5DR TOP DRAW ESPRESSO', 1, '2014-01-17 07:29:59', 'MELBOURNE 5DR TOP DRAW ESPRESSO', 3),
(559, 0, 'P-6305-FWN-DRAW', 'MELBOURNE 5DR DRAWER FAWN', 1, '2014-01-17 07:29:12', 'MELBOURNE 5DR DRAWER FAWN', 3),
(560, 0, 'P-6305-FWN-TPDR', 'MELBOURNE 5DR TOP DRAW FAWN', 1, '2014-01-17 07:29:22', 'MELBOURNE 5DR TOP DRAW FAWN', 3),
(561, 0, 'P-6306-ESP-BLDR', 'MELBOURNE 6DR BOTT LEFT DRW ESPRESSO', 1, '2014-01-17 07:30:06', 'MELBOURNE 6DR BOTT LEFT DRW ESPRESSO', 3),
(562, 0, 'P-6306-ESP-BRDR', 'MELBOURNE 6DR BOTT RIGHT DRW ESPRESSO', 1, '2014-01-17 07:30:25', 'MELBOURNE 6DR BOTT RIGHT DRW ESPRESSO', 3),
(563, 0, 'P-6306-ESP-MLDR', 'MELBOURNE 6DR MID LEFT DRW ESP', 1, '2014-01-17 07:30:34', 'MELBOURNE 6DR MID LEFT DRW ESP', 3),
(564, 0, 'P-6306-ESP-MRDR', 'MELBOURNE 6DR MID RIGHT DRW ESP', 1, '2014-01-17 07:30:43', 'MELBOURNE 6DR MID RIGHT DRW ESP', 3),
(565, 0, 'P-6306-ESP-TLDR', 'MELBOURNE 6DR TOP LEFT DRW ESP', 1, '2014-01-17 07:30:50', 'MELBOURNE 6DR TOP LEFT DRW ESP', 3),
(566, 0, 'P-6306-ESP-TRDR', 'MELBOURNE 6DR TOP RIGHT DRW ESP', 1, '2014-01-17 07:31:09', 'MELBOURNE 6DR TOP RIGHT DRW ESP', 3),
(567, 0, 'P-6380-ESP-TCUP', 'MELBOURNE TOUCH UP PAINT ESP', 1, '2014-01-17 07:33:26', 'MELBOURNE TOUCH UP PAINT ESP', 3),
(568, 0, 'P-6380-FWN-TCUP', 'MELBOURNE TOUCH UP PAINT FAWN', 1, '2014-01-17 07:33:37', 'MELBOURNE TOUCH UP PAINT FAWN', 3),
(569, 0, 'P-6383-ESP-KNOB', 'MELBOURNE DRAWER KNOB ESPRESSO', 1, '2014-01-17 07:33:47', 'MELBOURNE DRAWER KNOB ESPRESSO', 3),
(570, 0, 'P-6383-FWN-KNOB', 'MELBOURNE DRAWER KNOB  FAWN', 1, '2014-01-17 07:33:54', 'MELBOURNE DRAWER KNOB  FAWN', 3),
(571, 0, 'P-RIV00-ALL-HDW', 'RIVERSIDE CRIB HARDWARE', 1, '2014-01-17 08:14:29', 'RIVERSIDE CRIB HARDWARE', 3),
(572, 0, 'P-RIV00-DG-FTBD', 'RIVERSIDE FOOT BOARD DOVE GRAY', 1, '2014-01-17 08:18:00', 'RIVERSIDE FOOT BOARD DOVE GRAY', 3),
(573, 0, 'P-RIV00-DG-HDBD', 'RIVERSIDE HEAD BOARD DOVE GRAY', 1, '2014-01-17 08:18:13', 'RIVERSIDE HEAD BOARD DOVE GRAY', 3),
(574, 0, 'P-RIV00-DG-LTSD', 'RIVERSIDE LEFT SIDE DOVE GRAY', 1, '2014-01-17 08:18:22', 'RIVERSIDE LEFT SIDE DOVE GRAY', 3),
(575, 0, 'P-RIV00-DG-RTSD', 'RIVERSIDE RIGHT SIDE DOVE GRAY', 1, '2014-01-17 08:18:31', 'RIVERSIDE RIGHT SIDE DOVE GRAY', 3),
(576, 0, 'P-RIV00-DG-STAB', 'RIVERSIDE STAB BAR DOVE GRAY', 1, '2014-01-17 08:18:38', 'RIVERSIDE STAB BAR DOVE GRAY', 3),
(577, 0, 'P-RIV00-ES-FTBD', 'RIVERSIDE FOOT BOARD ESPRESSO', 1, '2014-01-17 08:18:44', 'RIVERSIDE FOOT BOARD ESPRESSO', 3),
(578, 0, 'P-RIV00-ES-HDBD', 'RIVERSIDE HEAD BOARD ESPRESSO', 1, '2014-01-17 08:18:51', 'RIVERSIDE HEAD BOARD ESPRESSO', 3),
(579, 0, 'P-RIV00-ES-LTSD', 'RIVERSIDE LEFT SIDE ESPRESSO', 1, '2014-01-17 08:19:01', 'RIVERSIDE LEFT SIDE ESPRESSO', 3),
(580, 0, 'P-RIV00-ES-RTSD', 'RIVERSIDE RIGHT SIDE ESPRESSO', 1, '2014-01-17 08:19:46', 'RIVERSIDE RIGHT SIDE ESPRESSO', 3),
(581, 0, 'P-RIV00-ES-STAB', 'RIVERSIDE STAB BAR ESPRESSO', 1, '2014-01-17 08:19:52', 'RIVERSIDE STAB BAR ESPRESSO', 3),
(582, 0, 'P-RIV00-WH-FTBD', 'RIVERSIDE FOOT BOARD WHITE', 1, '2014-01-17 08:20:00', 'RIVERSIDE FOOT BOARD WHITE', 3),
(583, 0, 'P-RIV00-WH-HDBD', 'RIVERSIDE HEAD BOARD WHITE', 1, '2014-01-17 08:20:07', 'RIVERSIDE HEAD BOARD WHITE', 3),
(584, 0, 'P-RIV00-WH-LTSD', 'RIVERSIDE LEFT SIDE WHITE', 1, '2014-01-17 08:20:16', 'RIVERSIDE LEFT SIDE WHITE', 3),
(585, 0, 'P-RIV00-WH-RTSD', 'RIVERSIDE RIGHT SIDE WHITE', 1, '2014-01-17 08:20:23', 'RIVERSIDE RIGHT SIDE WHITE', 3),
(586, 0, 'P-RIV00-WH-STAB', 'RIVERSIDE STAB BAR WHITE', 1, '2014-01-17 08:20:30', 'RIVERSIDE STAB BAR WHITE', 3),
(587, 0, 'P-RIV05-DG-DRAW', 'RIVERSIDE 5R DRAWER DOVE GRAY', 1, '2014-01-17 08:20:38', 'RIVERSIDE 5R DRAWER DOVE GRAY', 3),
(588, 0, 'P-RIV05-DG-TPDR', 'RIVERSIDE 5DR TOP DRAWER DOVE', 1, '2014-01-17 08:20:45', 'RIVERSIDE 5DR TOP DRAWER DOVE', 3),
(589, 0, 'P-RIV05-ES-DRAW', 'RIVERSIDE 5DR DRAWER ESPRESSO', 1, '2014-01-17 08:20:52', 'RIVERSIDE 5DR DRAWER ESPRESSO', 3),
(590, 0, 'P-RIV05-ES-TPDR', 'RIVERSISDE 5DR TOP DRAWER ESPR', 1, '2014-01-17 08:20:59', 'RIVERSISDE 5DR TOP DRAWER ESPR', 3),
(591, 0, 'P-RIV05-WH-DRAW', 'RIVERSIDE 5DR DRAWER WHITE', 1, '2014-01-17 08:21:08', 'RIVERSIDE 5DR DRAWER WHITE', 3),
(592, 0, 'P-RIV05-WH-TPDR', 'RIVERSIDE 5DR TOP DRAWER WHITE', 1, '2014-01-17 08:21:15', 'RIVERSIDE 5DR TOP DRAWER WHITE', 3),
(593, 0, 'P-RIV06-DG-BLDR', 'RIVERSIDE BOTT LEFT DRW DOVE G', 1, '2014-01-17 08:21:22', 'RIVERSIDE BOTT LEFT DRW DOVE G', 3),
(594, 0, 'P-RIV06-DG-BRDR', 'RIVERSIDE 6DR BOTT RIGHT DRW D', 1, '2014-01-17 08:21:28', 'RIVERSIDE 6DR BOTT RIGHT DRW D', 3),
(595, 0, 'P-RIV06-DG-MLDR', 'RIVERSIDE 6DR MID LEFT DRW DOV', 1, '2014-01-17 08:21:35', 'RIVERSIDE 6DR MID LEFT DRW DOV', 3),
(596, 0, 'P-RIV06-DG-MRDR', 'RIVERSIDE 6DR MID RIGHT DRW DO', 1, '2014-01-17 08:21:42', 'RIVERSIDE 6DR MID RIGHT DRW DO', 3),
(597, 0, 'P-RIV06-DG-TLDR', 'RIVERSIDE 6DR TOP LEFT DRW DOV', 1, '2014-01-17 08:21:50', 'RIVERSIDE 6DR TOP LEFT DRW DOV', 3),
(598, 0, 'P-RIV06-DG-TRDR', 'RIVERSIDE 6DR TOP RIGHT DRW DO', 1, '2014-01-17 08:22:00', 'RIVERSIDE 6DR TOP RIGHT DRW DO', 3),
(599, 0, 'P-RIV06-ES-BLDR', 'RIVERSIDE 6DR BOTT LEFT DRW ES', 1, '2014-01-17 08:22:13', 'RIVERSIDE 6DR BOTT LEFT DRW ES', 3),
(600, 0, 'P-RIV06-ES-BRDR', 'RIVERSIDE 6DR BOTT RIGHT DRW E', 1, '2014-01-17 08:22:34', 'RIVERSIDE 6DR BOTT RIGHT DRW E', 3),
(601, 0, 'P-RIV06-ES-MLDR', 'RIVERSIDE 6DR MID LEFT DRW ESP', 1, '2014-01-17 08:22:40', 'RIVERSIDE 6DR MID LEFT DRW ESP', 3),
(602, 0, 'P-RIV06-ES-MRDR', 'RIVERSIDE 6DR MID RIGHT DRW ES', 1, '2014-01-17 08:22:47', 'RIVERSIDE 6DR MID RIGHT DRW ES', 3),
(603, 0, 'P-RIV06-ES-TLDR', 'RIVERSIDE TOP LEFT DRW ESPRESS', 1, '2014-01-17 08:22:55', 'RIVERSIDE TOP LEFT DRW ESPRESS', 3),
(604, 0, 'P-RIV06-ES-TRDR', 'RIVERSIDE 6DR TOP RIGHT DRW ES', 1, '2014-01-17 08:23:08', 'RIVERSIDE 6DR TOP RIGHT DRW ES', 3),
(605, 0, 'P-RIV06-WH-BLDR', 'RIVERSIDE BOTT LEFT DRW WHITE', 1, '2014-01-17 08:23:15', 'RIVERSIDE BOTT LEFT DRW WHITE', 3),
(606, 0, 'P-RIV06-WH-BRDR', 'RIVERSIDE 6DR BOTT RIGHT DRW W', 1, '2014-01-17 08:23:22', 'RIVERSIDE 6DR BOTT RIGHT DRW W', 3),
(607, 0, 'P-RIV06-WH-MLDR', 'RIVERSIDE 6DR MID LEFT DRW WHI', 1, '2014-01-17 08:23:29', 'RIVERSIDE 6DR MID LEFT DRW WHI', 3),
(608, 0, 'P-RIV06-WH-MRDR', 'RIVERSIDE 6DR MID RIGHT DRW WH', 1, '2014-01-17 08:23:36', 'RIVERSIDE 6DR MID RIGHT DRW WH', 3),
(609, 0, 'P-RIV06-WH-TLDR', 'RIVERSIDE 6DRTOP LEFT DRW WHIT', 1, '2014-01-17 08:23:43', 'RIVERSIDE 6DRTOP LEFT DRW WHIT', 3),
(610, 0, 'P-RIV06-WH-TRDR', 'RIVERSIDE 6DR TOP RIGHT DRW WH', 1, '2014-01-17 08:23:50', 'RIVERSIDE 6DR TOP RIGHT DRW WH', 3),
(611, 0, 'P-RIV80-DGY-TCP', 'RIVERSIDE TOUCH UP PAINT DOVE', 1, '2014-01-17 08:24:08', 'RIVERSIDE TOUCH UP PAINT DOVE', 3),
(612, 0, 'P-RIV80-ESP-TCP', 'RIVERSIDE TOUCH UP PAINT ESPRE', 1, '2014-01-17 08:36:42', 'RIVERSIDE TOUCH UP PAINT ESPRE', 3),
(613, 0, 'P-RIV80-WH-TCUP', 'RIVERSIDE TOUCH UP PAINT WHITE', 1, '2014-01-17 08:36:50', 'RIVERSIDE TOUCH UP PAINT WHITE', 3),
(614, 0, 'P-RIV83-DGY-KB', 'RIVERSIDE DRAWER KNOB DOVE GRA', 1, '2014-01-17 08:36:56', 'RIVERSIDE DRAWER KNOB DOVE GRA', 3),
(615, 0, 'P-RIV83-ESP-KB', 'RIVERSIDE DRAWER KNOB ESPRESSO', 1, '2014-01-17 08:37:03', 'RIVERSIDE DRAWER KNOB ESPRESSO', 3),
(616, 0, 'P-RIV83-WH-KB', 'RIVERSIDE DRAWER KNOB WHITE', 1, '2014-01-17 08:37:11', 'RIVERSIDE DRAWER KNOB WHITE', 3),
(617, 0, 'P-5300-ALL-SPRI', 'HUDSON CRIB MATTRESS SPRING', 1, '2014-01-17 08:41:02', 'HUDSON CRIB MATTRESS SPRING', 3),
(618, 0, 'P-2319-ESP-BKPL', 'VIEN. CHIFFEROBE BACK PANEL ES', 1, '2014-01-17 08:48:54', 'VIEN. CHIFFEROBE BACK PANEL ES', 3),
(619, 0, 'P-2319-ESP-DOOR', 'VIENNA DOOR ESPRSSO', 1, '2014-01-17 08:49:14', 'VIENNA DOOR ESPRSSO', 3),
(620, 0, 'P-2319-ESP-DRAW', 'VIENNA DRAWER ESPRESOO', 1, '2014-01-17 08:49:22', 'VIENNA DRAWER ESPRESOO', 3),
(621, 0, 'P-2319-ESP-ROD', 'VIENNA CHIFFEROBE ROD ESPRESSO', 1, '2014-01-17 08:49:30', 'VIENNA CHIFFEROBE ROD ESPRESSO', 3),
(622, 0, 'P-2319-ESP-SHEL', 'VIENNA CHIFFEROBE SHELF ESPRES', 1, '2014-01-17 08:49:37', 'VIENNA CHIFFEROBE SHELF ESPRES', 3),
(623, 0, 'P-4300-ESP-DRWR', 'MONACO CRIB DRAWER ESPRESSO', 1, '2014-04-21 07:09:59', 'MONACO CRIB DRAWER ESPRESSO', 3),
(646, 0, 'P-EWAT00-ALL-HW', 'WATERFORD CRIB HARDWARE', 1, '2014-04-28 07:11:57', 'WATERFORD CRIB HARDWARE', 3),
(647, 0, 'P-EWAT00-VGY-FB', 'WATERFORD FOOTBOARD VIN. GRAY', 1, '2014-04-28 07:12:05', 'WATERFORD FOOTBOARD VIN. GRAY', 3),
(648, 0, 'P-EWAT00-VGY-HB', 'WATERFORD HEADBOARD VIN. GRAY', 1, '2014-04-28 07:13:13', 'WATERFORD HEADBOARD VIN. GRAY', 3),
(649, 0, 'P-EWAT00-VGY-LS', 'WATERFORD LEFT SIDE VIN. GRAY', 1, '2014-04-28 07:13:18', 'WATERFORD LEFT SIDE VIN. GRAY', 3),
(650, 0, 'P-EWAT00-VGY-RS', 'WATERFORD RIGHT SIDE VIN. GRAY', 1, '2014-04-28 07:13:22', 'WATERFORD RIGHT SIDE VIN. GRAY', 3),
(651, 0, 'P-EWAT00-VGY-SB', 'WATERFORD STAB. BAR VIN. GRAY', 1, '2014-04-28 07:13:27', 'WATERFORD STAB. BAR VIN. GRAY', 3),
(652, 0, 'P-EWAT05-ALL-BP', 'WATERFORD 5DR BACK PANEL ALL', 1, '2014-04-28 07:13:32', 'WATERFORD 5DR BACK PANEL ALL', 3),
(653, 0, 'P-EWAT05-VGY-DRW', 'WATERF. 5DR DRAW. VIN. GRAY', 1, '2014-04-28 07:13:36', 'WATERF. 5DR DRAW. VIN. GRAY', 3),
(654, 0, 'P-EWAT05-VGY-TDR', 'WATERF. 5DR TOP DRAWER VIN. GRAY', 1, '2014-04-28 07:15:58', 'WATERF. 5DR TOP DRAWER VIN. GRAY', 3),
(655, 0, 'P-EWAT06-ALL-BP', 'WATERFORD 6DR BACK PANEL ALL', 1, '2014-04-28 07:16:17', 'WATERFORD 6DR BACK PANEL ALL', 3),
(656, 0, 'P-EWAT06-VGY-BLD', 'WATERF. 6DR BOTT LEFT DRAW. V.G', 1, '2014-04-28 07:16:23', 'WATERF. 6DR BOTT LEFT DRAW. V.G', 3),
(657, 0, 'P-EWAT06-VGY-BRD', 'WATERF. 6DR BOTT RIGHT DRAW. V.G', 1, '2014-04-28 07:16:27', 'WATERF. 6DR BOTT RIGHT DRAW. V.G', 3),
(658, 0, 'P-EWAT06-VGY-MLD', 'WATERF. 6DR MID LEFT DRAW. V.G', 1, '2014-04-28 07:16:32', 'WATERF. 6DR MID LEFT DRAW. V.G', 3),
(659, 0, 'P-EWAT06-VGY-MRD', 'WATERF. 6DR MID RIGHT DRAW. V.G', 1, '2014-04-28 07:16:37', 'WATERF. 6DR MID RIGHT DRAW. V.G', 3),
(660, 0, 'P-EWAT06-VGY-TLD', 'WATERF. 6DR TOP LEFT DRAW. V.G', 1, '2014-04-28 07:16:44', 'WATERF. 6DR TOP LEFT DRAW. V.G', 3),
(661, 0, 'P-EWAT06-VGY-TRD', 'WATERF. 6DR TOP RIGHT DRAW. V.G', 1, '2014-04-28 07:16:49', 'WATERF. 6DR TOP RIGHT DRAW. V.G', 3),
(662, 0, 'P-EWAT80-VGY-TU', 'WATERF. TOUCH UP PAINT  V. GRAY', 1, '2014-04-28 07:16:53', 'WATERF. TOUCH UP PAINT  V. GRAY', 3),
(663, 0, 'P-EWAT83-VGY-KB', 'WATERFORD DRAWER KNOB V. GRAY', 1, '2014-04-28 07:16:57', 'WATERFORD DRAWER KNOB V. GRAY', 3),
(664, 0, 'P-EAST00-ALL-HW', 'EASTPORT CRIB HARDWARE', 1, '2014-04-28 07:02:23', 'EASTPORT CRIB HARDWARE', 3),
(665, 0, 'P-EAST00-VGY-FB', 'EASTPORT UPPER FOOTBOARD VINTAGE GRAY', 1, '2014-05-09 04:46:34', 'EASTPORT UPPER FOOTBOARD VINTAGE GRAY', 3),
(666, 0, 'P-EAST00-VGY-HB', 'EASTPORT HEADBOARD VINTAGE GRAY', 1, '2014-04-28 06:59:41', 'EASTPORT HEADBOARD VINTAGE GRAY', 3),
(667, 0, 'P-EAST00-VGY-LS', 'EASTPORT LEFT SIDE VINTAGE GRAY', 1, '2014-04-28 06:59:47', 'EASTPORT LEFT SIDE VINTAGE GRAY', 3),
(668, 0, 'P-EAST00-VGY-RS', 'EASTPORT RIGHT SIDE VINTAGE GRAY', 1, '2014-04-28 06:59:56', 'EASTPORT RIGHT SIDE VINTAGE GRAY', 3),
(669, 0, 'P-EAST00-VGY-SB', 'EASTPORT STAB. BAR VINTAGE GRAY', 1, '2014-04-28 07:00:03', 'EASTPORT STAB. BAR VINTAGE GRAY', 3),
(670, 0, 'P-EAST06-ALL-BP', 'EASTPORT 6DR BACK PANEL ALL', 1, '2014-04-28 07:00:10', 'EASTPORT 6DR BACK PANEL ALL', 3),
(671, 0, 'P-EAST06-VGY-BLD', 'EASTP. 6DR BOTT LEFT DRAW. V. G.', 1, '2014-04-28 07:00:16', 'EASTP. 6DR BOTT LEFT DRAW. V. G.', 3),
(672, 0, 'P-EAST06-VGY-BRD', 'EASTP. 6DR BOTT RIGHT DRAW. V. G', 1, '2014-04-28 07:00:24', 'EASTP. 6DR BOTT RIGHT DRAW. V. G', 3),
(673, 0, 'P-EAST06-VGY-MLD', 'EASTP. 6DR MID LEFT DRAW. V. G', 1, '2014-04-28 07:00:29', 'EASTP. 6DR MID LEFT DRAW. V. G', 3),
(674, 0, 'P-EAST06-VGY-MRD', 'EASTP. 6DR MID RIGHT DRAW. V. G', 1, '2014-04-28 07:00:41', 'EASTP. 6DR MID RIGHT DRAW. V. G', 3),
(675, 0, 'P-EAST06-VGY-TLD', 'EASTP. 6DR TOP LEFT DRAW. V. G', 1, '2014-04-28 07:00:48', 'EASTP. 6DR TOP LEFT DRAW. V. G', 3),
(676, 0, 'P-EAST06-VGY-TRD', 'EASTP. 6DR TOP RIGHT DRAW. V. G', 1, '2014-04-28 07:00:54', 'EASTP. 6DR TOP RIGHT DRAW. V. G', 3),
(677, 0, 'P-EAST19-ALL-HW', 'EASTP. CHIFFEROBE HARDWARE', 1, '2014-04-28 07:01:29', 'EASTP. CHIFFEROBE HARDWARE', 3),
(678, 0, 'P-EAST19-ALL-ROD', 'EASTPORT CHIFFEROBE ROD', 1, '2014-04-28 07:01:36', 'EASTPORT CHIFFEROBE ROD', 3),
(679, 0, 'P-EAST19-VGY-BDR', 'EASTP. CHIFFEROBE BIG DRAW. V. G', 1, '2014-04-28 07:01:43', 'EASTP. CHIFFEROBE BIG DRAW. V. G', 3),
(680, 0, 'P-EAST19-VGY-BP', 'EASTP. CHIFFEROBE BACK PANEL V. G', 1, '2014-04-28 07:01:49', 'EASTP. CHIFFEROBE BACK PANEL V. G', 3),
(681, 0, 'P-EAST19-VGY-DOR', 'EASTP. CHIFFEROBE DOOR V. GRAY', 1, '2014-04-28 07:01:54', 'EASTP. CHIFFEROBE DOOR V. GRAY', 3),
(682, 0, 'P-EAST19-VGY-DRW', 'EASTP. CHIFFEROBE DRAWER V. GRAY', 1, '2014-04-28 07:02:01', 'EASTP. CHIFFEROBE DRAWER V. GRAY', 3),
(683, 0, 'P-EAST19-VGY-SHL', 'EASTP. CHIFFEROBE SHELF V. GRAY', 1, '2014-04-28 07:02:09', 'EASTP. CHIFFEROBE SHELF V. GRAY', 3),
(684, 0, 'P-EAST80-VGY-TU', 'EASTPORT TOUCH UP PAINT VIN. GRAY', 1, '2014-04-28 07:02:14', 'EASTPORT TOUCH UP PAINT VIN. GRAY', 3),
(685, 0, 'P-EAST83-VGY-KB', 'EASTPORT DRAWER KNOB VIN. GRAY', 1, '2014-04-28 07:02:18', 'EASTPORT DRAWER KNOB VIN. GRAY', 3),
(686, 0, 'P-EAST00-VGY-LFB', 'EASTPORT LOWER FOOTBOARD VINTAGE GRAY', 1, '2014-05-09 04:46:50', 'EASTPORT LOWER FOOTBOARD VINTAGE GRAY', 3),
(687, 0, 'P-2306-AGY-BLDR', 'VIENNA 6DR BOTT LEFT DRAWER ASH GREY', 1, '2014-09-11 10:02:29', 'VIENNA 6DR BOTT LEFT DRAWER ASH GREY', 3),
(688, 0, 'P-2306-AGY-BRDR', 'VIENNA 6DR BOTT RIGHT DRAWER ASH GREY', 1, '2014-09-11 10:03:43', 'VIENNA 6DR BOTT RIGHT DRAWER ASH GREY', 3),
(689, 0, 'P-2306-AGY-MLDR', 'VIENNA 6DR MID LEFT DRAWER ASH GREY', 1, '2014-09-11 10:03:54', 'VIENNA 6DR MID LEFT DRAWER ASH GREY', 3),
(690, 0, 'P-2306-AGY-MRDR', 'VIENNA 6DR MID RIGHT DRAWER ASH GREY', 1, '2014-09-11 10:04:01', 'VIENNA 6DR MID RIGHT DRAWER ASH GREY', 3),
(691, 0, 'P-2306-AGY-TLDR', 'VIENNA 6DR TOP LEFT DRAWER ASH GREY', 1, '2014-09-11 10:04:43', 'VIENNA 6DR TOP LEFT DRAWER ASH GREY', 3),
(692, 0, 'P-2306-AGY-TRDR', 'VIENNA 6DR TOP RIGHT DRAWER ASH GREY', 1, '2014-09-11 10:05:11', 'VIENNA 6DR TOP RIGHT DRAWER ASH GREY', 3),
(693, 0, 'P-10107-WH-TLDR', 'HARBOR 7DR TOP LEFT DRAWER WHITE', 1, '2014-10-01 05:37:08', 'HARBOR 7DR TOP LEFT DRAWER WHITE', 3),
(694, 0, 'P-10107-WH-TMDR', 'HARBOR 7DR TOP MIDDLE DRAWER WHITE', 1, '2014-10-01 05:38:27', 'HARBOR 7DR TOP MIDDLE DRAWER WHITE', 3),
(695, 0, 'P-10107-WH-TRDR', 'HARBOR 7DR TOP RIGHT DRAWER WHITE', 1, '2014-10-01 05:39:08', 'HARBOR 7DR TOP RIGHT DRAWER WHITE', 3),
(696, 0, 'P-10100-ALL-HDW', 'HARBOR CRIB HARDWARE', 1, '2014-10-01 05:41:23', 'HARBOR CRIB HARDWARE', 3),
(697, 0, 'P-10100-ALL-HW', 'HARBOR CRIB HARDWARE', 1, '2014-10-01 05:42:56', 'HARBOR CRIB HARDWARE', 3),
(698, 0, 'P-10100-WH-DRAW', 'HARBOR CRIB DRAWER WHITE', 1, '2014-10-01 05:44:58', 'HARBOR CRIB DRAWER WHITE', 3),
(699, 0, 'P-10100-WH-FTBD', 'HARBOR CRIB FOOT BOARD WHITE', 1, '2014-10-01 05:47:00', 'HARBOR CRIB FOOT BOARD WHITE', 3),
(700, 0, 'P-10100-WH-HDBD', 'HARBOR CRIB HEAD BOARD WHITE', 1, '2014-10-01 05:47:26', 'HARBOR CRIB HEAD BOARD WHITE', 3),
(701, 0, 'P-10100-WH-LTSD', 'HARBOR CRIB LEFT SIDE WHITE', 1, '2014-10-01 05:47:58', 'HARBOR CRIB LEFT SIDE WHITE', 3),
(702, 0, 'P-10100-WH-RTSD', 'HARBOR CRIB RIGHT SIDE WHITE', 1, '2014-10-01 05:48:23', 'HARBOR CRIB RIGHT SIDE WHITE', 3),
(703, 0, 'P-10100-WH-STAB', 'HARBOR CRIB STAB BAR WHITE', 1, '2014-10-01 05:49:09', 'HARBOR CRIB STAB BAR WHITE', 3),
(704, 0, 'P-1234-COL-ITEM3', 'DAS', 1, '2015-12-30 13:46:33', 'DASsasassasasasas', 3);

-- --------------------------------------------------------

--
-- Table structure for table `shippingtype`
--

CREATE TABLE IF NOT EXISTS `shippingtype` (
  `shippingtypeid` bigint(20) NOT NULL AUTO_INCREMENT,
  `daystaken` int(11) NOT NULL,
  `enabled` tinyint(1) NOT NULL,
  `name` varchar(255) NOT NULL,
  PRIMARY KEY (`shippingtypeid`)
) ENGINE=InnoDB  DEFAULT CHARSET=latin1 AUTO_INCREMENT=4 ;

--
-- Dumping data for table `shippingtype`
--

INSERT INTO `shippingtype` (`shippingtypeid`, `daystaken`, `enabled`, `name`) VALUES
(1, 0, 1, 'N/A'),
(2, 0, 1, 'UPS 8 DAYS'),
(3, 0, 1, 'REGULAR 2 WEEK');

-- --------------------------------------------------------

--
-- Table structure for table `staff`
--

CREATE TABLE IF NOT EXISTS `staff` (
  `staffid` bigint(20) NOT NULL AUTO_INCREMENT,
  `archived` tinyint(1) DEFAULT '0',
  `emailid` varchar(255) DEFAULT NULL,
  `enabled` tinyint(1) DEFAULT '0',
  `firstname` varchar(255) NOT NULL,
  `initial` varchar(255) DEFAULT NULL,
  `lastmodified` timestamp NOT NULL DEFAULT CURRENT_TIMESTAMP,
  `lastname` varchar(255) NOT NULL,
  `storeid` bigint(20) NOT NULL,
  PRIMARY KEY (`staffid`),
  KEY `fk4c7d2c0453ef05d` (`storeid`)
) ENGINE=InnoDB  DEFAULT CHARSET=latin1 AUTO_INCREMENT=6934 ;

--
-- Dumping data for table `staff`
--

INSERT INTO `staff` (`staffid`, `archived`, `emailid`, `enabled`, `firstname`, `initial`, `lastmodified`, `lastname`, `storeid`) VALUES
(1, 0, 'staff@babycache.com', 1, 'vibrant', 'v', '2015-12-15 07:21:36', 'staff', 1),
(4, 0, 'N/A', 1, 'TBD', NULL, '2012-09-20 18:30:00', 'TBD', 1),
(5, 0, 'N/A', 1, 'Rob', NULL, '2012-09-20 18:30:00', 'McCreary', 2),
(6, 0, '', 1, 'Heather', NULL, '2015-12-30 13:45:38', 'Thomas', 3),
(7, 0, '', 1, 'Criag', NULL, '2015-12-30 10:58:48', 'Furman', 4),
(8, 0, 'N/A', 1, 'Fred', NULL, '2012-09-20 18:30:00', 'Barnard', 5),
(9, 0, 'N/A', 1, 'Fred', NULL, '2012-09-20 18:30:00', 'Carlos', 6),
(10, 0, 'N/A', 1, 'Genoa', NULL, '2012-09-20 18:30:00', 'Killian', 7),
(11, 0, 'N/A', 1, 'Mike', NULL, '2012-09-20 18:30:00', 'Galle''', 8),
(12, 0, 'N/A', 1, 'Noemi', NULL, '2012-09-20 18:30:00', 'Gilbert', 9),
(13, 0, 'N/A', 1, 'Juan', NULL, '2012-09-20 18:30:00', 'Biaza', 10),
(14, 0, 'N/A', 1, 'Samantha', NULL, '2012-09-20 18:30:00', 'Perez', 11),
(15, 0, 'N/A', 1, 'Miyiescha', NULL, '2012-09-20 18:30:00', 'Martin', 12),
(16, 0, 'N/A', 1, 'Shirley', NULL, '2012-09-20 18:30:00', 'Pancoast', 13),
(17, 0, 'N/A', 1, 'Open', NULL, '2012-09-20 18:30:00', 'Open', 14),
(18, 0, 'N/A', 1, 'Matthew', NULL, '2012-09-20 18:30:00', 'Gardner', 15),
(19, 0, 'N/A', 1, 'Heide', NULL, '2012-09-20 18:30:00', 'Bolgrien', 16),
(20, 0, 'N/A', 1, 'Deanne', NULL, '2012-09-20 18:30:00', 'Rudd', 17),
(21, 0, 'N/A', 1, 'Tonja', NULL, '2012-09-20 18:30:00', 'Morriss', 18),
(22, 0, 'N/A', 1, 'Tyler', NULL, '2012-09-20 18:30:00', 'London', 19),
(23, 0, 'N/A', 1, 'Eddie', NULL, '2012-09-20 18:30:00', 'Orfalea', 20),
(24, 0, 'N/A', 1, 'Brent', NULL, '2012-09-20 18:30:00', 'Lubig', 21),
(25, 0, 'N/A', 1, 'Dawn', NULL, '2012-09-20 18:30:00', 'Woodruff', 22),
(26, 0, 'N/A', 1, 'Carlton', NULL, '2012-09-20 18:30:00', 'Taylor', 23),
(27, 0, 'N/A', 1, 'Matt', NULL, '2012-09-20 18:30:00', 'Fortner', 24),
(28, 0, 'N/A', 1, 'James', NULL, '2012-09-20 18:30:00', 'Kelley', 25),
(29, 0, 'N/A', 1, 'Jackie', NULL, '2012-09-20 18:30:00', 'Ellerbrock', 26),
(30, 0, 'N/A', 1, 'Cindi', NULL, '2012-09-20 18:30:00', 'Thomas', 27),
(31, 0, 'N/A', 1, 'Kemberly', NULL, '2012-09-20 18:30:00', 'White', 28),
(32, 0, 'N/A', 1, 'Albert', NULL, '2012-09-20 18:30:00', 'Precadio', 29),
(33, 0, 'N/A', 1, 'Heather', NULL, '2012-09-20 18:30:00', 'Dupree', 30),
(34, 0, 'N/A', 1, 'Brand', NULL, '2012-09-20 18:30:00', 'Norris', 31),
(35, 0, 'N/A', 1, 'Jamie', NULL, '2012-09-20 18:30:00', 'Poche', 32),
(36, 0, 'N/A', 1, 'George', NULL, '2012-09-20 18:30:00', 'Salazar', 33),
(37, 0, 'N/A', 1, 'Richard', NULL, '2012-09-20 18:30:00', 'Dial', 34),
(38, 0, 'N/A', 1, 'Erin', NULL, '2012-09-20 18:30:00', 'Lyle', 35),
(39, 0, 'N/A', 1, 'Chuck', NULL, '2012-09-20 18:30:00', 'Buford', 36),
(40, 0, 'N/A', 1, 'Marisa', NULL, '2012-09-20 18:30:00', 'Trebizo', 37),
(41, 0, 'N/A', 1, 'Jo', NULL, '2012-09-20 18:30:00', 'Demers', 38),
(42, 0, 'N/A', 1, 'Scott', NULL, '2012-09-20 18:30:00', 'Hodge', 39),
(43, 0, 'N/A', 0, 'Andrew', NULL, '2012-09-20 18:30:00', 'Yam', 40),
(44, 0, 'N/A', 1, 'Jonny', NULL, '2012-09-20 18:30:00', 'Solsbery', 41),
(45, 0, 'N/A', 1, 'Open', NULL, '2012-09-20 18:30:00', 'Open', 42),
(46, 0, 'N/A', 1, 'Jason', NULL, '2012-09-20 18:30:00', 'Makinano', 43),
(47, 0, 'N/A', 1, 'David', NULL, '2012-09-20 18:30:00', 'Bodenhamer', 44),
(48, 0, 'N/A', 1, 'David', NULL, '2012-09-20 18:30:00', 'Borginis', 45),
(49, 0, 'N/A', 1, 'Christian', NULL, '2012-09-20 18:30:00', 'Ross', 46),
(50, 0, 'N/A', 1, 'Jennifer', NULL, '2012-09-20 18:30:00', 'Travis', 47),
(51, 0, 'N/A', 1, 'Danny', NULL, '2012-09-20 18:30:00', 'Merjil', 48),
(52, 0, 'N/A', 1, 'John', NULL, '2012-09-20 18:30:00', 'Provencio', 49),
(53, 0, 'N/A', 1, 'Andy', NULL, '2012-09-20 18:30:00', 'Solsberry', 50),
(54, 0, 'N/A', 1, 'Sarah', NULL, '2012-09-20 18:30:00', 'Jackson', 51),
(55, 0, 'N/A', 1, 'Kimberly', NULL, '2012-09-20 18:30:00', 'London', 52),
(56, 0, 'N/A', 1, 'Glenn', NULL, '2012-09-20 18:30:00', 'Geisler', 53),
(57, 0, 'N/A', 1, 'Pedro', NULL, '2012-09-20 18:30:00', 'Santiago', 54),
(58, 0, 'N/A', 1, 'Todd', NULL, '2012-09-20 18:30:00', 'Rogers', 55),
(59, 0, 'N/A', 1, 'Janice', NULL, '2012-09-20 18:30:00', 'Boren', 56),
(60, 0, 'N/A', 1, 'Kim', NULL, '2012-09-20 18:30:00', 'Meiser', 57),
(61, 0, 'N/A', 1, 'Christine', NULL, '2012-09-20 18:30:00', 'Vandergrift', 58),
(62, 0, 'N/A', 1, 'Gerry', NULL, '2012-09-20 18:30:00', 'Tucker', 59),
(63, 0, 'N/A', 1, 'Melissa', NULL, '2012-09-20 18:30:00', 'Pratt', 60),
(64, 0, 'N/A', 1, 'Scott', NULL, '2012-09-20 18:30:00', 'Fitzgerald', 61),
(65, 0, 'N/A', 1, 'Quinisha', NULL, '2012-09-20 18:30:00', 'Scott', 62),
(66, 0, 'N/A', 1, 'Cindy', NULL, '2012-09-20 18:30:00', 'Wheeler', 63),
(67, 0, 'N/A', 1, 'Harvey', NULL, '2012-09-20 18:30:00', 'Baeza', 64),
(68, 0, 'N/A', 1, 'Open', NULL, '2012-09-20 18:30:00', 'Open', 65),
(69, 0, 'N/A', 1, 'Steve', NULL, '2012-09-20 18:30:00', 'Andrews', 66),
(70, 0, 'N/A', 1, 'Virginia', NULL, '2012-09-20 18:30:00', 'Rodriguez', 67),
(71, 0, 'N/A', 1, 'Brent', NULL, '2012-09-20 18:30:00', 'Stringer', 68),
(72, 0, 'N/A', 1, 'Victor', NULL, '2012-09-20 18:30:00', 'Malone', 69),
(73, 0, 'N/A', 1, 'Open', NULL, '2012-09-20 18:30:00', 'Open', 70),
(74, 0, 'N/A', 1, 'Bill', NULL, '2012-09-20 18:30:00', 'Phelps', 71),
(75, 0, 'N/A', 1, 'Thomas', NULL, '2012-09-20 18:30:00', 'Williams', 72),
(76, 0, 'N/A', 1, 'Jenny', NULL, '2012-09-20 18:30:00', 'Parks', 73),
(77, 0, 'N/A', 1, 'Ryan', NULL, '2012-09-20 18:30:00', 'Heard', 74),
(78, 0, 'N/A', 1, 'Mark', NULL, '2012-09-20 18:30:00', 'Osborne', 75),
(79, 0, 'N/A', 1, 'Bob', NULL, '2012-09-20 18:30:00', 'Sedlacek', 76),
(80, 0, 'N/A', 1, 'Alan', NULL, '2012-09-20 18:30:00', 'Scott', 77),
(81, 0, 'N/A', 1, 'Ronnie', NULL, '2012-09-20 18:30:00', 'Galloway', 78),
(82, 0, 'N/A', 1, 'Shelia', NULL, '2012-09-20 18:30:00', 'Bowden', 79),
(83, 0, 'N/A', 1, 'Timothy', NULL, '2012-09-20 18:30:00', 'Kane', 80),
(84, 0, 'N/A', 0, 'David', NULL, '2012-09-20 18:30:00', 'Baca', 81),
(85, 0, 'N/A', 1, 'Michael', NULL, '2012-09-20 18:30:00', 'Garcia', 82),
(86, 0, 'N/A', 1, 'Donna', NULL, '2012-09-20 18:30:00', 'Leal', 83),
(87, 0, 'N/A', 1, 'Elizabeth', NULL, '2012-09-20 18:30:00', 'Escagne', 84),
(88, 0, 'N/A', 1, 'Richard', NULL, '2012-09-20 18:30:00', 'Olivarez', 85),
(89, 0, 'N/A', 1, 'Open', NULL, '2012-09-20 18:30:00', 'Open', 86),
(90, 0, 'N/A', 1, 'David', NULL, '2012-09-20 18:30:00', 'Peake', 87),
(91, 0, 'N/A', 1, 'Frank', NULL, '2012-09-20 18:30:00', 'Jimenez', 88),
(92, 0, 'N/A', 1, 'Toy', NULL, '2012-09-20 18:30:00', 'Jessup', 89),
(93, 0, 'N/A', 1, 'Gerri', NULL, '2012-09-20 18:30:00', 'Kimrey', 90),
(94, 0, 'N/A', 1, 'Brandy', NULL, '2012-09-20 18:30:00', 'Mosher', 91),
(95, 0, 'N/A', 1, 'Karen', NULL, '2012-09-20 18:30:00', 'Formes', 92),
(96, 0, 'N/A', 1, 'Andrea', NULL, '2012-09-20 18:30:00', 'Pobocik', 93),
(97, 0, 'N/A', 1, 'Cathy', NULL, '2012-09-20 18:30:00', 'Asiala', 94),
(98, 0, 'N/A', 1, 'Michelle', NULL, '2012-09-20 18:30:00', 'Flemington', 95),
(99, 0, 'N/A', 1, 'Kathy', NULL, '2012-09-20 18:30:00', 'Reynolds', 96),
(100, 0, 'N/A', 1, 'Chris', NULL, '2012-09-20 18:30:00', 'Tafelski', 97),
(101, 0, 'N/A', 1, 'Victor', NULL, '2012-09-20 18:30:00', 'Sparano', 98),
(102, 0, 'N/A', 1, 'John', NULL, '2012-09-20 18:30:00', 'Tomaszewski', 99),
(103, 0, 'N/A', 1, 'Karen', NULL, '2012-09-20 18:30:00', 'Kulas', 100),
(104, 0, 'N/A', 1, 'Kelly', NULL, '2012-09-20 18:30:00', 'Futrell', 101),
(105, 0, 'N/A', 1, 'Brandy', NULL, '2012-09-20 18:30:00', 'Mosher', 102),
(106, 0, 'N/A', 1, 'Carolyn', NULL, '2012-09-20 18:30:00', 'Rathje', 103),
(107, 0, 'N/A', 1, 'Open', NULL, '2012-09-20 18:30:00', 'Open', 104),
(108, 0, 'N/A', 1, 'Grieda', NULL, '2012-09-20 18:30:00', 'Ancira', 105),
(109, 0, 'N/A', 1, 'Elizabeth', NULL, '2012-09-20 18:30:00', 'Lindblom', 106),
(110, 0, 'N/A', 1, 'Tim', NULL, '2012-09-20 18:30:00', 'Weiland', 107),
(111, 0, 'N/A', 1, 'Cindy', NULL, '2012-09-20 18:30:00', 'Fedie', 108),
(112, 0, 'N/A', 1, 'Mike', NULL, '2012-09-20 18:30:00', 'Milski', 109),
(113, 0, 'N/A', 1, 'Chris', NULL, '2012-09-20 18:30:00', 'Burns', 110),
(114, 0, 'N/A', 1, 'George', NULL, '2012-09-20 18:30:00', 'Antolik', 111),
(115, 0, 'N/A', 1, 'Brett', NULL, '2012-09-20 18:30:00', 'Poss', 112),
(116, 0, 'N/A', 1, 'Amy', NULL, '2012-09-20 18:30:00', 'Kicho', 113),
(117, 0, 'N/A', 1, 'Miguel', NULL, '2012-09-20 18:30:00', 'Viliterra', 114),
(118, 0, 'N/A', 1, 'Jason', NULL, '2012-09-20 18:30:00', 'Greenbaum', 115),
(119, 0, 'N/A', 1, 'Joseph', NULL, '2012-09-20 18:30:00', 'Bucciferro', 116),
(120, 0, 'N/A', 1, 'Charles', NULL, '2012-09-20 18:30:00', 'Kopsea', 117),
(121, 0, 'N/A', 1, 'Deb', NULL, '2012-09-20 18:30:00', 'Allen', 118),
(122, 0, 'N/A', 1, 'Karen', NULL, '2012-09-20 18:30:00', 'Saaf', 119),
(123, 0, 'N/A', 1, 'Andrew', NULL, '2012-09-20 18:30:00', 'Sajda', 120),
(124, 0, 'N/A', 1, 'Tracy', NULL, '2012-09-20 18:30:00', 'Lauderdale', 121),
(125, 0, 'N/A', 1, 'Terry', NULL, '2012-09-20 18:30:00', 'Beckler', 122),
(126, 0, 'N/A', 1, 'Open', NULL, '2012-09-20 18:30:00', 'Open', 123),
(127, 0, 'N/A', 1, 'Ken', NULL, '2012-09-20 18:30:00', 'Kocinski', 124),
(128, 0, 'N/A', 1, 'Christine', NULL, '2012-09-20 18:30:00', 'Davis', 125),
(129, 0, 'N/A', 1, 'Sheryl', NULL, '2012-09-20 18:30:00', 'York', 126),
(130, 0, 'N/A', 1, 'Brock', NULL, '2012-09-20 18:30:00', 'Tilley', 127),
(131, 0, 'N/A', 1, 'Chris', NULL, '2012-09-20 18:30:00', 'Cleveland', 128),
(132, 0, 'N/A', 1, 'Julie', NULL, '2012-09-20 18:30:00', 'Craig', 129),
(133, 0, 'N/A', 1, 'Mike', NULL, '2012-09-20 18:30:00', 'Strohofer', 130),
(134, 0, 'N/A', 1, 'Wendi', NULL, '2012-09-20 18:30:00', 'Loxley', 131),
(135, 0, 'N/A', 1, 'Kathy', NULL, '2012-09-20 18:30:00', 'Holmes', 132),
(136, 0, 'N/A', 1, 'Steve', NULL, '2012-09-20 18:30:00', 'Williams', 133),
(137, 0, 'N/A', 1, 'Cathleen', NULL, '2012-09-20 18:30:00', 'Greiner', 134),
(138, 0, 'N/A', 1, 'Dawn', NULL, '2012-09-20 18:30:00', 'Krueger', 135),
(139, 0, 'N/A', 1, 'Nathen', NULL, '2012-09-20 18:30:00', 'Hines', 136),
(140, 0, 'N/A', 1, 'Shekima', NULL, '2012-09-20 18:30:00', 'Hunter', 137),
(141, 0, 'N/A', 1, 'James', NULL, '2012-09-20 18:30:00', 'Ulbricht', 138),
(142, 0, 'N/A', 1, 'Roxana', NULL, '2012-09-20 18:30:00', 'Schild', 139),
(143, 0, 'N/A', 1, 'Pamela', NULL, '2012-09-20 18:30:00', 'Hyde', 140),
(144, 0, 'N/A', 1, 'F.', NULL, '2012-09-20 18:30:00', 'Butch', 141),
(145, 0, 'N/A', 1, 'Adam', NULL, '2012-09-20 18:30:00', 'Torregrossa', 142),
(146, 0, 'N/A', 1, 'Open', NULL, '2012-09-20 18:30:00', 'Open', 143),
(147, 0, 'N/A', 1, 'Paul', NULL, '2012-09-20 18:30:00', 'Lloyd', 144),
(148, 0, 'N/A', 1, 'Michelle', NULL, '2012-09-20 18:30:00', 'Finelli', 145),
(149, 0, 'N/A', 1, 'Al', NULL, '2012-09-20 18:30:00', 'Davis', 146),
(150, 0, 'N/A', 1, 'Cindy', NULL, '2012-09-20 18:30:00', 'Lamm', 147),
(151, 0, 'N/A', 1, 'Jeff', NULL, '2012-09-20 18:30:00', 'Tonseth', 148),
(152, 0, 'N/A', 1, 'Tammy', NULL, '2012-09-20 18:30:00', 'Page', 149),
(153, 0, 'N/A', 1, 'Ryan', NULL, '2012-09-20 18:30:00', 'Ravenna', 150),
(154, 0, 'N/A', 1, 'S.', NULL, '2012-09-20 18:30:00', 'Trent', 151),
(155, 0, 'N/A', 1, 'Tracy', NULL, '2012-09-20 18:30:00', 'Travis', 152),
(156, 0, 'N/A', 1, 'Joseph', NULL, '2012-09-20 18:30:00', 'Congel', 153),
(157, 0, 'N/A', 1, 'Niurka', NULL, '2012-09-20 18:30:00', 'Galarraga', 154),
(158, 0, 'N/A', 1, 'Glen', NULL, '2012-09-20 18:30:00', 'Barrow', 155),
(159, 0, 'N/A', 1, 'Susie', NULL, '2012-09-20 18:30:00', 'Balda', 156),
(160, 0, 'N/A', 1, 'Chris', NULL, '2012-09-20 18:30:00', 'French', 157),
(161, 0, 'N/A', 1, 'Horace', NULL, '2012-09-20 18:30:00', 'Reaves', 158),
(162, 0, 'N/A', 1, 'Regina', NULL, '2012-09-20 18:30:00', 'McAllister', 159),
(163, 0, 'N/A', 1, 'Shauna', NULL, '2012-09-20 18:30:00', 'Garber', 160),
(164, 0, 'N/A', 1, 'Kim', NULL, '2012-09-20 18:30:00', 'Zachery', 161),
(165, 0, 'N/A', 1, 'Lisa', NULL, '2012-09-20 18:30:00', 'Dabney', 162),
(166, 0, 'N/A', 1, 'Sandy', NULL, '2012-09-20 18:30:00', 'Tullis', 163),
(167, 0, 'N/A', 1, 'Amanda', NULL, '2012-09-20 18:30:00', 'Patterson', 164),
(168, 0, 'N/A', 1, 'Jeffrey', NULL, '2012-09-20 18:30:00', 'McCombs', 165),
(169, 0, 'N/A', 1, 'Bradley', NULL, '2012-09-20 18:30:00', 'Cole', 166),
(170, 0, 'N/A', 1, 'Joseph', NULL, '2012-09-20 18:30:00', 'Jollief', 167),
(171, 0, 'N/A', 1, 'Pam', NULL, '2012-09-20 18:30:00', 'Dunn', 168),
(172, 0, 'N/A', 1, 'William', NULL, '2012-09-20 18:30:00', 'Davis', 169),
(173, 0, 'N/A', 1, 'David', NULL, '2012-09-20 18:30:00', 'Lastinger', 170),
(174, 0, 'N/A', 1, 'Nicole', NULL, '2012-09-20 18:30:00', 'Ray', 171),
(175, 0, 'N/A', 1, 'Danny', NULL, '2012-09-20 18:30:00', 'Boulter', 172),
(176, 0, 'N/A', 1, 'Jeremy', NULL, '2012-09-20 18:30:00', 'Brown', 173),
(177, 0, 'N/A', 1, 'Darren', NULL, '2012-09-20 18:30:00', 'Higgins', 174),
(178, 0, 'N/A', 1, 'Susan', NULL, '2012-09-20 18:30:00', 'Brown', 175),
(179, 0, 'N/A', 1, 'C.', NULL, '2012-09-20 18:30:00', 'Byron', 176),
(180, 0, 'N/A', 1, 'James', NULL, '2012-09-20 18:30:00', 'Smalley', 177),
(181, 0, 'N/A', 1, 'Tommy', NULL, '2012-09-20 18:30:00', 'Cherry', 178),
(182, 0, 'N/A', 1, 'Bethani', NULL, '2012-09-20 18:30:00', 'Sanders', 179),
(183, 0, 'N/A', 1, 'Eric', NULL, '2012-09-20 18:30:00', 'Kumah', 180),
(184, 0, 'N/A', 1, 'Stacey', NULL, '2012-09-20 18:30:00', 'Binder', 181),
(185, 0, 'N/A', 1, 'Steven', NULL, '2012-09-20 18:30:00', 'Rollings', 182),
(186, 0, 'N/A', 1, 'Clayton', NULL, '2012-09-20 18:30:00', 'Barnes', 183),
(187, 0, 'N/A', 1, 'Tim', NULL, '2012-09-20 18:30:00', 'Dixon', 184),
(188, 0, 'N/A', 1, 'Kimberly', NULL, '2012-09-20 18:30:00', 'Snook', 185),
(189, 0, 'N/A', 1, 'Open', NULL, '2012-09-20 18:30:00', 'Open', 186),
(190, 0, 'N/A', 1, 'Joe', NULL, '2012-09-20 18:30:00', 'Basel', 187),
(191, 0, 'N/A', 1, 'John', NULL, '2012-09-20 18:30:00', 'Roth', 188),
(192, 0, 'N/A', 1, 'Glenda', NULL, '2012-09-20 18:30:00', 'Warren', 189),
(193, 0, 'N/A', 1, 'Debbie', NULL, '2012-09-20 18:30:00', 'Whitlock', 190),
(194, 0, 'N/A', 1, 'Erik', NULL, '2012-09-20 18:30:00', 'Magerkorth', 191),
(195, 0, 'N/A', 1, 'Adam', NULL, '2012-09-20 18:30:00', 'Blais', 192),
(196, 0, 'N/A', 1, 'Suzanne', NULL, '2012-09-20 18:30:00', 'Provencal', 193),
(197, 0, 'N/A', 1, 'Paul', NULL, '2012-09-20 18:30:00', 'Barr', 194),
(198, 0, 'N/A', 1, 'Open', NULL, '2012-09-20 18:30:00', 'Open', 195),
(199, 0, 'N/A', 1, 'Joe', NULL, '2012-09-20 18:30:00', 'Solebello', 196),
(200, 0, 'N/A', 1, 'Jason', NULL, '2012-09-20 18:30:00', 'Roes', 197),
(201, 0, 'N/A', 1, 'Sandee', NULL, '2012-09-20 18:30:00', 'Green', 198),
(202, 0, 'N/A', 1, 'Henry', NULL, '2012-09-20 18:30:00', 'Fournier', 199),
(203, 0, 'N/A', 1, 'Ron', NULL, '2012-09-20 18:30:00', 'Overko', 200),
(204, 0, 'N/A', 1, 'Gerry', NULL, '2012-09-20 18:30:00', 'Moussette', 201),
(205, 0, 'N/A', 1, 'Laudelina', NULL, '2012-09-20 18:30:00', 'Al', 202),
(206, 0, 'N/A', 1, 'Ken', NULL, '2012-09-20 18:30:00', 'Sylvain', 203),
(207, 0, 'N/A', 1, 'Eric', NULL, '2012-09-20 18:30:00', 'Purdy', 204),
(208, 0, 'N/A', 1, 'Frank', NULL, '2012-09-20 18:30:00', 'Grieco', 205),
(209, 0, 'N/A', 1, 'Richard', NULL, '2012-09-20 18:30:00', 'Hanlon', 206),
(210, 0, 'N/A', 1, 'Matthew', NULL, '2012-09-20 18:30:00', 'Baker', 207),
(211, 0, 'N/A', 1, 'Michael', NULL, '2012-09-20 18:30:00', 'Ewen', 208),
(212, 0, 'N/A', 1, 'Charles', NULL, '2012-09-20 18:30:00', 'Whitaker', 209),
(213, 0, 'N/A', 1, 'Carolyn', NULL, '2012-09-20 18:30:00', 'Majestic', 210),
(214, 0, 'N/A', 1, 'Brendan', NULL, '2012-09-20 18:30:00', 'McShane', 211),
(215, 0, 'N/A', 1, 'Dan', NULL, '2012-09-20 18:30:00', 'Snopkowski', 212),
(216, 0, 'N/A', 1, 'Lisa', NULL, '2012-09-20 18:30:00', 'Santangelo', 213),
(217, 0, 'N/A', 1, 'Eric', NULL, '2012-09-20 18:30:00', 'Maglisco', 214),
(218, 0, 'N/A', 1, 'Mike', NULL, '2012-09-20 18:30:00', 'Dorso', 215),
(219, 0, 'N/A', 1, 'Joseph', NULL, '2012-09-20 18:30:00', 'Buffa', 216),
(220, 0, 'N/A', 1, 'Tracy', NULL, '2012-09-20 18:30:00', 'Auerbach', 217),
(221, 0, 'N/A', 1, 'Joseph', NULL, '2012-09-20 18:30:00', 'Romagnano', 218),
(222, 0, 'N/A', 1, 'Robert', NULL, '2012-09-20 18:30:00', 'Martin', 219),
(223, 0, 'N/A', 1, 'Dave', NULL, '2012-09-20 18:30:00', 'Ford', 220),
(224, 0, 'N/A', 1, 'Brian', NULL, '2012-09-20 18:30:00', 'Wesnofske', 221),
(225, 0, 'N/A', 1, 'Sean', NULL, '2012-09-20 18:30:00', 'Dow', 222),
(226, 0, 'N/A', 1, 'Sal', NULL, '2012-09-20 18:30:00', 'LoBosco', 223),
(227, 0, 'N/A', 1, 'Marie', NULL, '2012-09-20 18:30:00', 'Lafalce', 224),
(228, 0, 'N/A', 1, 'James', NULL, '2012-09-20 18:30:00', 'Palumbo', 225),
(229, 0, 'N/A', 1, 'Lou', NULL, '2012-09-20 18:30:00', 'Criscoulo', 226),
(230, 0, 'N/A', 1, 'Jim', NULL, '2012-09-20 18:30:00', 'Askew', 227),
(231, 0, 'N/A', 1, 'Jeff', NULL, '2012-09-20 18:30:00', 'Bourque', 228),
(232, 0, 'N/A', 1, 'Open', NULL, '2012-09-20 18:30:00', 'Open', 229),
(233, 0, 'N/A', 1, 'Kristen', NULL, '2012-09-20 18:30:00', 'Sanzari', 230),
(234, 0, 'N/A', 1, 'George', NULL, '2012-09-20 18:30:00', 'Furman', 231),
(235, 0, 'N/A', 1, 'Joey', NULL, '2012-09-20 18:30:00', 'Tecat', 232),
(236, 0, 'N/A', 1, 'Carol', NULL, '2012-09-20 18:30:00', 'Gallagher', 233),
(237, 0, 'N/A', 1, 'Cindy', NULL, '2012-09-20 18:30:00', 'Cruz', 234),
(238, 0, 'N/A', 1, 'Dan', NULL, '2012-09-20 18:30:00', 'Preston', 235),
(239, 0, 'N/A', 1, 'Diane', NULL, '2012-09-20 18:30:00', 'Striffilino', 236),
(240, 0, 'N/A', 1, 'Chris', NULL, '2012-09-20 18:30:00', 'Miller', 237),
(241, 0, 'N/A', 1, 'Richard', NULL, '2012-09-20 18:30:00', 'West', 238),
(242, 0, 'N/A', 1, 'Pat', NULL, '2012-09-20 18:30:00', 'Affa', 239),
(243, 0, 'N/A', 1, 'Monica', NULL, '2012-09-20 18:30:00', 'Green', 240),
(244, 0, 'N/A', 1, 'Kathleen', NULL, '2012-09-20 18:30:00', 'O''Neil', 241),
(245, 0, 'N/A', 1, 'Jeff', NULL, '2012-09-20 18:30:00', 'Swanson', 242),
(246, 0, 'N/A', 1, 'Steven', NULL, '2012-09-20 18:30:00', 'Jacobs', 243),
(247, 0, 'N/A', 1, 'Craig', NULL, '2012-09-20 18:30:00', 'Hinton', 244),
(248, 0, 'N/A', 1, 'Jody', NULL, '2012-09-20 18:30:00', 'Smith', 245),
(249, 0, 'N/A', 1, 'Debbie', NULL, '2012-09-20 18:30:00', 'Price', 246),
(250, 0, 'N/A', 1, 'Danielle', NULL, '2012-09-20 18:30:00', 'Looper', 247),
(251, 0, 'N/A', 1, 'Thomas', NULL, '2012-09-20 18:30:00', 'Gaskill', 248),
(252, 0, 'N/A', 1, 'Kevin', NULL, '2012-09-20 18:30:00', 'Francik', 249),
(253, 0, 'N/A', 1, 'Shirley', NULL, '2012-09-20 18:30:00', 'Fisher', 250),
(254, 0, 'N/A', 1, 'Cynthia', NULL, '2012-09-20 18:30:00', 'Geric', 251),
(255, 0, 'N/A', 1, 'Todd', NULL, '2012-09-20 18:30:00', 'Kightlinger', 252),
(256, 0, 'N/A', 1, 'Michael', NULL, '2012-09-20 18:30:00', 'Swallow', 253),
(257, 0, 'N/A', 1, 'Chris', NULL, '2012-09-20 18:30:00', 'Slagle', 254),
(258, 0, 'N/A', 1, 'Heather', NULL, '2012-09-20 18:30:00', 'Johnson', 255),
(259, 0, 'N/A', 1, 'Russel', NULL, '2012-09-20 18:30:00', 'Frazee', 256),
(526, 0, 'N/A', 1, 'TBD', NULL, '2012-09-20 18:30:00', 'TBD', 514),
(527, 0, 'N/A', 1, 'TBD', NULL, '2012-09-20 18:30:00', 'TBD', 515),
(531, 0, 'N/A', 1, 'Karen', NULL, '2012-09-20 18:30:00', 'Holbrook', 516),
(532, 0, 'N/A', 1, 'Sam', NULL, '2012-09-20 18:30:00', 'Rahim', 517),
(533, 0, 'N/A', 1, 'Robbie', NULL, '2012-09-20 18:30:00', 'West', 518),
(534, 0, 'N/A', 1, 'Pat', NULL, '2012-09-20 18:30:00', 'McHale', 519),
(535, 0, 'N/A', 1, 'Roger', NULL, '2012-09-20 18:30:00', 'Pennebaker', 520),
(536, 0, 'N/A', 1, 'Stephanie', NULL, '2012-09-20 18:30:00', 'Giachino', 521),
(537, 0, 'N/A', 1, 'Wendy', NULL, '2012-09-20 18:30:00', 'Lewis', 522),
(538, 0, 'N/A', 1, 'Andre', NULL, '2012-09-20 18:30:00', 'D', 523),
(539, 0, 'N/A', 1, 'Larry', NULL, '2012-09-20 18:30:00', 'Gordon', 524),
(540, 0, 'N/A', 1, 'Dan', NULL, '2012-09-20 18:30:00', 'Fazzio', 525),
(541, 0, 'N/A', 1, 'Allyson', NULL, '2012-09-20 18:30:00', 'Koteski', 526),
(542, 0, 'N/A', 1, 'Sam', NULL, '2012-09-20 18:30:00', 'Zeidan', 527),
(543, 0, 'N/A', 1, 'Cleo', NULL, '2012-09-20 18:30:00', 'Taplin', 528),
(544, 0, 'N/A', 1, 'Stacy', NULL, '2012-09-20 18:30:00', 'Kelley', 529),
(545, 0, 'N/A', 1, 'Dixie', NULL, '2012-09-20 18:30:00', 'Jasinski', 530),
(546, 0, 'N/A', 1, 'Farhan', NULL, '2012-09-20 18:30:00', 'Randhawa', 531),
(547, 0, 'N/A', 1, 'Josue', NULL, '2012-09-20 18:30:00', 'Gonzalez', 532),
(548, 0, 'N/A', 1, 'Jarrod', NULL, '2012-09-20 18:30:00', 'Jones', 533),
(549, 0, 'N/A', 1, 'Rob', NULL, '2012-09-20 18:30:00', 'Monnarino', 534),
(550, 0, 'N/A', 1, 'Oliver', NULL, '2012-09-20 18:30:00', 'Codomiu', 535),
(551, 0, 'N/A', 1, 'George', NULL, '2012-09-20 18:30:00', 'Mansour', 536),
(552, 0, 'N/A', 1, 'Marc', NULL, '2012-09-20 18:30:00', 'Garbell', 537),
(553, 0, 'N/A', 1, 'Megan', NULL, '2012-09-20 18:30:00', 'Giczy', 538),
(554, 0, 'N/A', 1, 'Wes', NULL, '2012-09-20 18:30:00', 'Armstrong', 539),
(555, 0, 'N/A', 1, 'George', NULL, '2012-09-20 18:30:00', 'Robinson', 540),
(556, 0, 'N/A', 1, 'Brad', NULL, '2012-09-20 18:30:00', 'Neeley', 541),
(557, 0, 'N/A', 1, 'TBD', NULL, '2012-09-20 18:30:00', 'TBD', 542),
(558, 0, 'N/A', 1, 'Robert', NULL, '2012-09-20 18:30:00', 'Baade', 543),
(559, 0, 'N/A', 1, 'Katie', NULL, '2012-09-20 18:30:00', 'Goree', 544),
(560, 0, 'N/A', 1, 'Teri', NULL, '2012-09-20 18:30:00', 'Sims', 545),
(561, 0, 'N/A', 1, 'Robert', NULL, '2012-09-20 18:30:00', 'Cain', 546),
(562, 0, 'N/A', 1, 'Tim', NULL, '2012-09-20 18:30:00', 'Pichler', 547),
(563, 0, 'N/A', 1, 'Ken', NULL, '2012-09-20 18:30:00', 'Farrell', 548),
(564, 0, 'N/A', 1, 'Rich', NULL, '2012-09-20 18:30:00', 'Revilla', 549),
(565, 0, 'N/A', 1, 'Erik', NULL, '2012-09-20 18:30:00', 'Valera', 550),
(566, 0, 'N/A', 1, 'David', NULL, '2012-09-20 18:30:00', 'Zamora', 551),
(567, 0, 'N/A', 1, 'TBD', NULL, '2012-09-20 18:30:00', 'TBD', 552),
(568, 0, 'N/A', 1, 'Michele', NULL, '2012-09-20 18:30:00', 'Kuczynski', 553),
(569, 0, 'N/A', 1, 'TBD', NULL, '2012-09-20 18:30:00', 'TBD', 554),
(570, 0, 'N/A', 1, 'TBD', NULL, '2012-09-20 18:30:00', 'TBD', 555),
(571, 0, 'N/A', 1, 'TBD', NULL, '2012-09-20 18:30:00', 'TBD', 556),
(572, 0, 'N/A', 1, 'TBD', NULL, '2012-09-20 18:30:00', 'TBD', 557),
(573, 0, 'N/A', 1, 'TBD', NULL, '2012-09-20 18:30:00', 'TBD', 558),
(574, 0, 'N/A', 1, 'Desiree', NULL, '2012-09-20 18:30:00', 'Poston', 559),
(575, 0, 'N/A', 1, 'Chuck', NULL, '2012-09-20 18:30:00', 'Weider', 560),
(576, 0, 'N/A', 1, 'Jorge', NULL, '2012-09-20 18:30:00', 'Fernandez', 561),
(577, 0, 'N/A', 1, 'TBD', NULL, '2012-09-20 18:30:00', 'TBD', 562),
(578, 0, 'N/A', 1, 'TBD', NULL, '2012-09-20 18:30:00', 'TBD', 563),
(579, 0, 'N/A', 1, 'TBD', NULL, '2012-09-20 18:30:00', 'TBD', 564),
(580, 0, 'N/A', 1, 'Cindy', NULL, '2012-09-20 18:30:00', 'Fay', 565),
(581, 0, 'N/A', 1, 'TBD', NULL, '2012-09-20 18:30:00', 'TBD', 566),
(582, 0, 'N/A', 1, 'Mario', NULL, '2012-09-20 18:30:00', 'Gloria', 567),
(583, 0, 'N/A', 1, 'Jo-Anne', NULL, '2012-09-20 18:30:00', 'Gerbino', 568),
(584, 0, 'N/A', 1, 'TBD', NULL, '2012-09-20 18:30:00', 'TBD', 569),
(585, 0, 'N/A', 1, 'TBD', NULL, '2012-09-20 18:30:00', 'TBD', 570),
(586, 0, 'N/A', 1, 'TBD', NULL, '2012-09-20 18:30:00', 'TBD', 571),
(587, 0, 'N/A', 1, 'Ericka', NULL, '2012-09-20 18:30:00', 'Thibodeaux', 572),
(588, 0, 'N/A', 1, 'TBD', NULL, '2012-09-20 18:30:00', 'TBD', 573),
(589, 0, 'N/A', 1, 'Denny', NULL, '2012-09-20 18:30:00', 'Villalon', 574),
(590, 0, 'N/A', 1, 'TBD', NULL, '2012-09-20 18:30:00', 'TBD', 575),
(591, 0, 'N/A', 1, 'TBD', NULL, '2012-09-20 18:30:00', 'TBD', 576),
(592, 0, 'N/A', 1, 'Kelly', NULL, '2012-09-20 18:30:00', 'Ebbenga', 577),
(593, 0, 'N/A', 1, 'TBD', NULL, '2012-09-20 18:30:00', 'TBD', 578),
(594, 0, 'N/A', 0, 'TBD', NULL, '2012-09-20 18:30:00', 'TBD', 579),
(595, 0, 'N/A', 1, 'Sandra', NULL, '2012-09-20 18:30:00', 'Keirstead', 580),
(596, 0, 'N/A', 1, 'TBD', NULL, '2012-09-20 18:30:00', 'TBD', 581),
(597, 0, 'N/A', 1, 'Heidi', NULL, '2012-09-20 18:30:00', 'Bolgrien', 582),
(598, 0, 'N/A', 1, 'James', NULL, '2012-09-20 18:30:00', 'Holmes', 583),
(599, 0, 'N/A', 1, 'Mark', NULL, '2012-09-20 18:30:00', 'Cashman', 584),
(600, 0, 'N/A', 1, 'TBD', NULL, '2012-09-20 18:30:00', 'TBD', 585),
(601, 0, 'N/A', 1, 'Jerry', NULL, '2012-09-20 18:30:00', 'Norman', 586),
(602, 0, 'N/A', 1, 'TBD', NULL, '2012-09-20 18:30:00', 'TBD', 587),
(603, 0, 'N/A', 1, 'Mark', NULL, '2012-09-20 18:30:00', 'Kavanaugh', 588),
(604, 0, 'N/A', 1, 'TBD', NULL, '2012-09-20 18:30:00', 'TBD', 589),
(605, 0, 'N/A', 1, 'Kirk', NULL, '2012-09-20 18:30:00', 'Kairis', 590),
(606, 0, 'N/A', 1, 'Joe', NULL, '2012-09-20 18:30:00', 'Clark', 591),
(607, 0, 'N/A', 1, 'David', NULL, '2012-09-20 18:30:00', 'Littlepage', 592),
(608, 0, 'N/A', 1, 'TBD', NULL, '2012-09-20 18:30:00', 'TBD', 593),
(609, 0, 'N/A', 1, 'Rolfe', NULL, '2012-09-20 18:30:00', 'Kennard', 594),
(610, 0, 'N/A', 1, 'TBD', NULL, '2012-09-20 18:30:00', 'TBD', 595),
(611, 0, 'N/A', 1, 'Stan', NULL, '2012-09-20 18:30:00', 'Simmons', 596),
(612, 0, 'N/A', 1, 'Rich', NULL, '2012-09-20 18:30:00', 'Sternickle', 597),
(613, 0, 'N/A', 1, 'Kimberly', NULL, '2012-09-20 18:30:00', 'Ortiz', 598),
(614, 0, 'N/A', 1, 'Roy', NULL, '2012-09-20 18:30:00', 'Hodge', 599),
(617, 0, 'N/A', 1, 'Keith', NULL, '2012-09-20 18:30:00', 'Shepherd', 601),
(618, 0, 'N/A', 1, 'Chris', NULL, '2012-09-20 18:30:00', 'Robbins', 602),
(619, 0, 'N/A', 1, 'David', NULL, '2012-09-20 18:30:00', 'Troy', 603),
(620, 0, 'N/A', 1, 'Jill', NULL, '2012-09-20 18:30:00', 'French', 604),
(621, 0, 'N/A', 1, 'Erik', NULL, '2012-09-20 18:30:00', 'Magerkorth', 605),
(622, 0, 'N/A', 1, 'Peter', NULL, '2012-09-20 18:30:00', 'Smith', 606),
(623, 0, 'N/A', 1, 'Henry', NULL, '2012-09-20 18:30:00', 'Fournier', 607),
(624, 0, 'N/A', 1, 'Chase', NULL, '2012-09-20 18:30:00', 'Smith', 608),
(625, 0, 'N/A', 1, 'Scott', NULL, '2012-09-20 18:30:00', 'Smith', 609),
(626, 0, 'N/A', 1, 'Benny', NULL, '2012-09-20 18:30:00', 'Whitmire', 610),
(627, 0, 'N/A', 1, 'Jennifer', NULL, '2012-09-20 18:30:00', 'Phillips', 611),
(628, 0, 'N/A', 1, 'Richard', NULL, '2012-09-20 18:30:00', 'Galan', 612),
(629, 0, 'N/A', 1, 'Kirk', NULL, '2012-09-20 18:30:00', 'Loebbecke', 613),
(630, 0, 'N/A', 1, 'Jonathan', NULL, '2012-09-20 18:30:00', 'Druiett', 614),
(631, 0, 'N/A', 1, 'Sue', NULL, '2012-09-20 18:30:00', 'James', 615),
(632, 0, 'N/A', 1, 'Joe', NULL, '2012-09-20 18:30:00', 'Steed', 616),
(633, 0, 'N/A', 1, 'Stephanie', NULL, '2012-09-20 18:30:00', 'Arritola', 617),
(634, 0, 'N/A', 1, 'Carmine', NULL, '2012-09-20 18:30:00', 'LaManna', 618),
(635, 0, 'N/A', 1, 'Joe', NULL, '2012-09-20 18:30:00', 'McClain', 619),
(636, 0, 'N/A', 1, 'Michelle', NULL, '2012-09-20 18:30:00', 'Bowen', 620),
(637, 0, 'N/A', 1, 'Robert', NULL, '2012-09-20 18:30:00', 'Swinson', 621),
(638, 0, 'N/A', 1, 'John', NULL, '2012-09-20 18:30:00', 'Beringhelli', 622),
(639, 0, 'N/A', 1, 'Sera', NULL, '2012-09-20 18:30:00', 'LaMarca', 623),
(640, 0, 'N/A', 1, 'Andy', NULL, '2012-09-20 18:30:00', 'Guyer', 624),
(641, 0, 'N/A', 1, 'Roxana', NULL, '2012-09-20 18:30:00', 'Schild', 625),
(642, 0, 'N/A', 1, 'TBD', NULL, '2012-09-20 18:30:00', 'TBD', 626),
(643, 0, 'N/A', 1, 'Bob', NULL, '2012-09-20 18:30:00', 'Maher', 627),
(644, 0, 'N/A', 1, 'Dustin', NULL, '2012-09-20 18:30:00', 'Jackman', 628),
(645, 0, 'N/A', 1, 'James', NULL, '2012-09-20 18:30:00', 'Wolfe', 629),
(646, 0, 'N/A', 1, 'Dave', NULL, '2012-09-20 18:30:00', 'Himmel', 630),
(647, 0, 'N/A', 1, 'TBD', NULL, '2012-09-20 18:30:00', 'TBD', 631),
(648, 0, 'N/A', 1, 'Paul', NULL, '2012-09-20 18:30:00', 'Beightol', 632),
(649, 0, 'N/A', 1, 'Melissa', NULL, '2012-09-20 18:30:00', 'Thomas', 633),
(650, 0, 'N/A', 1, 'Agust', NULL, '2012-09-20 18:30:00', 'Thorsson', 634),
(651, 0, 'N/A', 1, 'Jon', NULL, '2012-09-20 18:30:00', 'Koller', 635),
(652, 0, 'N/A', 1, '0', NULL, '2012-09-20 18:30:00', '0', 636),
(653, 0, 'N/A', 1, 'Tony', NULL, '2012-09-20 18:30:00', 'B', 637),
(654, 0, 'N/A', 1, 'Kedir', NULL, '2012-09-20 18:30:00', 'WEbly', 638),
(655, 0, 'N/A', 1, 'N/A', NULL, '2012-09-20 18:30:00', 'N/A', 639),
(657, 0, 'N/A', 1, 'Melody', NULL, '2012-09-20 18:30:00', 'Harrison', 641),
(658, 0, 'N/A', 1, 'Admin', NULL, '2012-09-20 18:30:00', 'N/A', 642),
(1679, 0, '', 0, 'NA', '', '2012-09-27 13:22:37', 'NA', 1371),
(1783, 0, '', 1, 'JORGE', '', '2012-10-02 15:51:50', 'FERNANDEZ', 40),
(1900, 0, '', 1, 'Joe ', '', '2012-10-08 07:41:12', 'Clark', 591),
(2001, 0, '', 1, 'Jorge  ', '', '2012-10-10 08:01:10', 'Fernandez', 40),
(2014, 0, '', 1, 'John ', '', '2012-10-10 09:33:49', 'Saunders', 2013),
(2035, 0, '', 1, 'Amanda', '', '2012-10-10 14:54:24', 'O''Sullivan', 2034),
(2051, 0, '', 1, 'Josh ', '', '2012-10-11 09:58:21', 'Turner', 2050),
(2116, 0, '', 1, 'Mack', '', '2012-10-12 15:38:55', 'Ortiz', 2115),
(2187, 0, '', 1, 'Susan', '', '2012-10-15 09:18:30', 'Miller', 2186),
(2252, 0, '', 1, 'Chad', '', '2012-10-16 12:33:43', 'O''Roark', 2251),
(2412, 0, '', 1, 'Mike', '', '2012-10-22 08:50:54', 'Johns', 2411),
(2458, 0, '', 1, 'Jorge', '', '2012-10-23 14:49:40', 'Arredondo', 2457),
(2665, 0, '', 1, 'JOE ', '', '2012-10-31 12:07:51', 'DELMONTE', 2664),
(2695, 0, '', 1, 'Chris', '', '2012-11-01 11:14:58', 'Chartier', 2694),
(2698, 0, '', 1, 'Peter ', '', '2012-11-01 11:47:57', 'Good', 2697),
(2916, 0, '', 1, 'Lane  ', '', '2012-11-12 09:27:28', 'Kress', 2915),
(2983, 0, '', 1, 'Juan ', '', '2012-11-13 15:18:48', 'Mercado', 2982),
(3380, 0, '', 1, 'Joe ', '', '2012-12-04 14:05:54', 'Delmonte', 3379),
(3726, 0, '', 1, 'Sandra  ', '', '2012-12-19 10:10:30', 'Casillas', 81),
(3752, 0, '', 1, 'Dave ', '', '2012-12-20 09:58:02', 'Wharton', 3751),
(3927, 0, '', 1, 'Nick ', '', '2012-12-31 09:40:48', 'Wolter', 3926),
(3981, 0, '', 1, 'Chris ', '', '2013-01-02 16:20:59', 'Roscoe', 2050),
(4432, 0, '', 1, 'Robert ', '', '2013-01-21 09:56:57', 'Waterman', 4431),
(4623, 0, '', 1, 'Amin  ', '', '2013-01-28 10:06:31', 'Naghibi', 579),
(4793, 0, '', 1, 'Michelle', '', '2013-02-04 11:08:29', 'Joslin', 4792),
(5021, 0, '', 1, 'Rick', '', '2013-02-11 08:56:25', 'Decker', 5020),
(5023, 0, '', 1, 'Colleen ', '', '2013-02-11 09:30:49', 'Kennedy', 135),
(5057, 0, '', 1, 'Bill', '', '2013-02-12 13:22:54', 'Parker', 5056),
(5059, 0, '', 1, 'Anthony', '', '2013-02-12 14:42:48', 'Mifsud', 5058),
(5378, 0, '', 1, 'Katherine ', '', '2013-02-21 07:58:08', ' Schurer', 5377),
(5453, 0, '', 1, 'Sean', '', '2013-02-25 11:15:26', 'Washington', 5451),
(5468, 0, '', 1, 'Marco  ', '', '2013-02-25 15:39:55', 'Beckstrand', 5467),
(5902, 0, '', 1, 'DONNY ', '', '2013-03-11 14:17:39', 'ELSTON', 5901),
(5916, 0, '', 1, 'Christy', '', '2013-03-12 07:23:15', 'Blair', 5915),
(6055, 0, '', 1, 'Steve  ', '', '2013-03-18 07:58:39', 'Rosalia', 6054),
(6078, 0, '', 1, 'Sue', '', '2013-03-18 14:36:14', 'Rader', 6077),
(6278, 0, '', 1, 'Carolina ', '', '2013-03-26 11:33:48', 'Rubio', 6277),
(6715, 0, '', 1, 'James', '', '2013-04-08 15:13:35', 'Sowards', 6714),
(6717, 0, '', 1, 'Andy ', '', '2013-04-08 15:46:37', 'Guyer', 624),
(6737, 0, '', 1, 'James', '', '2013-04-09 13:55:08', 'Danielson', 6736),
(6739, 0, '', 1, 'Tony', '', '2013-04-09 13:57:02', 'Ventetuolo', 6738),
(6741, 0, '', 1, 'Juan', '', '2013-04-09 13:58:37', 'Solorio', 6740),
(6743, 0, '', 1, 'Jessica ', '', '2013-04-09 14:01:27', 'Thomas', 1371),
(6745, 0, '', 1, 'Tammy', '', '2013-04-09 14:07:31', 'Hoffman', 6744),
(6747, 0, '', 1, 'James', '', '2013-04-09 14:10:08', 'Walker', 6746),
(6749, 0, '', 1, 'Joe', '', '2013-04-09 14:11:47', 'Becka', 6748),
(6751, 0, '', 1, 'Alicia', '', '2013-04-09 14:14:06', ' Michel-Buchheim', 6750),
(6753, 0, '', 1, 'David ', '', '2013-04-09 14:16:11', 'Troy', 6752),
(6755, 0, '', 1, 'Andrew  ', '', '2013-04-09 14:17:42', 'Barrington', 6754),
(6757, 0, '', 1, 'Mark', '', '2013-04-09 14:19:01', 'Hannan', 6756),
(6830, 0, '', 1, 'Shane', '', '2013-04-12 12:07:57', 'Crowley', 6824),
(6929, 0, '', 1, 'Christine  ', '', '2013-04-16 14:44:55', 'Hammaker', 6928),
(6930, 0, '', 1, 'test1f', '', '2015-12-30 10:38:13', 'test1l', 2),
(6931, 0, 'undefined', 0, 'te', 's', '2015-12-30 04:31:44', 'e', 2),
(6932, 0, 'ew@ds.com', 0, 'e', 'e', '2015-12-30 11:24:39', 'ew', 2),
(6933, 0, 'dssd@d.ff', 0, 'dsd', 'dsfsdf', '2015-12-30 13:44:55', 'dsd', 2);

-- --------------------------------------------------------

--
-- Table structure for table `stafflogin`
--

CREATE TABLE IF NOT EXISTS `stafflogin` (
  `loginname` varchar(255) NOT NULL,
  `enabled` tinyint(1) NOT NULL,
  `lastmodified` timestamp NULL DEFAULT CURRENT_TIMESTAMP,
  `password` varchar(255) NOT NULL,
  `staffid` bigint(20) NOT NULL,
  PRIMARY KEY (`loginname`),
  KEY `fk8550e4894474009b` (`staffid`)
) ENGINE=InnoDB DEFAULT CHARSET=latin1;

--
-- Dumping data for table `stafflogin`
--

INSERT INTO `stafflogin` (`loginname`, `enabled`, `lastmodified`, `password`, `staffid`) VALUES
('babycache', 1, '2012-09-20 18:30:00', 'babycache', 658),
('BCSTORE', 1, '2012-09-20 18:30:00', 'bc2010', 613),
('bru5614', 1, '2012-10-23 14:49:40', 'bru5614', 2458),
('bru5616', 1, '2012-09-20 18:30:00', 'bru5616', 558),
('bru5618', 1, '2012-09-20 18:30:00', 'bru5618', 591),
('bru5619', 1, '2012-09-20 18:30:00', 'bru5619', 526),
('bru5632', 1, '2012-11-13 15:18:48', 'bru5632', 2983),
('bru5636', 1, '2012-10-10 09:33:49', 'bru5636', 2014),
('bru5641', 1, '2012-09-20 18:30:00', 'bru5641', 552),
('bru5644', 1, '2012-09-20 18:30:00', 'bru5644', 638),
('bru5646', 1, '2012-09-20 18:30:00', 'bru5646', 4),
('bru5654', 1, '2012-09-20 18:30:00', 'bru5654', 555),
('bru5657', 1, '2012-09-20 18:30:00', 'bru5657', 581),
('bru5659', 1, '2012-09-20 18:30:00', 'bru5659', 554),
('bru5667', 1, '2012-09-20 18:30:00', 'bru5667', 532),
('bru5668', 1, '2012-09-20 18:30:00', 'bru5668', 32),
('bru5669', 1, '2012-09-20 18:30:00', 'bru5669', 5),
('bru5670', 1, '2015-12-30 13:45:38', 'bru5670', 6),
('bru5671', 1, '2015-12-30 10:58:48', 'bru5671', 7),
('bru5672', 1, '2012-09-20 18:30:00', 'bru5672', 33),
('bru5673', 1, '2012-09-20 18:30:00', 'bru5673', 23),
('bru5674', 1, '2012-09-20 18:30:00', 'bru5674', 24),
('bru5675', 1, '2012-09-20 18:30:00', 'bru5675', 34),
('bru5676', 1, '2012-09-20 18:30:00', 'bru5676', 35),
('bru5677', 1, '2012-09-20 18:30:00', 'bru5677', 36),
('bru5678', 1, '2012-09-20 18:30:00', 'bru5678', 37),
('bru5679', 1, '2012-09-20 18:30:00', 'bru5679', 8),
('bru5680', 1, '2012-09-20 18:30:00', 'bru5680', 38),
('bru5681', 1, '2012-09-20 18:30:00', 'bru5681', 573),
('bru5692', 1, '2012-09-20 18:30:00', 'bru5692', 39),
('bru5693', 1, '2012-09-20 18:30:00', 'bru5693', 9),
('bru5694', 1, '2012-09-20 18:30:00', 'bru5694', 10),
('bru5803', 1, '2012-09-20 18:30:00', 'bru5803', 531),
('bru5804', 1, '2013-04-09 13:55:08', 'bru5804', 6737),
('bru5806', 1, '2013-03-26 11:33:48', 'bru5806', 6278),
('bru5814', 1, '2012-09-20 18:30:00', 'bru5814', 540),
('bru5819', 1, '2012-09-20 18:30:00', 'bru5819', 538),
('bru5821', 1, '2013-04-09 13:58:37', 'bru5821', 6741),
('bru5829', 1, '2012-09-20 18:30:00', 'bru5829', 542),
('bru5857', 1, '2012-10-10 08:01:10', 'bru5857', 2001),
('bru5858', 1, '2012-09-20 18:30:00', 'bru5858', 566),
('bru6002', 1, '2012-12-20 09:58:02', 'bru6002', 3752),
('bru6008', 1, '2012-09-20 18:30:00', 'bru6008', 612),
('bru6016', 1, '2013-02-25 11:15:26', 'bru6016', 5453),
('bru6022', 1, '2012-09-20 18:30:00', 'bru6022', 578),
('bru6034', 1, '2012-09-20 18:30:00', 'bru6034', 562),
('bru6039', 1, '2012-09-20 18:30:00', 'bru6039', 534),
('bru6040', 1, '2013-04-09 14:14:06', 'bru6040', 6751),
('bru6041', 1, '2012-09-20 18:30:00', 'bru6041', 655),
('bru6044', 1, '2013-02-25 15:39:55', 'bru6044', 5468),
('bru6047', 1, '2012-12-31 09:40:48', 'bru6047', 3927),
('bru6050', 1, '2012-09-20 18:30:00', 'bru6050', 107),
('bru6051', 1, '2012-09-20 18:30:00', 'bru6051', 567),
('bru6054', 1, '2012-09-20 18:30:00', 'bru6054', 605),
('bru6057', 1, '2012-11-12 09:27:29', 'bru6057', 2916),
('bru6063', 1, '2012-09-20 18:30:00', 'bru6063', 646),
('bru6078', 1, '2012-09-20 18:30:00', 'bru6078', 645),
('bru6305', 1, '2012-09-20 18:30:00', 'bru6305', 630),
('bru6317', 1, '2012-09-20 18:30:00', 'bru6317', 610),
('bru6318', 1, '2013-02-12 14:42:48', 'bru6318', 5059),
('bru6324', 1, '2012-09-20 18:30:00', 'bru6324', 561),
('bru6329', 1, '2013-04-09 14:19:01', 'bru6329', 6757),
('bru6333', 1, '2012-09-20 18:30:00', 'bru6333', 563),
('bru6339', 1, '2012-09-20 18:30:00', 'bru6339', 634),
('bru6347', 1, '2012-09-20 18:30:00', 'bru6347', 564),
('bru6353', 1, '2012-09-20 18:30:00', 'bru6353', 623),
('bru6357', 1, '2012-09-20 18:30:00', 'bru6357', 218),
('bru6358', 1, '2012-09-20 18:30:00', 'bru6358', 230),
('bru6359', 1, '2012-09-20 18:30:00', 'bru6359', 651),
('bru6364', 1, '2012-09-20 18:30:00', 'bru6364', 207),
('bru6365', 1, '2012-09-20 18:30:00', 'bru6365', 559),
('bru6366', 1, '2012-09-20 18:30:00', 'bru6366', 590),
('bru6369', 1, '2012-09-20 18:30:00', 'bru6369', 231),
('bru6370', 1, '2012-09-20 18:30:00', 'bru6370', 232),
('bru6371', 1, '2012-09-20 18:30:00', 'bru6371', 243),
('bru6372', 1, '2012-09-20 18:30:00', 'bru6372', 244),
('bru6373', 1, '2012-09-20 18:30:00', 'bru6373', 233),
('bru6374', 1, '2012-09-20 18:30:00', 'bru6374', 219),
('bru6375', 1, '2012-09-20 18:30:00', 'bru6375', 234),
('bru6376', 1, '2012-09-20 18:30:00', 'bru6376', 245),
('bru6377', 1, '2012-09-20 18:30:00', 'bru6377', 235),
('bru6378', 1, '2012-09-20 18:30:00', 'bru6378', 220),
('bru6379', 1, '2012-09-20 18:30:00', 'bru6379', 236),
('bru6380', 1, '2012-09-20 18:30:00', 'bru6380', 183),
('bru6382', 1, '2012-09-20 18:30:00', 'bru6382', 654),
('bru6383', 1, '2012-09-20 18:30:00', 'bru6383', 196),
('bru6384', 1, '2012-09-20 18:30:00', 'bru6384', 197),
('bru6385', 1, '2012-09-20 18:30:00', 'bru6385', 198),
('bru6386', 1, '2012-09-20 18:30:00', 'bru6386', 237),
('bru6387', 1, '2012-09-20 18:30:00', 'bru6387', 246),
('bru6388', 1, '2012-09-20 18:30:00', 'bru6388', 199),
('bru6389', 1, '2012-09-20 18:30:00', 'bru6389', 221),
('bru6392', 1, '2012-09-20 18:30:00', 'bru6392', 208),
('bru6393', 1, '2012-09-20 18:30:00', 'bru6393', 184),
('bru6394', 1, '2012-09-20 18:30:00', 'bru6394', 247),
('bru6403', 1, '2012-09-20 18:30:00', 'bru6403', 161),
('bru6409', 1, '2012-09-20 18:30:00', 'bru6409', 553),
('bru6410', 1, '2012-09-20 18:30:00', 'bru6410', 222),
('bru6411', 1, '2012-09-20 18:30:00', 'bru6411', 223),
('bru6414', 1, '2012-09-20 18:30:00', 'bru6414', 185),
('bru6424', 1, '2012-09-20 18:30:00', 'bru6424', 224),
('bru6425', 1, '2012-09-20 18:30:00', 'bru6425', 248),
('bru6426', 1, '2012-09-20 18:30:00', 'bru6426', 149),
('bru6427', 1, '2012-09-20 18:30:00', 'bru6427', 172),
('bru6428', 1, '2012-09-20 18:30:00', 'bru6428', 162),
('bru6429', 1, '2012-09-20 18:30:00', 'bru6429', 209),
('bru6430', 1, '2012-09-20 18:30:00', 'bru6430', 200),
('bru6431', 1, '2012-09-20 18:30:00', 'bru6431', 44),
('bru6432', 1, '2012-09-20 18:30:00', 'bru6432', 40),
('bru6437', 1, '2012-09-20 18:30:00', 'bru6437', 163),
('bru6438', 1, '2012-09-20 18:30:00', 'bru6438', 18),
('bru6439', 1, '2012-09-20 18:30:00', 'bru6439', 186),
('bru6440', 1, '2012-09-20 18:30:00', 'bru6440', 94),
('bru6441', 1, '2012-09-20 18:30:00', 'bru6441', 210),
('bru6442', 1, '2012-09-20 18:30:00', 'bru6442', 95),
('bru6443', 1, '2012-09-20 18:30:00', 'bru6443', 201),
('bru6444', 1, '2012-09-20 18:30:00', 'bru6444', 225),
('bru6445', 1, '2012-09-20 18:30:00', 'bru6445', 25),
('bru6446', 1, '2012-09-20 18:30:00', 'bru6446', 173),
('bru6447', 1, '2012-09-20 18:30:00', 'bru6447', 45),
('bru6448', 1, '2012-09-20 18:30:00', 'bru6448', 150),
('bru6449', 1, '2012-09-20 18:30:00', 'bru6449', 249),
('bru6450', 1, '2012-09-20 18:30:00', 'bru6450', 202),
('bru6452', 1, '2012-09-20 18:30:00', 'bru6452', 254),
('bru6454', 1, '2012-09-20 18:30:00', 'bru6454', 250),
('bru6455', 1, '2012-09-20 18:30:00', 'bru6455', 226),
('bru6456', 1, '2012-09-20 18:30:00', 'bru6456', 174),
('bru6457', 1, '2012-09-20 18:30:00', 'bru6457', 106),
('bru6459', 1, '2012-09-20 18:30:00', 'bru6459', 203),
('bru6461', 1, '2012-09-20 18:30:00', 'bru6461', 63),
('bru6462', 1, '2012-09-20 18:30:00', 'bru6462', 251),
('bru6463', 1, '2012-09-20 18:30:00', 'bru6463', 41),
('bru6464', 1, '2012-09-20 18:30:00', 'bru6464', 123),
('bru6465', 1, '2012-09-20 18:30:00', 'bru6465', 11),
('bru6467', 1, '2012-09-20 18:30:00', 'bru6467', 252),
('bru6468', 1, '2012-09-20 18:30:00', 'bru6468', 204),
('bru6469', 1, '2012-09-20 18:30:00', 'bru6469', 96),
('bru6470', 1, '2012-09-20 18:30:00', 'bru6470', 255),
('bru6471', 1, '2012-09-20 18:30:00', 'bru6471', 124),
('bru6475', 1, '2012-09-20 18:30:00', 'bru6475', 19),
('bru6477', 1, '2012-09-20 18:30:00', 'bru6477', 187),
('bru6478', 1, '2012-09-20 18:30:00', 'bru6478', 256),
('bru6479', 1, '2012-09-20 18:30:00', 'bru6479', 238),
('bru6480', 1, '2012-09-20 18:30:00', 'bru6480', 211),
('bru6481', 1, '2012-09-20 18:30:00', 'bru6481', 239),
('bru6486', 1, '2012-09-20 18:30:00', 'bru6486', 97),
('bru6490', 1, '2012-09-20 18:30:00', 'bru6490', 46),
('bru6491', 1, '2012-09-20 18:30:00', 'bru6491', 212),
('bru6492', 1, '2012-09-20 18:30:00', 'bru6492', 205),
('bru6493', 1, '2012-09-20 18:30:00', 'bru6493', 26),
('bru6494', 1, '2012-09-20 18:30:00', 'bru6494', 213),
('bru6502', 1, '2012-09-20 18:30:00', 'bru6502', 125),
('bru6503', 1, '2012-09-20 18:30:00', 'bru6503', 240),
('bru6504', 1, '2012-09-20 18:30:00', 'bru6504', 253),
('bru6505', 1, '2012-09-20 18:30:00', 'bru6505', 140),
('bru6507', 1, '2012-09-20 18:30:00', 'bru6507', 258),
('bru6508', 1, '2012-09-20 18:30:00', 'bru6508', 569),
('bru6509', 1, '2012-09-20 18:30:00', 'bru6509', 227),
('bru6510', 1, '2012-09-20 18:30:00', 'bru6510', 576),
('bru6511', 1, '2012-09-20 18:30:00', 'bru6511', 47),
('bru6512', 1, '2012-09-20 18:30:00', 'bru6512', 12),
('bru6515', 1, '2012-09-20 18:30:00', 'bru6515', 20),
('bru6516', 1, '2012-09-20 18:30:00', 'bru6516', 21),
('bru6517', 1, '2012-09-20 18:30:00', 'bru6517', 48),
('bru6518', 1, '2012-09-20 18:30:00', 'bru6518', 214),
('bru6519', 1, '2012-09-20 18:30:00', 'bru6519', 164),
('bru6520', 1, '2012-09-20 18:30:00', 'bru6520', 228),
('bru6521', 1, '2012-09-20 18:30:00', 'bru6521', 76),
('bru6533', 1, '2012-09-20 18:30:00', 'bru6533', 241),
('bru6534', 1, '2012-09-20 18:30:00', 'bru6534', 13),
('bru6536', 1, '2012-09-20 18:30:00', 'bru6536', 568),
('bru6538', 1, '2012-09-20 18:30:00', 'bru6538', 229),
('bru6539', 1, '2012-09-20 18:30:00', 'bru6539', 242),
('bru6540', 1, '2012-09-20 18:30:00', 'bru6540', 42),
('bru6543', 1, '2012-09-20 18:30:00', 'bru6543', 98),
('bru6544', 1, '2012-09-20 18:30:00', 'bru6544', 108),
('bru6545', 1, '2012-09-20 18:30:00', 'bru6545', 109),
('bru6546', 1, '2012-09-20 18:30:00', 'bru6546', 14),
('bru6547', 1, '2012-09-20 18:30:00', 'bru6547', 110),
('bru6549', 1, '2012-09-20 18:30:00', 'bru6549', 49),
('bru6550', 1, '2012-09-20 18:30:00', 'bru6550', 56),
('bru6551', 1, '2012-09-20 18:30:00', 'bru6551', 111),
('bru6552', 1, '2012-09-20 18:30:00', 'bru6552', 112),
('bru6553', 1, '2012-09-20 18:30:00', 'bru6553', 27),
('bru6554', 1, '2012-09-20 18:30:00', 'bru6554', 50),
('bru6555', 1, '2012-09-20 18:30:00', 'bru6555', 206),
('bru6556', 1, '2012-09-20 18:30:00', 'bru6556', 580),
('bru6557', 1, '2012-09-20 18:30:00', 'bru6557', 15),
('bru6558', 1, '2012-09-20 18:30:00', 'bru6558', 51),
('bru6559', 1, '2012-09-20 18:30:00', 'bru6559', 188),
('bru6560', 1, '2012-09-20 18:30:00', 'bru6560', 257),
('bru6561', 1, '2012-09-20 18:30:00', 'bru6561', 16),
('bru6562', 1, '2012-09-20 18:30:00', 'bru6562', 151),
('bru6563', 1, '2012-09-20 18:30:00', 'bru6563', 175),
('bru6570', 1, '2012-09-20 18:30:00', 'bru6570', 189),
('bru6575', 1, '2012-09-20 18:30:00', 'bru6575', 141),
('bru6576', 1, '2012-09-20 18:30:00', 'bru6576', 113),
('bru6577b', 1, '2012-09-20 18:30:00', 'bru6577b', 539),
('bru6580', 1, '2012-09-20 18:30:00', 'bru6580', 583),
('bru6581', 1, '2013-01-28 10:06:31', 'bru6581', 4623),
('bru6583', 1, '2012-09-20 18:30:00', 'bru6583', 577),
('bru6605', 1, '2012-09-20 18:30:00', 'bru6605', 546),
('bru6622', 1, '2012-09-20 18:30:00', 'bru6622', 557),
('bru6623', 1, '2012-09-20 18:30:00', 'bru6623', 600),
('bru6624', 1, '2012-09-20 18:30:00', 'bru6624', 624),
('bru6629', 1, '2012-09-20 18:30:00', 'bru6629', 599),
('bru6755', 1, '2012-09-20 18:30:00', 'bru6755', 639),
('bru7004', 1, '2012-10-12 15:38:55', 'bru7004', 2116),
('bru7007', 1, '2012-09-20 18:30:00', 'bru7007', 548),
('bru7009', 1, '2013-01-21 09:56:58', 'bru7009', 4432),
('bru7012', 1, '2012-09-20 18:30:00', 'bru7012', 543),
('bru7013', 1, '2012-09-20 18:30:00', 'bru7013', 81),
('bru7014', 1, '2012-09-20 18:30:00', 'bru7014', 565),
('bru7017', 1, '2012-09-20 18:30:00', 'bru7017', 636),
('bru7026', 1, '2012-09-20 18:30:00', 'bru7026', 587),
('bru7031', 1, '2012-09-20 18:30:00', 'bru7031', 82),
('bru7035', 1, '2012-09-20 18:30:00', 'bru7035', 582),
('bru7504', 1, '2012-09-20 18:30:00', 'bru7504', 653),
('bru7511', 1, '2012-09-20 18:30:00', 'bru7511', 619),
('bru7514', 1, '2012-09-20 18:30:00', 'bru7514', 595),
('bru7518', 1, '2012-09-20 18:30:00', 'bru7518', 593),
('bru7519', 1, '2013-03-11 14:17:39', 'bru7519', 5902),
('bru7527', 1, '2013-04-09 14:16:11', 'bru7527', 6753),
('bru7528', 1, '2013-04-09 14:17:42', 'bru7528', 6755),
('bru7530', 1, '2012-09-20 18:30:00', 'bru7530', 579),
('bru7534', 1, '2012-09-20 18:30:00', 'bru7534', 614),
('bru7537', 1, '2012-09-20 18:30:00', 'bru7537', 620),
('bru7703', 1, '2012-09-20 18:30:00', 'bru7703', 83),
('bru7705', 1, '2012-09-20 18:30:00', 'bru7705', 64),
('bru7707', 1, '2012-09-20 18:30:00', 'bru7707', 176),
('bru7708', 1, '2012-09-20 18:30:00', 'bru7708', 65),
('bru7711', 1, '2012-12-19 10:10:30', 'bru7711', 3726),
('bru7712', 1, '2012-09-20 18:30:00', 'bru7712', 601),
('bru7713', 1, '2012-09-20 18:30:00', 'bru7713', 589),
('bru7812', 1, '2012-09-20 18:30:00', 'bru7812', 596),
('bru7813', 1, '2012-09-20 18:30:00', 'bru7813', 586),
('bru7815', 1, '2012-09-20 18:30:00', 'bru7815', 632),
('bru7820', 1, '2012-09-20 18:30:00', 'bru7820', 628),
('bru7825', 1, '2012-09-20 18:30:00', 'bru7825', 527),
('bru7831', 1, '2013-04-09 14:10:08', 'bru7831', 6747),
('bru8002', 1, '2012-09-20 18:30:00', 'bru8002', 622),
('bru8004', 1, '2012-09-20 18:30:00', 'bru8004', 584),
('bru8009', 1, '2012-09-20 18:30:00', 'bru8009', 631),
('bru8010', 1, '2012-09-20 18:30:00', 'bru8010', 633),
('bru8011', 1, '2012-09-20 18:30:00', 'bru8011', 604),
('bru8019', 1, '2012-09-20 18:30:00', 'bru8019', 626),
('bru8021', 1, '2012-09-20 18:30:00', 'bru8021', 597),
('bru8023', 1, '2012-09-20 18:30:00', 'bru8023', 629),
('bru8245', 1, '2013-04-08 15:46:37', 'bru8245', 6717),
('bru8303', 1, '2012-09-20 18:30:00', 'bru8303', 611),
('bru8305', 1, '2013-04-16 14:44:55', 'bru8305', 6929),
('bru8310', 1, '2012-09-20 18:30:00', 'bru8310', 575),
('bru8315', 1, '2013-04-08 15:13:35', 'bru8315', 6715),
('bru8322', 1, '2012-09-20 18:30:00', 'bru8322', 592),
('bru8336', 1, '2012-09-20 18:30:00', 'bru8336', 541),
('bru8338', 1, '2012-09-20 18:30:00', 'bru8338', 588),
('bru8342', 1, '2013-02-04 11:08:29', 'bru8342', 4793),
('bru8348', 1, '2012-09-20 18:30:00', 'bru8348', 607),
('bru8353', 1, '2013-02-12 13:22:54', 'bru8353', 5057),
('bru8356', 1, '2012-09-20 18:30:00', 'bru8356', 621),
('bru8357', 1, '2012-09-20 18:30:00', 'bru8357', 598),
('bru8358', 1, '2012-10-08 07:41:12', 'bru8358', 1900),
('bru8363', 1, '2012-09-20 18:30:00', 'bru8363', 609),
('bru8371', 1, '2012-09-20 18:30:00', 'bru8371', 177),
('bru8374', 1, '2012-09-20 18:30:00', 'bru8374', 637),
('bru8375', 1, '2013-03-18 07:58:39', 'bru8375', 6055),
('bru8378', 1, '2012-09-20 18:30:00', 'bru8378', 574),
('bru8379', 1, '2012-09-20 18:30:00', 'bru8379', 627),
('bru8702', 1, '2012-12-04 14:05:54', 'bru8702', 3380),
('bru8703', 1, '2012-09-20 18:30:00', 'bru8703', 550),
('bru8707', 1, '2012-10-15 09:18:30', 'bru8707', 2187),
('bru8718', 1, '2012-09-20 18:30:00', 'bru8718', 560),
('bru8722', 1, '2012-09-20 18:30:00', 'bru8722', 547),
('bru8725', 1, '2012-09-20 18:30:00', 'bru8725', 641),
('bru8727', 1, '2012-09-20 18:30:00', 'bru8727', 544),
('bru8729', 1, '2012-09-20 18:30:00', 'bru8729', 572),
('bru8730', 1, '2012-09-20 18:30:00', 'bru8730', 650),
('bru8739', 1, '2012-10-22 08:50:54', 'bru8739', 2412),
('bru8740', 1, '2013-02-11 08:56:25', 'bru8740', 5021),
('bru8751', 1, '2013-01-02 16:20:59', 'bru8751', 3981),
('bru8754', 1, '2012-09-20 18:30:00', 'bru8754', 657),
('bru8755', 1, '2012-09-20 18:30:00', 'bru8755', 647),
('bru8803', 1, '2013-04-09 14:01:27', 'bru8803', 6743),
('bru8805', 1, '2013-04-12 12:07:57', 'bru8805', 6830),
('bru8809', 1, '2013-02-21 07:58:08', 'bru8809', 5378),
('bru8816', 1, '2012-09-20 18:30:00', 'bru8816', 152),
('bru8818', 1, '2012-09-20 18:30:00', 'bru8818', 556),
('bru8826', 1, '2012-09-20 18:30:00', 'bru8826', 142),
('bru8828', 1, '2012-09-20 18:30:00', 'bru8828', 178),
('bru8832', 1, '2012-09-20 18:30:00', 'bru8832', 635),
('bru8834', 1, '2013-04-09 14:07:31', 'bru8834', 6745),
('bru8845', 1, '2012-09-20 18:30:00', 'bru8845', 165),
('bru8850', 1, '2012-09-20 18:30:00', 'bru8850', 649),
('bru8854', 1, '2012-09-20 18:30:00', 'bru8854', 166),
('bru8855', 1, '2012-09-20 18:30:00', 'bru8855', 153),
('bru8856', 1, '2012-09-20 18:30:00', 'bru8856', 143),
('bru8857', 1, '2012-09-20 18:30:00', 'bru8857', 144),
('bru8859', 1, '2012-09-20 18:30:00', 'bru8859', 179),
('bru8860', 1, '2012-09-20 18:30:00', 'bru8860', 180),
('bru8861', 1, '2012-09-20 18:30:00', 'bru8861', 145),
('bru8862', 1, '2012-09-20 18:30:00', 'bru8862', 181),
('bru8863', 1, '2012-09-20 18:30:00', 'bru8863', 182),
('bru8864', 1, '2012-09-20 18:30:00', 'bru8864', 167),
('bru8865', 1, '2012-09-20 18:30:00', 'bru8865', 146),
('bru8867', 1, '2012-09-20 18:30:00', 'bru8867', 533),
('bru8870', 1, '2012-09-20 18:30:00', 'bru8870', 551),
('bru8872', 1, '2012-09-20 18:30:00', 'bru8872', 648),
('bru8873', 1, '2012-10-10 14:54:24', 'bru8873', 2035),
('bru8874', 1, '2012-09-20 18:30:00', 'bru8874', 190),
('bru8875', 1, '2012-09-20 18:30:00', 'bru8875', 191),
('bru8876', 1, '2012-09-20 18:30:00', 'bru8876', 168),
('bru8877', 1, '2012-09-20 18:30:00', 'bru8877', 154),
('bru8878', 1, '2012-09-20 18:30:00', 'bru8878', 155),
('bru8879', 1, '2012-09-20 18:30:00', 'bru8879', 147),
('bru8880', 1, '2012-09-20 18:30:00', 'bru8880', 169),
('bru8881', 1, '2012-09-20 18:30:00', 'bru8881', 156),
('bru8882', 1, '2012-09-20 18:30:00', 'bru8882', 192),
('bru8884', 1, '2012-09-20 18:30:00', 'bru8884', 193),
('bru8885', 1, '2012-09-20 18:30:00', 'bru8885', 194),
('bru8886', 1, '2012-09-20 18:30:00', 'bru8886', 195),
('bru8888', 1, '2012-09-20 18:30:00', 'bru8888', 157),
('bru8889', 1, '2012-09-20 18:30:00', 'bru8889', 158),
('bru8890', 1, '2012-09-20 18:30:00', 'bru8890', 159),
('bru8891', 1, '2012-09-20 18:30:00', 'bru8891', 170),
('bru8892', 1, '2012-09-20 18:30:00', 'bru8892', 171),
('bru8893', 1, '2012-09-20 18:30:00', 'bru8893', 148),
('bru8894', 1, '2012-09-20 18:30:00', 'bru8894', 160),
('bru8911', 1, '2012-09-20 18:30:00', 'bru8911', 571),
('bru8923', 1, '2012-09-20 18:30:00', 'bru8923', 618),
('bru8925', 1, '2012-09-20 18:30:00', 'bru8925', 602),
('bru8933', 1, '2013-03-18 14:36:14', 'bru8933', 6078),
('bru9007', 1, '2012-09-20 18:30:00', 'bru9007', 644),
('bru9008', 1, '2012-09-20 18:30:00', 'bru9008', 643),
('bru9062', 1, '2012-11-01 11:14:58', 'bru9062', 2695),
('bru9063', 1, '2013-04-09 13:57:02', 'bru9063', 6739),
('bru9203', 1, '2012-09-20 18:30:00', 'bru9203', 608),
('bru9204', 1, '2012-09-20 18:30:00', 'bru9204', 585),
('bru9208', 1, '2012-11-01 11:47:57', 'bru9208', 2698),
('bru9214', 1, '2013-03-12 07:23:15', 'bru9214', 5916),
('bru9226', 1, '2012-09-20 18:30:00', 'bru9226', 545),
('bru9232', 1, '2013-04-09 14:11:47', 'bru9232', 6749),
('bru9236', 1, '2012-09-20 18:30:00', 'bru9236', 114),
('bru9237', 1, '2012-09-20 18:30:00', 'bru9237', 126),
('bru9238', 1, '2012-09-20 18:30:00', 'bru9238', 115),
('bru9239', 1, '2012-09-20 18:30:00', 'bru9239', 132),
('bru9240', 1, '2012-09-20 18:30:00', 'bru9240', 133),
('bru9241', 1, '2012-09-20 18:30:00', 'bru9241', 134),
('bru9242', 1, '2012-09-20 18:30:00', 'bru9242', 135),
('bru9243', 1, '2012-09-20 18:30:00', 'bru9243', 127),
('bru9244', 1, '2012-09-20 18:30:00', 'bru9244', 136),
('bru9245', 1, '2012-09-20 18:30:00', 'bru9245', 128),
('bru9246', 1, '2012-09-20 18:30:00', 'bru9246', 116),
('bru9247', 1, '2012-09-20 18:30:00', 'bru9247', 99),
('bru9248', 1, '2012-09-20 18:30:00', 'bru9248', 117),
('bru9249', 1, '2012-09-20 18:30:00', 'bru9249', 100),
('bru9250', 1, '2012-09-20 18:30:00', 'bru9250', 101),
('bru9254', 1, '2012-09-20 18:30:00', 'bru9254', 137),
('bru9255', 1, '2012-09-20 18:30:00', 'bru9255', 102),
('bru9257', 1, '2012-09-20 18:30:00', 'bru9257', 129),
('bru9258', 1, '2012-09-20 18:30:00', 'bru9258', 118),
('bru9260', 1, '2012-09-20 18:30:00', 'bru9260', 103),
('bru9263', 1, '2012-09-20 18:30:00', 'bru9263', 549),
('bru9271', 1, '2012-09-20 18:30:00', 'bru9271', 642),
('bru9279', 1, '2012-09-20 18:30:00', 'bru9279', 104),
('bru9280', 1, '2012-09-20 18:30:00', 'bru9280', 105),
('bru9281', 1, '2012-09-20 18:30:00', 'bru9281', 215),
('bru9282', 1, '2012-09-20 18:30:00', 'bru9282', 216),
('bru9283', 1, '2013-02-11 09:30:49', 'bru9283', 5023),
('bru9284', 1, '2012-09-20 18:30:00', 'bru9284', 139),
('bru9285', 1, '2012-09-20 18:30:00', 'bru9285', 119),
('bru9290', 1, '2012-09-20 18:30:00', 'bru9290', 130),
('bru9291', 1, '2012-09-20 18:30:00', 'bru9291', 217),
('bru9293', 1, '2012-09-20 18:30:00', 'bru9293', 120),
('bru9294', 1, '2012-09-20 18:30:00', 'bru9294', 131),
('bru9504', 1, '2012-09-20 18:30:00', 'bru9504', 536),
('bru9512', 1, '2012-09-20 18:30:00', 'bru9512', 603),
('bru9518', 1, '2012-10-16 12:33:43', 'bru9518', 2252),
('bru9519', 1, '2012-09-20 18:30:00', 'bru9519', 617),
('bru9533', 1, '2012-09-20 18:30:00', 'bru9533', 570),
('bru9536', 1, '2012-09-20 18:30:00', 'bru9536', 625),
('bru9541', 1, '2012-09-20 18:30:00', 'bru9541', 57),
('bru9542', 1, '2012-09-20 18:30:00', 'bru9542', 66),
('bru9543', 1, '2012-09-20 18:30:00', 'bru9543', 58),
('bru9544', 1, '2012-09-20 18:30:00', 'bru9544', 85),
('bru9545', 1, '2012-09-20 18:30:00', 'bru9545', 77),
('bru9546', 1, '2012-09-20 18:30:00', 'bru9546', 86),
('bru9547', 1, '2012-09-20 18:30:00', 'bru9547', 87),
('bru9548', 1, '2012-09-20 18:30:00', 'bru9548', 67),
('bru9549', 1, '2012-09-20 18:30:00', 'bru9549', 88),
('bru9550', 1, '2012-09-20 18:30:00', 'bru9550', 89),
('bru9551', 1, '2012-09-20 18:30:00', 'bru9551', 59),
('bru9552', 1, '2012-09-20 18:30:00', 'bru9552', 68),
('bru9553', 1, '2012-09-20 18:30:00', 'bru9553', 78),
('bru9554', 1, '2012-09-20 18:30:00', 'bru9554', 69),
('bru9555', 1, '2012-09-20 18:30:00', 'bru9555', 90),
('bru9556', 1, '2012-09-20 18:30:00', 'bru9556', 60),
('bru9557', 1, '2012-09-20 18:30:00', 'bru9557', 70),
('bru9558', 1, '2012-09-20 18:30:00', 'bru9558', 91),
('bru9559', 1, '2012-09-20 18:30:00', 'bru9559', 92),
('bru9560', 1, '2012-09-20 18:30:00', 'bru9560', 121),
('bru9561', 1, '2012-09-20 18:30:00', 'bru9561', 71),
('bru9562', 1, '2012-09-20 18:30:00', 'bru9562', 72),
('bru9563', 1, '2012-09-20 18:30:00', 'bru9563', 73),
('bru9566', 1, '2012-09-20 18:30:00', 'bru9566', 52),
('bru9568', 1, '2012-09-20 18:30:00', 'bru9568', 22),
('bru9569', 1, '2012-09-20 18:30:00', 'bru9569', 53),
('bru9570', 1, '2012-09-20 18:30:00', 'bru9570', 28),
('bru9571', 1, '2012-09-20 18:30:00', 'bru9571', 29),
('bru9572', 1, '2012-09-20 18:30:00', 'bru9572', 30),
('bru9573', 1, '2012-09-20 18:30:00', 'bru9573', 54),
('bru9574', 1, '2012-09-20 18:30:00', 'bru9574', 31),
('bru9575', 1, '2012-09-20 18:30:00', 'bru9575', 79),
('bru9576', 1, '2012-09-20 18:30:00', 'bru9576', 122),
('bru9577', 1, '2012-09-20 18:30:00', 'bru9577', 74),
('bru9579', 1, '2012-09-20 18:30:00', 'bru9579', 80),
('bru9580', 1, '2012-09-20 18:30:00', 'bru9580', 55),
('bru9581', 1, '2012-09-20 18:30:00', 'bru9581', 17),
('bru9582', 1, '2012-09-20 18:30:00', 'bru9582', 75),
('bru9583', 1, '2012-09-20 18:30:00', 'bru9583', 61),
('bru9586', 1, '2012-09-20 18:30:00', 'bru9586', 62),
('bru9587', 1, '2012-09-20 18:30:00', 'bru9587', 259),
('bru9588', 1, '2012-09-20 18:30:00', 'bru9588', 93),
('bru9591', 1, '2012-09-20 18:30:00', 'bru9591', 535),
('testlog', 1, '2015-12-30 10:38:13', 'e10adc3949ba59abbe56e057f20f883e', 6930),
('vibrant', 1, '2015-12-15 07:21:36', 'e10adc3949ba59abbe56e057f20f883e', 1),
('vibrant33', 0, '2015-12-30 04:31:44', '14e1b600b1fd579f47433b88e8d85291', 6931),
('vibrantfdfdf', 0, '2015-12-30 13:44:55', 'e10adc3949ba59abbe56e057f20f883e', 6933),
('vibrantww', 0, '2015-12-30 11:24:39', '7adaa756553ba9eb6a235080f6263b5b', 6932);

-- --------------------------------------------------------

--
-- Table structure for table `store`
--

CREATE TABLE IF NOT EXISTS `store` (
  `storeid` bigint(20) NOT NULL AUTO_INCREMENT,
  `address` varchar(255) DEFAULT NULL,
  `archived` tinyint(1) DEFAULT NULL,
  `city` varchar(255) DEFAULT NULL,
  `code` varchar(255) NOT NULL,
  `country` varchar(255) DEFAULT NULL,
  `emailid` varchar(255) DEFAULT NULL,
  `enabled` tinyint(1) DEFAULT '0',
  `fax` varchar(255) DEFAULT NULL,
  `lastmodified` timestamp NOT NULL DEFAULT CURRENT_TIMESTAMP,
  `name` varchar(255) NOT NULL,
  `phone` varchar(255) DEFAULT NULL,
  `state` varchar(255) DEFAULT NULL,
  `zipcode` varchar(255) DEFAULT NULL,
  PRIMARY KEY (`storeid`)
) ENGINE=InnoDB  DEFAULT CHARSET=latin1 AUTO_INCREMENT=6931 ;

--
-- Dumping data for table `store`
--

INSERT INTO `store` (`storeid`, `address`, `archived`, `city`, `code`, `country`, `emailid`, `enabled`, `fax`, `lastmodified`, `name`, `phone`, `state`, `zipcode`) VALUES
(1, '5355 E. Broadway Blvd', 0, 'Tucson', '5646', 'US', NULL, 1, '520-239-0007', '2012-09-20 18:30:00', 'E. Tucson', '520-748-0005', 'AZ', '85711'),
(2, '13672 Jamboree Road', 0, 'Irvine', '5669', 'US', NULL, 1, '714-832-2127', '2012-09-20 18:30:00', 'Tustin', '714-832-7545', 'CA', '92602'),
(3, '4835 E. Ray Road', 0, 'Phoenix', '5670', 'US', NULL, 1, '480-705-4944', '2012-09-20 18:30:00', 'Tempe', '480-705-4940', 'AZ', '85044'),
(4, '8165 Fletcher Parkway', 0, 'La Mesa', '5671', 'US', NULL, 0, '619-589-1220', '2012-09-20 18:30:00', 'La Mesa', '619-589-1880', 'CA', '91942'),
(5, '7540 West Bell Rd.', 0, 'Glendale', '5679', 'US', NULL, 1, '623-878-3910', '2012-09-20 18:30:00', 'Arrowhead', '623-878-3810', 'AZ', '85308'),
(6, '4430 Ontario Mills Parkway', 0, 'Ontario', '5693', 'US', NULL, 1, '909-987-2215', '2012-09-20 18:30:00', 'Ontario', '909-987-2950', 'CA', '91764'),
(7, '4619 N. Oracle Road', 0, 'Tucson', '5694', 'US', NULL, 1, '520-408-1211', '2012-09-20 18:30:00', 'Tucson', '520-408-1118', 'AZ', '85705'),
(8, '7000 East May Blvd', 0, 'Phoenix', '6465', 'US', NULL, 1, '480-585-8410', '2012-09-20 18:30:00', 'Scottsdale', '480-585-7362', 'AZ', '85050'),
(9, '24440 Village Walk Place', 0, 'Murrietta', '6512', 'US', NULL, 1, '951-461-1798', '2012-09-20 18:30:00', 'Murrietta', '951-461-1204', 'CA', '92562'),
(10, '1860 Main Ct.', 0, 'Chula Vista', '6534', 'US', NULL, 1, '619-421-8859', '2012-09-20 18:30:00', 'Chula Vista', '619-421-8556', 'CA', '91911'),
(11, '26532 Towne Centre Dr', 0, 'Foothill Ranch', '6546', 'US', NULL, 1, '949-829-9722', '2012-09-20 18:30:00', 'Foothill Ranch', '949-829-9712', 'CA', '92610'),
(12, '8181 Mira Mesa Blvd', 0, 'San Diego', '6557', 'US', NULL, 1, '858-740-2041', '2012-09-20 18:30:00', 'Mira Mesa', '858-740-2068', 'CA', '92126'),
(13, '1764 S. Signal Butte Rd.', 0, 'Mesa', '6561', 'US', NULL, 1, '480-354-7658', '2012-09-20 18:30:00', 'Mesa', '480-354-3262', 'AZ', '85209'),
(14, '1990 University Drive', 0, 'Vista', '9581', 'US', NULL, 1, '760-732-3403', '2012-09-20 18:30:00', 'Vista', '760-732-3235', 'CA', '92083'),
(15, '45 Hotel Circle', 0, 'Albuquerque', '6438', 'US', NULL, 1, '505-292-1908', '2012-09-20 18:30:00', 'Albuquerque', '505-292-9909', 'NM', '87123'),
(16, '1200 N. Eagle Road', 0, 'Meridian', '6475', 'US', NULL, 1, '208-898-9305', '2012-09-20 18:30:00', 'Boise', '208-884-0488', 'ID', '83642'),
(17, '4042 Riverdale Rd.', 0, 'Ogden', '6515', 'US', NULL, 1, '801-612-0440', '2012-09-20 18:30:00', 'Ogden', '801-612-0400', 'UT', '84405'),
(18, '106 East University Pkwy.', 0, 'Orem', '6516', 'US', NULL, 1, '801-802-8210', '2012-09-20 18:30:00', 'Orem', '801-802-8200', 'UT', '84058'),
(19, '1122 Fort Union Boulevard', 0, 'Midvale', '9568', 'US', NULL, 1, '801-352-1179', '2012-09-20 18:30:00', 'Midvale', '801-352-1086', 'UT', '84047'),
(20, '510 North Stephanie Street', 0, 'Henderson', '5673', 'US', NULL, 1, '702-433-4924', '2012-09-20 18:30:00', 'Henderson', '702-450-2330', 'NV', '89014'),
(21, '2150 North Rainbow Blvd.', 0, 'Las Vegas', '5674', 'US', NULL, 1, '702-647-8543', '2012-09-20 18:30:00', 'NW Las Vegas', '702-647-8512', 'NV', '89108'),
(22, '4869 Kietzke Lane', 0, 'Reno', '6445', 'US', NULL, 1, '775-825-2265', '2012-09-20 18:30:00', 'Reno', '775-825-2229', 'NV', '89509'),
(23, '2502 S. 48 th St.', 0, 'Tacoma', '6493', 'US', NULL, 1, '253-472-9025', '2012-09-20 18:30:00', 'Tacoma', '253-472-4441', 'WA', '98409'),
(24, '6104 N. Division St.', 0, 'Spokane', '6553', 'US', NULL, 1, '509-842-5066', '2012-09-20 18:30:00', 'Spokane', '509-842-5020', 'WA', '99207'),
(25, '17500 Southcenter Parkway', 0, 'Tukwila', '9570', 'US', NULL, 1, '206-575-1884', '2012-09-20 18:30:00', 'Tukwila', '206-575-1819', 'WA', '98188'),
(26, '9650 S.E. 82nd Avenue', 0, 'Portland', '9571', 'US', NULL, 1, '503-777-2874', '2012-09-20 18:30:00', 'Clackamas', '503-777-3006', 'OR', '97266'),
(27, '19500 Alderwood Mall Parkway', 0, 'Lynnwood', '9572', 'US', NULL, 1, '425-672-4540', '2012-09-20 18:30:00', 'Lynnwood', '425-672-0311', 'WA', '98036'),
(28, '7805 S.W. Dartmouth Rd.', 0, 'Tigard', '9574', 'US', NULL, 1, '503-670-7299', '2012-09-20 18:30:00', 'Tigard', '503-670-7539', 'OR', '97223'),
(29, '2753 Eastland Center Drive', 0, 'West Covina', '5668', 'US', NULL, 1, '626-974-4068', '2012-09-20 18:30:00', 'West Covina', '626-974-9265', 'CA', '91791'),
(30, '2575 E. Imperial Highway', 0, 'Brea', '5672', 'US', NULL, 1, '714-256-2542', '2012-09-20 18:30:00', 'Brea', '714-255-2924', 'CA', '92821'),
(31, '2340 North Rose Avenue', 0, 'Oxnard', '5675', 'US', NULL, 1, '805-988-5921', '2012-09-20 18:30:00', 'Oxnard', '805-988-5951', 'CA', '93030'),
(32, '23741 Calabasas Road', 0, 'Calabasas', '5676', 'US', NULL, 1, '818-225-7188', '2012-09-20 18:30:00', 'Calabasas', '818-225-9100', 'CA', '91302'),
(33, '7886 N. Van Nuys Blvd.', 0, 'Van Nuys', '5677', 'US', NULL, 1, '818-994-1499', '2012-09-20 18:30:00', 'Van Nuys', '818-994-2006', 'CA', '91402'),
(34, '11540 South St.', 0, 'Cerritos', '5678', 'US', NULL, 1, '562-865-7592', '2012-09-20 18:30:00', 'Cerritos', '562-865-8771', 'CA', '90703'),
(35, '20120 Hawthorne Blvd.', 0, 'Torrance', '5680', 'US', NULL, 1, '310-371-2516', '2012-09-20 18:30:00', 'Torrance', '310-370-0338', 'CA', '90503'),
(36, '7370 N. Blackstone Ave', 0, 'Pinedale', '5692', 'US', NULL, 1, '559-446-1098', '2012-09-20 18:30:00', 'Fresno', '559-446-1091', 'CA', '93650'),
(37, '9280 Rosedale Highway', 0, 'Bakersfield', '6432', 'US', NULL, 1, '661-587-0714', '2012-09-20 18:30:00', 'Bakersfield', '661-587-0423', 'CA', '93312'),
(38, '530 Westminster Mall', 0, 'Westminster', '6463', 'US', NULL, 1, '714-653-7035', '2012-09-20 18:30:00', 'Westminster-CA', '714-653-7031', 'CA', '92683'),
(39, '1189 Simi Town Center Way', 0, 'Simi Valley', '6540', 'US', NULL, 1, '805-583-2818', '2012-09-20 18:30:00', 'Simi Valley', '805-583-1988', 'CA', '93065'),
(40, '5461 Lone Tree Way', 0, 'Brentwood', '5857', 'US', NULL, 1, '925-513-9078', '2012-09-20 18:30:00', 'Brentwood', '925-513-0398', 'CA', 'N/A'),
(41, '31250 Court House Drive', 0, 'Union City', '6431', 'US', NULL, 1, '510-471-2504', '2012-09-20 18:30:00', 'Union City', '510-471-0382', 'CA', '94587'),
(42, '2785 E. Bidwell St.', 0, 'Folsom', '6447', 'US', NULL, 1, '916-817-2055', '2012-09-20 18:30:00', 'Folsom', '916-817-2022', 'CA', '95630'),
(43, '10640 Trinity Pkwy', 0, 'Stockton', '6490', 'US', NULL, 1, '209-473-9871', '2012-09-20 18:30:00', 'Stockton', '209-473-9858', 'CA', '95219'),
(44, '192 Donahue St.', 0, 'Marin City', '6511', 'US', NULL, 1, '415-332-3765', '2012-09-20 18:30:00', 'Sausalito', '415-332-2699', 'CA', '94965'),
(45, '220 Walnut St.', 0, 'Redwood City', '6517', 'US', NULL, 1, '650-701-0816', '2012-09-20 18:30:00', 'Redwood City', '650-701-0016', 'CA', '94063'),
(46, '1400 Gateway Boulevard', 0, 'Fairfield', '6549', 'US', NULL, 1, '707-207-2002', '2012-09-20 18:30:00', 'Fairfield', '707-207-2049', 'CA', '94533'),
(47, '3938 Horton St', 0, 'Emeryville', '6554', 'US', NULL, 1, '510-637-7055', '2012-09-20 18:30:00', 'Emeryville', '510-637-7003', 'CA', '94608'),
(48, '775 Serramonte Blvd', 0, 'Colma', '6558', 'US', NULL, 1, '650-449-5002', '2012-09-20 18:30:00', 'Serramonte', '650-449-5106', 'CA', '94014'),
(49, '4990 Dublin Boulevard', 0, 'Dublin', '9566', 'US', NULL, 1, '925-875-0357', '2012-09-20 18:30:00', 'Pleasanton', '925-875-0350', 'CA', '94568'),
(50, '865 Blossom Hill Road', 0, 'San Jose', '9569', 'US', NULL, 1, '408-281-1857', '2012-09-20 18:30:00', 'San Jose', '408-281-1710', 'CA', '95123'),
(51, '3500 Sisk Road', 0, 'Modesto', '9573', 'US', NULL, 1, '209-543-6815', '2012-09-20 18:30:00', 'Modesto', '209-543-6803', 'CA', '95356'),
(52, '1248 Galleria Boulevard', 0, 'Roseville', '9580', 'US', NULL, 1, '916-784-9754', '2012-09-20 18:30:00', 'Roseville-CA', '916-784-9741', 'CA', '95678'),
(53, '4646 W. Kellogg', 0, 'Wichita', '6550', 'US', NULL, 1, '316-206-1590', '2012-09-20 18:30:00', 'Wichita', '316-206-2550', 'KS', '67209'),
(54, '4441 Lemay Ferry Road', 0, 'St. Louis', '9541', 'US', NULL, 1, '314-894-0529', '2012-09-20 18:30:00', 'St. Louis', '314-894-8055', 'MO', '63129'),
(55, '14450 East 40 Hwy.', 0, 'Kansas City', '9543', 'US', NULL, 1, '816-350-2225', '2012-09-20 18:30:00', 'Independence', '816-350-2224', 'MO', '64136'),
(56, '5590 St. Louis Mills Blvd', 0, 'Hazelwood', '9551', 'US', NULL, 1, '314-291-0198', '2012-09-20 18:30:00', 'Hazelwood', '314-738-0614', 'MO', '63042'),
(57, '8500 W. 135th Street', 0, 'Overland Park', '9556', 'US', NULL, 1, '913-814-8925', '2012-09-20 18:30:00', 'Overland Park', '913-814-8921', 'KS', '66223'),
(58, '8640 N. Madison Avenue', 0, 'Kansas City', '9583', 'US', NULL, 1, '816-420-0606', '2012-09-20 18:30:00', 'Kansas City', '816-420-8808', 'MO', '64155'),
(59, '220 THF Boulevard', 0, 'Chesterfield', '9586', 'US', NULL, 1, '636-536-3902', '2012-09-20 18:30:00', 'Chesterfield', '636-536-0910', 'MO', '63005'),
(60, 'Las Palmas Market Place \r\n1327 George Dieter Dr.', 0, 'El Paso', '6461', 'US', NULL, 1, '915-591-0326', '2012-09-20 18:30:00', 'El Paso', '915-593-2143', 'TX', '79936'),
(61, '5207 Brodie Lane', 0, 'Sunset Valley', '7705', 'US', NULL, 1, '512-892-1129', '2012-09-20 18:30:00', 'South Austin', '512-358-0191', 'TX', '78745'),
(62, '1309 W. Pipeline Rd', 0, 'Hurst', '7708', 'US', NULL, 1, '817-595-0265', '2012-09-20 18:30:00', 'Hurst', '817-595-2189', 'TX', '76053'),
(63, '420 East Roundgrove Road', 0, 'Lewisville', '9542', 'US', NULL, 1, '972-459-9336', '2012-09-20 18:30:00', 'Lewisville', '972-459-9333', 'TX', '75067'),
(64, '10010 East 71st. Street South', 0, 'Tulsa', '9548', 'US', NULL, 1, '918-250-6078', '2012-09-20 18:30:00', 'Tulsa', '918-250-6444', 'OK', '74133'),
(65, '1501 West Arbrook Blvd.', 0, 'Arlington', '9552', 'US', NULL, 1, '817-784-3501', '2012-09-20 18:30:00', 'Arlington', '817-784-2229', 'TX', '76015'),
(66, '1701 Preston Road Suite E', 0, 'Plano', '9554', 'US', NULL, 1, '972-248-1546', '2012-09-20 18:30:00', 'Plano', '972-735-1229', 'TX', '75093'),
(67, '9333 Research Blvd. Bldg A Ste.200', 0, 'Austin', '9557', 'US', NULL, 1, '512-342-0804', '2012-09-20 18:30:00', 'Austin', '512-342-0805', 'TX', '78759'),
(68, '3850 Beltline Road', 0, 'Addison', '9561', 'US', NULL, 1, '972-247-4290', '2012-09-20 18:30:00', 'Addison', '972-247-4229', 'TX', '75001'),
(69, '1220 Town East Blvd Ste 650', 0, 'Mesquite', '9562', 'US', NULL, 1, '972-681-2416', '2012-09-20 18:30:00', 'Mesquite', '972-682-1450', 'TX', '75150'),
(70, '3525 Riverdale Road', 0, 'Memphis', '9563', 'US', NULL, 1, '901-363-0140', '2012-09-20 18:30:00', 'Memphis', '901-363-0290', 'TN', '38115'),
(71, '1731 Belle Isle Blvd', 0, ' Oklahoma City', '9577', 'US', NULL, 1, '405-840-2809', '2012-09-20 18:30:00', 'Oklahoma City', '405-840-2829', 'OK', '73118'),
(72, '5800 Overton Ridge Blvd.', 0, 'Ft. Worth', '9582', 'US', NULL, 1, '817-423-8984', '2012-09-20 18:30:00', 'Hulen', '817-423-8829', 'TX', '76132'),
(73, '24101-A East Orchard Rd.', 0, 'Aurora', '6521', 'US', NULL, 1, '303-627-5740', '2012-09-20 18:30:00', 'Aurora', '303-627-5730', 'CO', '80016'),
(74, '5142 S. Wadsworth Blvd.', 0, 'Littleton', '9545', 'US', NULL, 1, '303-932-2883', '2012-09-20 18:30:00', 'Littleton', '303-932-2229', 'CO', '80123'),
(75, '9330 Sheridan Blvd.', 0, 'Westminster', '9553', 'US', NULL, 1, '303-650-8711', '2012-09-20 18:30:00', 'Westminster-CO', '303-650-2229', 'CO', '80030'),
(76, '3555 Citadel Drive South', 0, 'Colorado Springs', '9575', 'US', NULL, 1, '719-574-2556', '2012-09-20 18:30:00', 'Colorado Springs', '719-574-7737', 'CO', '80909'),
(77, '7155 Business Center Drive', 0, 'Highlands Ranch', '9579', 'US', NULL, 1, '303-346-0865', '2012-09-20 18:30:00', 'Highlands Ranch', '303-346-6266', 'CO', '80130'),
(78, '4815 East Freeway', 0, 'Baytown', '7013', 'US', NULL, 1, '281-421-9153', '2012-09-20 18:30:00', 'Baytown', '281-421-4647', 'TX', '77521'),
(79, '6145 Westheimer Road', 0, 'Houston', '7031', 'US', NULL, 1, '713-576-7037', '2012-09-20 18:30:00', 'Galleria', '713-576-7039', 'TX', '77057'),
(80, '6851 Veterans Boulevard', 0, 'Metairie', '7703', 'US', NULL, 1, '504-885-8513', '2012-09-20 18:30:00', 'Metairie', '504-885-8242', 'LA', '70003'),
(81, '17610 La Centera Parkway', 0, ' San Antonio', '7711', 'US', NULL, 1, '210-694-4583', '2012-09-20 18:30:00', 'San Antonio', '210-694-2087', 'TX', '78257'),
(82, '15555 Southwest Freeway', 0, 'Sugar Land', '9544', 'US', NULL, 1, '281-980-0459', '2012-09-20 18:30:00', 'Sugar Land', '281-980-9595', 'TX', '77479'),
(83, '20280 Katy Freeway', 0, 'Katy', '9546', 'US', NULL, 1, '281-829-1029', '2012-09-20 18:30:00', 'Katy', '281-829-1000', 'TX', '77449'),
(84, '380 FM 1960 West', 0, 'Houston', '9547', 'US', NULL, 1, '281-586-8862', '2012-09-20 18:30:00', 'Cypress', '281-586-9993', 'TX', '77090'),
(85, '6955 NW Loop 410', 0, 'San Antonio', '9549', 'US', NULL, 1, '210-332-9015', '2012-09-20 18:30:00', 'Ingram', '210-681-2229', 'TX', '78238'),
(86, '14287 Westheimer Road', 0, 'Houston', '9550', 'US', NULL, 1, '281-406-2950', '2012-09-20 18:30:00', 'W. Oaks', '281-870-1920', 'TX', '77077'),
(87, '5770 Hollister Rd.', 0, ' Houston', '9555', 'US', NULL, 1, '713-460-4428', '2012-09-20 18:30:00', 'Hollister', '713-460-9966', 'TX', '77040'),
(88, '819 Rector St.', 0, 'San Antonio', '9558', 'US', NULL, 1, '210-377-0845', '2012-09-20 18:30:00', 'San Antonio', '210-377-2229', 'TX', '78216'),
(89, '9606 Cortana Place', 0, 'Baton Rouge', '9559', 'US', NULL, 1, '225-928-1605', '2012-09-20 18:30:00', 'Baton Rouge', '225-928-2229', 'LA', '70815'),
(90, '18182 Gulf Freeway', 0, ' Friendswood', '9588', 'US', NULL, 1, '281-990-7061', '2012-09-20 18:30:00', 'Baybrook', '281-990-9390', 'TX', '77546'),
(91, '14544 Racho Road', 0, ' Taylor', '6440', 'US', NULL, 1, '734-287-8162', '2012-09-20 18:30:00', 'Taylor', '734-287-5982', 'MI', '48180'),
(92, '3725 Carpenter Road', 0, 'Ypsilanti', '6442', 'US', NULL, 1, '734-477-5836', '2012-09-20 18:30:00', 'Ann Arbor', '734-477-0943', 'MI', '48197'),
(93, '5890 S. Westnedge Ave.', 0, 'Portage', '6469', 'US', NULL, 1, '269-382-6472', '2012-09-20 18:30:00', 'Portage', '269-382-2187', 'MI', '49024'),
(94, '3321 Tittabawassee Road', 0, 'Saginaw', '6486', 'US', NULL, 1, '989-790-6471', '2012-09-20 18:30:00', 'Saginaw', '989-790-5961', 'MI', '48604'),
(95, '5900 W. Saginaw Highway', 0, 'Lansing', '6543', 'US', NULL, 1, '517-391-5438', '2012-09-20 18:30:00', 'Lansing', '517-391-5122', 'MI', '48917'),
(96, '12050 Hall Road', 0, 'Sterling Heights', '9247', 'US', NULL, 1, '586-997-3636', '2012-09-20 18:30:00', 'Sterling Heights', '586-997-2929', 'MI', '48313'),
(97, '20111 Haggerty Road', 0, 'Northville', '9249', 'US', NULL, 1, '248-735-0373', '2012-09-20 18:30:00', 'Northville', '248-735-0365', 'MI', '48167'),
(98, '32233 Gratiot Avenue', 0, 'Roseville', '9250', 'US', NULL, 1, '586-296-6054', '2012-09-20 18:30:00', 'Roseville', '586-296-5615', 'MI', '48066'),
(99, 'G-3274 South Linden Road', 0, 'Flint', '9255', 'US', NULL, 1, '810-732-1895', '2012-09-20 18:30:00', 'Flint', '810-732-8021', 'MI', '48507'),
(100, '4923 28th Street South East', 0, 'Grand Rapids', '9260', 'US', NULL, 1, '616-977-9637', '2012-09-20 18:30:00', 'Grand Rapids', '616-977-9623', 'MI', '49512'),
(101, '1360 S. Holland-Sylvania Road', 0, 'Holland', '9279', 'US', NULL, 1, '419-861-7027', '2012-09-20 18:30:00', 'Toledo', '419-861-7015', 'OH', '43528'),
(102, '4936 Baldwin Road', 0, 'Orion Township', '9280', 'US', NULL, 1, '248-391-6972', '2012-09-20 18:30:00', 'Auburn Hills', '248-391-3367', 'MI', '48359'),
(103, '7055 Market Place Drive', 0, 'Aurora', '6457', 'US', NULL, 1, '330-995-4630', '2012-09-20 18:30:00', 'Bainbridge', '330-995-4725', 'OH', '44202'),
(104, '808 Apache Lane SW', 0, 'Rochester', '6050', 'US', NULL, 1, '507-322-9380', '2012-09-20 18:30:00', 'Rochester SBS', '507-286-9291', 'MN', '55902'),
(105, '6420 W. Fullerton-Suite A', 0, 'Chicago', '6544', 'US', NULL, 1, '773-413-5000', '2012-09-20 18:30:00', 'Bricktown', '773-413-5005', 'IL', '60707'),
(106, '2401 N. Fairview Ave', 0, 'Roseville', '6545', 'US', NULL, 1, '651-367-0036', '2012-09-20 18:30:00', 'Roseville', '651-367-2165', 'MN', '55113'),
(107, '18550 W. Bluemound Rd.', 0, 'Brookfield', '6547', 'US', NULL, 1, '262-782-2373', '2012-09-20 18:30:00', 'Brookfield', '262-782-7520', 'WI', 'N/A'),
(108, '8236 Tamarack Village', 0, 'Woodbury', '6551', 'US', NULL, 1, '651-367-0028', '2012-09-20 18:30:00', 'Woodbury', '651-367-6820', 'MN', '55125'),
(109, '2161 Zeier Road', 0, 'Madison', '6552', 'US', NULL, 1, '608-234-6851', '2012-09-20 18:30:00', 'Madison', '608-234-6936', 'WI', '53704'),
(110, '994 Brook Forest Ave.', 0, 'Shorewood', '6576', 'US', NULL, 1, '815-439-4790', '2012-09-20 18:30:00', 'Shorewood', '815-439-3676', 'IL', '60431'),
(111, '16 East Golf Road', 0, 'Schaumburg', '9236', 'US', NULL, 1, '847-781-8870', '2012-09-20 18:30:00', 'Schaumburg', '847-781-8889', 'IL', '60173'),
(112, '1955 Glacier Park Avenue', 0, 'Naperville', '9238', 'US', NULL, 1, '630-717-7462', '2012-09-20 18:30:00', 'Naperville', '630-416-2225', 'IL', '60540'),
(113, '7750 South Cicero Avenue', 0, 'Burbank', '9246', 'US', NULL, 1, '708-424-8108', '2012-09-20 18:30:00', 'Burbank', '708-424-8755', 'IL', '60459'),
(114, '15820 94th Avenue', 0, 'Orland Park', '9248', 'US', NULL, 1, '708-873-9641', '2012-09-20 18:30:00', 'Orland Park', '708-873-9634', 'IL', '60462'),
(115, '481 E. Roosevelt Road', 0, 'Lombard', '9258', 'US', NULL, 1, '630-495-9328', '2012-09-20 18:30:00', 'Lombard', '630-495-9161', 'IL', '60148'),
(116, '5660 West Touhy Avenue', 0, 'Niles', '9285', 'US', NULL, 1, '847-588-2287', '2012-09-20 18:30:00', 'Niles', '847-588-2081', 'IL', '60714'),
(117, '295 Center Drive', 0, 'Vernon Hills', '9293', 'US', NULL, 1, '847-573-9783', '2012-09-20 18:30:00', 'Vernon Hills', '847-573-1447', 'IL', '60061'),
(118, '900 West 78th Street South', 0, 'Richfield', '9560', 'US', NULL, 1, '612-861-2080', '2012-09-20 18:30:00', 'Richfield', '612-861-2249', 'MN', '55423'),
(119, '12750 Elm Creek Blvd. North', 0, 'Maple Grove', '9576', 'US', NULL, 1, '763-494-5754', '2012-09-20 18:30:00', 'Maple Grove', '763-494-5747', 'MN', '55369'),
(120, '435 E. University Dr.', 0, 'Granger', '6464', 'US', NULL, 1, '574-243-0231', '2012-09-20 18:30:00', 'Mishawaka', '574-247-3024', 'IN', '46530'),
(121, '6501 E. Lloyd Expressway', 0, 'Evansville', '6471', 'US', NULL, 1, '812-402-4321', '2012-09-20 18:30:00', 'Evansville', '812-402-4300', 'IN', '47715'),
(122, '2601 Veteran''s Parkway', 0, 'Springfield', '6502', 'US', NULL, 1, '217-546-5989', '2012-09-20 18:30:00', 'Springfield, IL', '217-546-0367', 'IL', '62704'),
(123, '8800 US 31 South', 0, 'Indianapolis', '9237', 'US', NULL, 1, '317-885-6861', '2012-09-20 18:30:00', 'Greenwood', '317-885-7700', 'IN', '46227'),
(124, '3928 E 82nd Street', 0, 'Indianapolis', '9243', 'US', NULL, 1, '317-577-2360', '2012-09-20 18:30:00', 'Indianapolis', '317-577-2200', 'IN', '46240'),
(125, '4623 Shelbyville Road', 0, 'Louisville', '9245', 'US', NULL, 1, '502-896-0819', '2012-09-20 18:30:00', 'Louisville', '502-896-9994', 'KY', '40207'),
(126, '1965 Star Shoot Parkway ', 0, 'Lexington', '9257', 'US', NULL, 1, '859-264-8089', '2012-09-20 18:30:00', 'Lexington', '859-263-8598', 'KY', '40509'),
(127, '4140 Coldwater Road', 0, 'Fort Wayne', '9290', 'US', NULL, 1, '260-483-5925', '2012-09-20 18:30:00', 'Fort Wayne', '260-482-5254', 'IN', '46805'),
(128, '1335 East 79th Street', 0, 'Merrillville', '9294', 'US', NULL, 1, '219-736-4942', '2012-09-20 18:30:00', 'Merrillville', '219-736-1028', 'IN', '46410'),
(129, '2686 Taylor Road', 0, ' Reynoldsburg', '9239', 'US', NULL, 1, '614-759-7813', '2012-09-20 18:30:00', 'Columbus', '614-759-7744', 'OH', '43068'),
(130, '2661 Miamisburg-Centerville Rd.', 0, 'Dayton', '9240', 'US', NULL, 1, '937-438-5927', '2012-09-20 18:30:00', 'Dayton', '937-438-5552', 'OH', '45459'),
(131, '6655 Strip Avenue NW', 0, ' N. Canton', '9241', 'US', NULL, 1, '330-305-1556', '2012-09-20 18:30:00', 'N. Canton', '330-305-1750', 'OH', '44720'),
(132, '3610 West Dublin-Granville Rd.', 0, ' Columbus', '9242', 'US', NULL, 1, '614-798-0460', '2012-09-20 18:30:00', 'Dublin', '614-799-2229', 'OH', '43235'),
(133, '925 Cincinnati Mills Dr.', 0, 'Cincinnati', '9244', 'US', NULL, 1, '513-671-3926', '2012-09-20 18:30:00', 'Forest Park', '513-671-2430', 'OH', '45240'),
(134, '1240 Doral Drive', 0, 'Boardman', '9254', 'US', NULL, 1, '330-965-0419', '2012-09-20 18:30:00', 'Boardman', '330-965-0412', 'OH', '44514'),
(135, '7841 Mentor Ave, Mentor City Shopping Center', 0, 'Mentor', '9283', 'US', NULL, 1, '440-974-7944', '2012-09-20 18:30:00', 'Mentor', '440-974-7388', 'OH', '44060'),
(136, '26520 Lorain Road', 0, 'North Olmsted', '9284', 'US', NULL, 1, '440-716-8622', '2012-09-20 18:30:00', 'North Olmsted', '440-716-8614', 'OH', '44070'),
(137, '114 Commerce Lane', 0, 'Fairview Heights', '6505', 'US', NULL, 1, '618-398-6486', '2012-09-20 18:30:00', 'Fairview Heights', '618-398-7099', 'IL', '62208'),
(138, '4999 Houston Road', 0, 'Florence', '6575', 'US', NULL, 1, '859-282-8932', '2012-09-20 18:30:00', 'Florence', '859-282-8921', 'KY', '41042'),
(139, '1250 North Alafaya Trail', 0, 'Orlando', '8826', 'US', NULL, 1, '000-000-0000', '2012-09-20 18:30:00', 'Waterford Lakes', '407-736-8089', 'FL', '32800'),
(140, '2654 East Colonial Drive', 0, 'Orlando', '8856', 'US', NULL, 1, '407-896-7117', '2012-09-20 18:30:00', 'Orlando', '407-896-7757', 'FL', '32803'),
(141, '15625 SW 88th Street', 0, ' Miami (Kendall)', '8857', 'US', NULL, 1, '305-929-9049', '2012-09-20 18:30:00', 'Kendall', '305-382-4060', 'FL', '33196'),
(142, '11930 Pines Blvd.', 0, ' Pembroke Pines', '8861', 'US', NULL, 1, '954-624-3241', '2012-09-20 18:30:00', 'Pembroke Pines', '954-441-8600', 'FL', '33026'),
(143, '7350 W Commercial Blvd.', 0, 'Lauderhill', '8865', 'US', NULL, 1, '954-626-1091', '2012-09-20 18:30:00', 'Lauderhill', '954-749-2229', 'FL', '33319'),
(144, '4895 Okeechobee Blvd.', 0, 'W. Palm Beach', '8879', 'US', NULL, 1, '561-478-9470', '2012-09-20 18:30:00', 'West Palm Beach', '561-478-9400', 'FL', '33417'),
(145, '708 West State Road 436', 0, 'Altamonte Springs', '8893', 'US', NULL, 1, '407-772-9197', '2012-09-20 18:30:00', 'Altamonte Springs', '407-772-9190', 'FL', '32714'),
(146, '975 Hanes Mall Blvd', 0, 'Winston Salem', '6426', 'US', NULL, 1, '336-768-9511', '2012-09-20 18:30:00', 'Winston Salem', '336-765-5600', 'NC', '27103'),
(147, '1856 Catawba Valley Blvd.', 0, 'Hickory', '6448', 'US', NULL, 1, '828-304-0060', '2012-09-20 18:30:00', 'Hickory', '828-304-6300', 'NC', '28602'),
(148, '7001 Fayetteville Road', 0, 'Durham', '6562', 'US', NULL, 1, '919-361-1274', '2012-09-20 18:30:00', 'Durham', '919-544-9024', 'NC', '27713'),
(149, '801 Fairview Road', 0, 'Asheville', '8816', 'US', NULL, 1, '828-298-6891', '2012-09-20 18:30:00', 'Asheville', '828-298-2229', 'NC', '28803'),
(150, '4225 Washington Road', 0, 'Evans', '8855', 'US', NULL, 1, '706-210-7941', '2012-09-20 18:30:00', 'Evans', '706-210-7858', 'GA', '30809'),
(151, '605 Haywood Road', 0, 'Greenville', '8877', 'US', NULL, 1, '864-234-9046', '2012-09-20 18:30:00', 'Greenville', '864-297-9444', 'SC', '29607'),
(152, '9575 South Boulevard', 0, 'Charlotte', '8878', 'US', NULL, 1, '704-643-0090', '2012-09-20 18:30:00', 'Pineville', '704-643-2229', 'NC', '28273'),
(153, '8062 Concord Mills Blvd', 0, 'Concord', '8881', 'US', NULL, 1, '704-979-0851', '2012-09-20 18:30:00', 'Concord', '704-979-0840', 'NC', '28027'),
(154, '7220 Rivers Avenue', 0, 'N. Charleston', '8888', 'US', NULL, 1, '843-863-9854', '2012-09-20 18:30:00', 'N. Charleston', '843-824-9493', 'SC', '29406'),
(155, '3501 Capital Blvd.', 0, 'Raleigh', '8889', 'US', NULL, 1, '919-790-7165', '2012-09-20 18:30:00', 'Raleigh', '919-790-2229', 'NC', '27604'),
(156, '254 Harbison Boulevard', 0, 'Columbia', '8890', 'US', NULL, 1, '803-407-6192', '2012-09-20 18:30:00', 'Columbia', '803-407-4782', 'SC', '29212'),
(157, '1214 Bridford Parkway', 0, 'Greensboro', '8894', 'US', NULL, 1, '336-543-1065', '2012-09-20 18:30:00', 'Greensboro', '336-547-9050', 'NC', '27407'),
(158, '6875 Douglas Boulevard', 0, 'Douglasville', '6403', 'US', NULL, 1, '770-949-4457', '2012-09-20 18:30:00', 'Douglasville', '770-949-2209', 'GA', '30135'),
(159, '6001 Argyle Forest Blvd', 0, 'Jacksonville', '6428', 'US', NULL, 1, '904-908-9776', '2012-09-20 18:30:00', 'Orange Park', '904-908-9696', 'FL', '32244'),
(160, '8160 Mall Parkway', 0, 'Lithonia', '6437', 'US', NULL, 1, '770-484-7526', '2012-09-20 18:30:00', 'Conyers', '770-484-9697', 'GA', '30058'),
(161, '221 Newnan Crossing Bypass', 0, 'Newnan', '6519', 'US', NULL, 1, '770-502-1769', '2012-09-20 18:30:00', 'Newnan', '770-502-1816', 'GA', '30264'),
(162, '1960 Mt. Zion Road', 0, 'Morrow', '8845', 'US', NULL, 1, '770-477-5811', '2012-09-20 18:30:00', 'Morrow', '770-477-5111', 'GA', '30260'),
(163, '1875 Greers Chapel Road', 0, 'Kennesaw', '8854', 'US', NULL, 1, '770-659-1090', '2012-09-20 18:30:00', 'Kennesaw', '770-919-2229', 'GA', '30144'),
(164, '6380 No. Point Parkway', 0, 'Alpharetta', '8864', 'US', NULL, 1, '770-910-9018', '2012-09-20 18:30:00', 'Alpharetta', '770-752-9000', 'GA', '30022'),
(165, '9400 Atlantic Blvd.', 0, 'Jacksonville', '8876', 'US', NULL, 1, '904-720-0907', '2012-09-20 18:30:00', 'Jacksonville', '904-720-2229', 'FL', '32225'),
(166, '2020 Gunbarrel Rd  Ste 400', 0, 'Chattanooga', '8880', 'US', NULL, 1, '423-499-8481', '2012-09-20 18:30:00', 'Chattanooga', '423-894-7277', 'TN', '37421'),
(167, '3925 Venture Drive', 0, 'Duluth', '8891', 'US', NULL, 1, '770-622-3977', '2012-09-20 18:30:00', 'Gwinnett', '770-622-8888', 'GA', '30096'),
(168, '1155 Mount Vernon Highway  Suite 300', 0, ' Dunwoody', '8892', 'US', NULL, 1, '770-698-9685', '2012-09-20 18:30:00', 'Dunwoody', '770-913-0222', 'GA', '30338'),
(169, '6275 University Drive', 0, 'Huntsville', '6427', 'US', NULL, 1, '256-922-9791', '2012-09-20 18:30:00', 'Huntsville', '256-922-9192', 'AL', '35806'),
(170, '11201 Causeway Blvd', 0, 'Brandon', '6446', 'US', NULL, 1, '813-651-4217', '2012-09-20 18:30:00', 'Brandon', '813-685-7899', 'FL', '33511'),
(171, '21315 US 19  Drew S/C', 0, 'Clearwater', '6456', 'US', NULL, 1, '727-726-2033', '2012-09-20 18:30:00', 'Clearwater', '727-726-6333', 'FL', '33765'),
(172, '2205 Gallatin Pike North', 0, 'Madison', '6563', 'US', NULL, 1, '615-855-3899', '2012-09-20 18:30:00', 'Rivergate', '615-855-3773', 'TN', '37115'),
(173, '260 Ridge Way RD.', 0, 'Flowood', '7707', 'US', NULL, 1, '601-919-0941', '2012-09-20 18:30:00', 'Jackson', '601-919-8242', 'MS', '39232'),
(174, '1910 N. Roan Street', 0, ' Johnson City', '8371', 'US', NULL, 1, '423-283-0686', '2012-09-20 18:30:00', 'Johnson City SBS', '423-283-4219', 'TN', '37601'),
(175, '3658-A Airport Blvd', 0, 'Mobile', '8828', 'US', NULL, 1, '251-304-0975', '2012-09-20 18:30:00', 'Mobile', '251-304-0950', 'AL', '36608'),
(176, '3908 West Hillsborough Avenue', 0, ' Tampa', '8859', 'US', NULL, 1, '813-879-0806', '2012-09-20 18:30:00', 'Tampa', '813-873-1116', 'FL', '33614'),
(177, '5731 Nolensville Road', 0, 'Nashville', '8860', 'US', NULL, 1, '615-834-5067', '2012-09-20 18:30:00', 'Nashville', '615-781-2229', 'TN', '37211'),
(178, '345 State Farm Parkway', 0, 'Homewood', '8862', 'US', NULL, 1, '205-948-1714', '2012-09-20 18:30:00', 'Birmingham', '205-945-5651', 'AL', '35209'),
(179, '9626 Kingston Pike', 0, 'Knoxville', '8863', 'US', NULL, 1, '865-769-0209', '2012-09-20 18:30:00', 'Knoxville', '865-769-9911', 'TN', '37922'),
(180, '5700 Leesburg Pike', 0, 'Falls Church', '6380', 'US', NULL, 1, '703-575-9545', '2012-09-20 18:30:00', 'Baileys', '703-575-9542', 'VA', '22041'),
(181, '21300 Signal Hill Plaza', 0, 'Sterling', '6393', 'US', NULL, 1, '703-421-3083', '2012-09-20 18:30:00', 'Sterling', '571-434-8850', 'VA', '20164'),
(182, '12012 Cherry Hill Road', 0, 'Silver Spring', '6414', 'US', NULL, 1, '301-586-8637', '2012-09-20 18:30:00', 'Silver Spring', '301-586-8630', 'MD', '20904'),
(183, '12153 Jefferson Ave.', 0, 'Newport News', '6439', 'US', NULL, 1, '757-269-0143', '2012-09-20 18:30:00', 'Newport News', '757-269-0140', 'VA', '23602'),
(184, '2969 Festival Way', 0, 'Waldorf', '6477', 'US', NULL, 1, '301-396-8048', '2012-09-20 18:30:00', 'Waldorf', '301-396-8037', 'MD', '20601'),
(185, '1238 Putty Hill Ave', 0, 'Towson', '6559', 'US', NULL, 1, '410-372-5001', '2012-09-20 18:30:00', 'Towson', '410-372-5000', 'MD', '21286'),
(186, '13315 Rittenhouse Drive', 0, 'Midlothian', '6570', 'US', NULL, 1, '804-744-4183', '2012-09-20 18:30:00', 'S.Richmond', '804-744-2595', 'VA', '23112'),
(187, '6501A Baltimore Natl Pike', 0, 'Baltimore', '8874', 'US', NULL, 1, '410-744-8475', '2012-09-20 18:30:00', 'Catonsville', '410-744-0820', 'MD', '21228'),
(188, '8040 Ritchie Hwy.', 0, 'Pasadena', '8875', 'US', NULL, 1, '410-863-8843', '2012-09-20 18:30:00', 'Pasadena', '410-863-8840', 'MD', '21122'),
(189, '1336 Greenbrier Parkway', 0, 'Chesapeake', '8882', 'US', NULL, 1, '757-553-8000', '2012-09-20 18:30:00', 'Chesapeake', '757-548-2255', 'VA', '23320'),
(190, '13954 Metro Tech Drive', 0, 'Chantilly', '8884', 'US', NULL, 1, '703-502-0577', '2012-09-20 18:30:00', 'Chantilly', '703-502-9200', 'VA', '20151'),
(191, '14173 Crossing Place', 0, 'Woodbridge', '8885', 'US', NULL, 1, '703-492-6460', '2012-09-20 18:30:00', 'Potomac Mills', '703-492-0209', 'VA', '22192'),
(192, '9004 West Broad Street', 0, 'Richmond', '8886', 'US', NULL, 1, '804-614-9920', '2012-09-20 18:30:00', 'Richmond', '804-747-4720', 'VA', '23294'),
(193, '450 Grossman Drive', 0, 'Braintree', '6383', 'US', NULL, 1, '781-228-4420', '2012-09-20 18:30:00', 'Braintree', '781-356-0475', 'MA', '2184'),
(194, '300 Andover Street', 0, 'Peabody', '6384', 'US', NULL, 1, '978-532-9103', '2012-09-20 18:30:00', 'Peabody', '978-532-0400', 'MA', '1960'),
(195, '300 Quaker Lane', 0, 'Warwick', '6385', 'US', NULL, 1, '401-827-9927', '2012-09-20 18:30:00', 'Warwick', '401-827-9920', 'RI', '02886'),
(196, '1255 So. Washington St.', 0, 'No. Attleboro', '6388', 'US', NULL, 1, '508-699-8434', '2012-09-20 18:30:00', 'N.Attleboro', '508-699-8218', 'MA', '02760'),
(197, '200 Running Hill Road, Suite 6', 0, 'So. Portland', '6430', 'US', NULL, 1, '207-773-7059', '2012-09-20 18:30:00', 'Portland', '207-773-4861', 'ME', '04106'),
(198, '12 Mystic View Road', 0, 'Everett', '6443', 'US', NULL, 1, '617-381-7528', '2012-09-20 18:30:00', 'Everett', '617-381-1537', 'MA', '02149'),
(199, 'Shoppers World Plaza 1 Worcester Road', 0, 'Framingham', '6450', 'US', NULL, 1, '508-872-4596', '2012-09-20 18:30:00', 'Framingham', '508-872-9358', 'MA', '01701'),
(200, '447 South Broadway', 0, 'Salem', '6459', 'US', NULL, 1, '603-893-4819', '2012-09-20 18:30:00', 'Salem', '603-893-2614', 'NH', '03079'),
(201, '70 Worcester Providence Turnpike-Rt. 146  Suite 170', 0, 'Millbury', '6468', 'US', NULL, 1, '508-865-8942', '2012-09-20 18:30:00', 'Millbury', '508-865-9868', 'MA', '01527'),
(202, '29 Gusabel Avenue', 0, 'Nashua', '6492', 'US', NULL, 1, '603-881-3982', '2012-09-20 18:30:00', 'Nashua', '603-881-4306', 'NH', '03063'),
(203, '50 Holyoke Street', 0, 'Holyoke', '6555', 'US', NULL, 1, '413-315-2031', '2012-09-20 18:30:00', 'Holyoke', '413-315-2000', 'MA', '1040'),
(204, '416 Harry L. Dr. Rts 201 & 17', 0, 'Binghamton', '6364', 'US', NULL, 1, '607-770-8915', '2012-09-20 18:30:00', 'Binghamton SBS', '607-770-9300', 'NY', '13790'),
(205, '1559 New Britian Avenue', 0, 'West Hartford', '6392', 'US', NULL, 1, '860-561-0871', '2012-09-20 18:30:00', 'West Hartford', '860-561-0329', 'CT', '06110'),
(206, '169 Hale Road', 0, 'Manchester', '6429', 'US', NULL, 1, '860-644-6145', '2012-09-20 18:30:00', 'Manchester', '860-644-6084', 'CT', '06042'),
(207, '1522-24 Boston Post Road (P.O. Box 5144)', 0, ' Milford', '6441', 'US', NULL, 1, '203-876-8503', '2012-09-20 18:30:00', 'Milford', '203-876-9979', 'CT', '6460'),
(208, '1822 South Road', 0, 'Wappingers Falls', '6480', 'US', NULL, 1, '845-297-4721', '2012-09-20 18:30:00', 'Poughkeepsie', '845-297-4579', 'NY', '12590'),
(209, '915 Hartford Turnpike  Unit A-5', 0, 'Waterford', '6491', 'US', NULL, 1, '860-447-4599', '2012-09-20 18:30:00', 'Waterford', '860-447-4589', 'CT', '06385'),
(210, '221 Wade Road Extension', 0, 'Latham', '6494', 'US', NULL, 1, '518-783-9278', '2012-09-20 18:30:00', 'Latham', '518-783-0632', 'NY', '12110'),
(211, '19 Backus Ave.', 0, 'Danbury', '6518', 'US', NULL, 1, '203-790-8893', '2012-09-20 18:30:00', 'Danbury', '203-790-8898', 'CT', '06810'),
(212, '2335 Marketplace Drive', 0, 'Rochester', '9281', 'US', NULL, 1, '585-424-7512', '2012-09-20 18:30:00', 'Henrietta', '585-424-7170', 'NY', '14623'),
(213, '1569 Niagara Falls Blvd', 0, 'Amherst', '9282', 'US', NULL, 1, '716-803-1405', '2012-09-20 18:30:00', 'Amherst', '716-803-1399', 'NY', '14228'),
(214, '2027 Park Street', 0, 'Syracuse', '9291', 'US', NULL, 1, '315-424-2516', '2012-09-20 18:30:00', 'Syracuse', '315-424-3998', 'NY', '13208'),
(215, '1350 Corporate Drive', 0, 'Westbury', '6357', 'US', NULL, 1, '516-227-3429', '2012-09-20 18:30:00', 'Westbury', '516-227-2669', 'NY', '11590'),
(216, '5181 Sunrise Highway', 0, 'Bohemia', '6374', 'US', NULL, 1, '631-218-9403', '2012-09-20 18:30:00', 'Sayville', '631-218-9101', 'NY', '11716'),
(217, '108 Veterans Memorial Highway', 0, 'Commack', '6378', 'US', NULL, 1, '631-462-8573', '2012-09-20 18:30:00', 'Commack', '631-462-6300', 'NY', '11725'),
(218, '139-19 20th Avenue', 0, 'College Point', '6389', 'US', NULL, 1, '718-321-8932', '2012-09-20 18:30:00', 'College Point', '718-321-8166', 'NY', '11356'),
(219, '250 East Route 59', 0, 'Nanuet', '6410', 'US', NULL, 1, '845-627-7531', '2012-09-20 18:30:00', 'Nanuet', '845-627-6636', 'NY', '10954'),
(220, '2700 Central Park Ave', 0, 'Yonkers', '6411', 'US', NULL, 1, '914-722-8332', '2012-09-20 18:30:00', 'Yonkers', '914-722-4500', 'NY', '10710'),
(221, 'Park', 0, 'Massapequa Park', '6424', 'US', NULL, 1, '516-795-4725', '2012-09-20 18:30:00', 'Massapequa', '516-795-4314', 'NY', '11762'),
(222, '2655 Richmond Ave.', 0, 'Staten Island', '6444', 'US', NULL, 1, '718-370-9611', '2012-09-20 18:30:00', 'Staten Island', '718-370-2734', 'NY', '10314'),
(223, '395 Gateway Drive', 0, 'Brooklyn', '6455', 'US', NULL, 1, '718-277-9183', '2012-09-20 18:30:00', 'Brooklyn', '718-277-3400', 'NY', '11239'),
(224, '88 Dunning Road', 0, 'Middletown', '6509', 'US', NULL, 1, '845-956-4056', '2012-09-20 18:30:00', 'Middletown', '845-956-4050', 'NY', '10940'),
(225, '8973-95 Bay Parkway', 0, 'Brooklyn', '6520', 'US', NULL, 1, '718-714-6500', '2012-09-20 18:30:00', 'Bay Pkwy-Brooklyn', '718-714-6400', 'NY', '11214'),
(226, '24-30 Union Square East', 0, 'New York', '6538', 'US', NULL, 1, '212-674-5988', '2012-09-20 18:30:00', 'Union Square', '212-798-9905', 'NY', '10003'),
(227, '70 U.S. Highway 36', 0, 'Eatontown', '6358', 'US', NULL, 1, '732-935-1277', '2012-09-20 18:30:00', 'Eatontown', '732-935-9366', 'NJ', '07724'),
(228, '909 US Hwy 1 South', 0, 'North Brunswick', '6369', 'US', NULL, 1, '732-645-4030', '2012-09-20 18:30:00', 'N. Brunswick', '732-220-1900', 'NJ', '8902'),
(229, '1120 Hurfville Road', 0, 'Deptford', '6370', 'US', NULL, 1, '856-384-8411', '2012-09-20 18:30:00', 'Deptford', '856-384-3788', 'NJ', '08096'),
(230, '120 Consumers Square', 0, 'Mays Landing', '6373', 'US', NULL, 1, '609-484-1176', '2012-09-20 18:30:00', 'Mays Landing', '609-484-1177', 'NJ', '08330'),
(231, '100 Promenade Blvd.', 0, 'Bridgewater', '6375', 'US', NULL, 1, '732-302-3597', '2012-09-20 18:30:00', 'Bridgewater', '732-302-3590', 'NJ', '08807'),
(232, '2700 Route 22 East', 0, 'Union', '6377', 'US', NULL, 1, '908-810-6315', '2012-09-20 18:30:00', 'Union', '908-810-9300', 'NJ', '07083'),
(233, '2135 Route 38 Suite A', 0, 'Cherry Hill', '6379', 'US', NULL, 1, '856-317-9149', '2012-09-20 18:30:00', 'Cherry Hill', '856-317-1559', 'NJ', '08002'),
(234, '545 Route 17 South', 0, 'Paramus', '6386', 'US', NULL, 1, '201-251-2469', '2012-09-20 18:30:00', 'Paramus', '201-251-3191', 'NJ', '07652'),
(235, '50 International Drive South', 0, 'Flanders', '6479', 'US', NULL, 1, '973-691-2089', '2012-09-20 18:30:00', 'Mt. Olive', '973-691-5939', 'NJ', '07836'),
(236, '7 Route 9 South', 0, 'Manalapan', '6481', 'US', NULL, 1, '732-845-4635', '2012-09-20 18:30:00', 'Manalapan', '732-845-2861', 'NJ', '07726'),
(237, '98 Route 10 West', 0, 'East Hanover', '6503', 'US', NULL, 1, '973-503-0678', '2012-09-20 18:30:00', 'East Hanover', '973-503-1411', 'NJ', '07936'),
(238, '700 Nassau Park Boulevard', 0, 'West Windsor', '6533', 'US', NULL, 1, '609-720-0348', '2012-09-20 18:30:00', 'West Windsor', '609-987-1751', 'NJ', '08550'),
(239, '465 Rt 46 West', 0, 'West Totowa', '6539', 'US', NULL, 1, '973-256-3629', '2012-09-20 18:30:00', 'Totowa', '973-256-3156', 'NJ', '07512'),
(240, '1336 Bristol Pike', 0, 'Bensalem', '6371', 'US', NULL, 1, '215-688-9501', '2012-09-20 18:30:00', 'Bensalem', '215-633-6990', 'PA', '19020'),
(241, '330 Commerce Boulevard', 0, 'Fairless Hills', '6372', 'US', NULL, 1, '215-269-0200', '2012-09-20 18:30:00', 'Fairless Hills', '215-269-0100', 'PA', '19030'),
(242, '1317 New Churchmans Road', 0, 'Newark', '6376', 'US', NULL, 1, '302-266-8192', '2012-09-20 18:30:00', 'Christiana', '302-266-8194', 'DE', '19713'),
(243, '600 Lehigh Valley Mall', 0, 'Whitehall', '6387', 'US', NULL, 1, '610-231-0254', '2012-09-20 18:30:00', 'Whitehall', '610-231-0481', 'PA', '18052'),
(244, '2789 Paper Mill Road', 0, 'Reading', '6394', 'US', NULL, 1, '610-373-6754', '2012-09-20 18:30:00', 'Reading', '610-373-7174', 'PA', '19610'),
(245, '5125 Jonestown Rd', 0, 'Harrisburg', '6425', 'US', NULL, 1, '717-671-5481', '2012-09-20 18:30:00', 'Harrisburg', '717-671-7101', 'PA', '17112'),
(246, '770 Baltimore Pike', 0, 'Springfield', '6449', 'US', NULL, 1, '610-544-9849', '2012-09-20 18:30:00', 'Springfield', '610-544-9207', 'PA', '19064'),
(247, '104 Bartlett Ave.', 0, 'Exton', '6454', 'US', NULL, 1, '610-524-6142', '2012-09-20 18:30:00', 'Exton', '610-524-5369', 'PA', '19341'),
(248, '980 Bethleham Pike', 0, 'Montgomeryville', '6462', 'US', NULL, 1, '215-699-6357', '2012-09-20 18:30:00', 'Montgomeryville', '215-699-8762', 'PA', '18936'),
(249, '3421 Mundy Str', 0, 'Wilkes Barre', '6467', 'US', NULL, 1, '570-822-6705', '2012-09-20 18:30:00', 'Wilkes Barre', '570-822-7854', 'PA', '18702'),
(250, '990 Plaza Blvd.', 0, 'Lancaster', '6504', 'US', NULL, 1, '717-394-1839', '2012-09-20 18:30:00', 'Lancaster', '717-394-0823', 'PA', '17601'),
(251, '3700 William Penn Highway', 0, 'Monroeville', '6452', 'US', NULL, 1, '412-856-9675', '2012-09-20 18:30:00', 'Monroeville', '412-856-0475', 'PA', '15146'),
(252, '6680 Peach St.', 0, 'Erie', '6470', 'US', NULL, 1, '814-864-5911', '2012-09-20 18:30:00', 'Erie', '814-864-5814', 'PA', '16509'),
(253, '20111 Route 19', 0, 'Cranberry Township', '6478', 'US', NULL, 1, '724-772-2563', '2012-09-20 18:30:00', 'Cranberry', '724-772-2500', 'PA', '16066'),
(254, '4000 Oxford Drive', 0, 'Bethel Park', '6560', 'US', NULL, 1, '412-479-9021', '2012-09-20 18:30:00', 'Bethel Park', '412-479-9020', 'PA', '15102'),
(255, '3505 S.140th Plaza', 0, 'Omaha', '6507', 'US', NULL, 1, '402-333-6429', '2012-09-20 18:30:00', 'Omaha', '402-333-6427', 'NE', '68144'),
(256, '8801 University Ave', 0, 'Clive', '9587', 'US', NULL, 1, '515-226-8540', '2012-09-20 18:30:00', 'Des Moines', '515-226-3131', 'IA', '50325'),
(257, '5355 E. Broadway Blvd', 0, 'Tucson', '25646', 'US', NULL, 1, '520-239-0002', '2012-09-20 18:30:00', 'E. Tucson', '520-748-0005', 'AZ', '85711'),
(258, '13672 Jamboree Road', 0, 'Irvine', '25669', 'US', NULL, 1, '714-832-2127', '2012-09-20 18:30:00', 'Tustin', '714-832-7545', 'CA', '92602'),
(259, '4835 E. Ray Road', 0, 'Phoenix', '25670', 'US', NULL, 1, '480-705-4944', '2012-09-20 18:30:00', 'Tempe', '480-705-4940', 'AZ', '85044'),
(260, '8165 Fletcher Parkway', 0, 'La Mesa', '25671', 'US', NULL, 1, '619-589-1220', '2012-09-20 18:30:00', 'La Mesa', '619-589-1880', 'CA', '91942'),
(261, '7540 West Bell Ave.', 0, 'Glendale', '25679', 'US', NULL, 1, '623-878-3910', '2012-09-20 18:30:00', 'Arrowhead', '623-878-3810', 'AZ', '85308'),
(262, '4430 Ontario Mills Parkway', 0, ' Ontario', '25693', 'US', NULL, 1, '909-987-2215', '2012-09-20 18:30:00', 'Ontario', '909-987-4105', 'CA', '91764'),
(263, '4619 N. Oracle Road', 0, 'Tucson', '25694', 'US', NULL, 1, '520-408-1211', '2012-09-20 18:30:00', 'Tucson', '520-408-1118', 'AZ', '85705'),
(264, '7000 East May Blvd', 0, ' Phoenix', '26465', 'US', NULL, 1, '480-585-8410', '2012-09-20 18:30:00', 'Phoenix', '480-585-7362', 'AZ', '85054'),
(265, '24440 Village Walk Place', 0, ' Murrietta', '26512', 'US', NULL, 1, '951-698-6942', '2012-09-20 18:30:00', 'Murrietta', '951-461-1204', 'CA', '92562'),
(266, '1860 Main Ct.', 0, 'Chula Vista', '26534', 'US', NULL, 1, '619-421-8859', '2012-09-20 18:30:00', 'Chula Vista', '619-421-8556', 'CA', '91911'),
(267, '26532 Towne Centre Dr', 0, 'Foothill Ranch', '26546', 'US', NULL, 1, '949-829-9722', '2012-09-20 18:30:00', 'Foothill Ranch', '949-829-9712', 'CA', '92610'),
(268, '8181 Mira Mesa Blvd', 0, ' San Diego', '26557', 'US', NULL, 1, '858-740-2041', '2012-09-20 18:30:00', 'Mira Mesa', '858-740-2068', 'CA', '92126'),
(269, '1764 S. Signal Butte Rd.', 0, ' Mesa', '26561', 'US', NULL, 1, '480-354-7658', '2012-09-20 18:30:00', 'Mesa', '480-354-3262', 'AZ', '85209'),
(270, '1990 University Drive', 0, ' Vista', '29581', 'US', NULL, 1, '760-732-3403', '2012-09-20 18:30:00', 'Vista', '760-732-3235', 'CA', '92083'),
(271, '45 Hotel Circle', 0, 'Albuquerque', '26438', 'US', NULL, 1, '505-292-1908', '2012-09-20 18:30:00', 'Albuquerque', '505-292-9909', 'NM', '87123'),
(272, '1200 N. Eagle Road', 0, ' Meridian', '26475', 'US', NULL, 1, '208-898-9305', '2012-09-20 18:30:00', 'Boise', '208-884-0488', 'ID', '83642'),
(273, '4042 Riverdale Rd.', 0, 'Ogden', '26515', 'US', NULL, 1, '801-612-0440', '2012-09-20 18:30:00', 'Ogden', '801-612-0400', 'UT', '84405'),
(274, '106 East University Pkwy.', 0, ' Orem', '26516', 'US', NULL, 1, '801-802-8210', '2012-09-20 18:30:00', 'Orem', '801-802-8200', 'UT', '84058'),
(275, '1122 Fort Union Boulevard', 0, ' Midvale', '29568', 'US', NULL, 1, '801-352-1179', '2012-09-20 18:30:00', 'Midvale', '801-352-1086', 'UT', '84047'),
(276, '510 North Stephanie Street', 0, ' Henderson', '25673', 'US', NULL, 1, '702-433-4924', '2012-09-20 18:30:00', 'Henderson', '702-450-2330', 'NV', '89014'),
(277, '2150 North Rainbow Blvd.', 0, 'Las Vegas', '25674', 'US', NULL, 1, '702-647-8543', '2012-09-20 18:30:00', 'NW Las Vegas', '702-647-8512', 'NV', '89108'),
(278, '4869 Kietzke Lane', 0, ' Reno', '26445', 'US', NULL, 1, '775-825-2265', '2012-09-20 18:30:00', 'Reno', '775-825-2229', 'NV', '89509'),
(279, '2502 S. 48 th St.', 0, ' Tacoma', '26493', 'US', NULL, 1, '253-671-8308', '2012-09-20 18:30:00', 'Tacoma', '253-472-4441', 'WA', '98409'),
(280, '6104 N. Division St.', 0, ' Spokane', '26553', 'US', NULL, 1, '509-842-5066', '2012-09-20 18:30:00', 'Spokane', '509-842-5020', 'WA', '99208'),
(281, '17500 Southcenter Parkway', 0, ' Tukwila', '29570', 'US', NULL, 1, '206-575-1884', '2012-09-20 18:30:00', 'Tukwila', '206-575-1819', 'WA', '98188'),
(282, '9650 S.E. 82nd Avenue', 0, ' Portland', '29571', 'US', NULL, 1, '503-777-2874', '2012-09-20 18:30:00', 'Clackamas', '503-777-3006', 'OR', '97086'),
(283, '19500 Alderwood Mall Parkway', 0, ' Lynnwood', '29572', 'US', NULL, 1, '425-672-4540', '2012-09-20 18:30:00', 'Lynnwood', '425-672-0311', 'WA', '98036'),
(284, '7805 S.W. Dartmouth St.', 0, ' Tigard', '29574', 'US', NULL, 1, '503-670-7299', '2012-09-20 18:30:00', 'Tigard', '503-670-7539', 'OR', '97223'),
(285, '2753 Eastland Center Drive', 0, ' West Covina', '25668', 'US', NULL, 1, '626-974-4068', '2012-09-20 18:30:00', 'West Covina', '626-974-9265', 'CA', '91791'),
(286, '2575 E. Imperial Highway', 0, ' Brea', '25672', 'US', NULL, 1, '714-256-2542', '2012-09-20 18:30:00', 'Brea', '714-255-2924', 'CA', '92821'),
(287, '2340 North Rose Avenue', 0, ' Oxnard', '25675', 'US', NULL, 1, '805-988-5921', '2012-09-20 18:30:00', 'Oxnard', '805-988-5951', 'CA', '93030'),
(288, '23741 Calabasas Road', 0, ' Calabasas', '25676', 'US', NULL, 1, '818-225-7188', '2012-09-20 18:30:00', 'Calabasas', '818-225-9100', 'CA', '91302'),
(289, '7886 N. Van Nuys Blvd.', 0, 'Van Nuys', '25677', 'US', NULL, 1, '818-994-4727', '2012-09-20 18:30:00', 'Van Nuys', '818-994-2006', 'CA', '91402'),
(290, '11540 South St.', 0, ' Cerritos', '25678', 'US', NULL, 1, '562-865-7592', '2012-09-20 18:30:00', 'Cerritos', '562-865-8771', 'CA', '90703'),
(291, '20120 Hawthorne Blvd.', 0, ' Torrance', '25680', 'US', NULL, 1, '310-371-2516', '2012-09-20 18:30:00', 'Torrance', '310-370-0338', 'CA', '90503'),
(292, '7370 N. Blackstone Rd.', 0, ' Pinedale', '25692', 'US', NULL, 1, '559-446-1098', '2012-09-20 18:30:00', 'Fresno', '559-446-1091', 'CA', '93650'),
(293, '9280 Rosedale Highway', 0, ' Bakersfield', '26432', 'US', NULL, 1, '661-587-0714', '2012-09-20 18:30:00', 'Bakersfield', '661-587-0423', 'CA', '93312'),
(294, '530 Westminster Mall', 0, ' Westminster', '26463', 'US', NULL, 1, '714-653-7035', '2012-09-20 18:30:00', 'Westminster-CA', '714-653-7031', 'CA', '92683'),
(295, '1189 Simi Town Center Way', 0, ' Simi Valley', '26540', 'US', NULL, 1, '805-583-2818', '2012-09-20 18:30:00', 'Simi Valley', '805-583-1988', 'CA', '93065'),
(296, '5461 Lone Tree Way', 0, ' Brentwood', '25857', 'US', NULL, 1, '925-513-9078', '2012-09-20 18:30:00', 'Brentwood', '925-513-0398', 'CA', 'N/A'),
(297, '31250 Courthouse Drive', 0, ' Union City', '26431', 'US', NULL, 1, '510-471-2504', '2012-09-20 18:30:00', 'Union City', '510-471-0382', 'CA', '94587'),
(298, '2785 E. Bidwell St.', 0, ' Folsom', '26447', 'US', NULL, 1, '916-817-2055', '2012-09-20 18:30:00', 'Folsom', '916-817-2022', 'CA', '95630'),
(299, '10640 Trinity Pkwy', 0, ' Stockton', '26490', 'US', NULL, 1, '209-473-9871', '2012-09-20 18:30:00', 'Stockton', '209-473-9858', 'CA', '95630-6450'),
(300, '192 Donahue St.', 0, 'Marin City', '26511', 'US', NULL, 1, '415-332-3765', '2012-09-20 18:30:00', 'Sausalito', '415-332-2699', 'CA', '94965'),
(301, '220 Walnut St.', 0, ' Redwood City', '26517', 'US', NULL, 1, '650-701-0816', '2012-09-20 18:30:00', 'Redwood City', '650-701-0016', 'CA', '94063'),
(302, '1400 Gateway Boulevard', 0, ' Fairfield', '26549', 'US', NULL, 1, '707-207-2002', '2012-09-20 18:30:00', 'Fairfield', '707-207-2049', 'CA', '94533'),
(303, '3938 Horton St', 0, ' Emeryville', '26554', 'US', NULL, 1, '510-637-7055', '2012-09-20 18:30:00', 'Emeryville', '510-637-7003', 'CA', '94608'),
(304, '775 Serramonte Blvd', 0, ' Colma', '26558', 'US', NULL, 1, '650-449-5002', '2012-09-20 18:30:00', 'Serramonte', '650-449-5106', 'CA', '94014'),
(305, '4990 Dublin Boulevard', 0, ' Dublin', '29566', 'US', NULL, 1, '925-875-0357', '2012-09-20 18:30:00', 'Pleasanton', '925-875-0350', 'CA', '94568'),
(306, '865 Blossom Hill Road', 0, ' San Jose', '29569', 'US', NULL, 1, '408-281-1857', '2012-09-20 18:30:00', 'San Jose', '408-281-1710', 'CA', '95123'),
(307, '3500 Sisk Road', 0, 'Modesto', '29573', 'US', NULL, 1, '209-543-6815', '2012-09-20 18:30:00', 'Modesto', '209-543-6803', 'CA', '95356'),
(308, '1248 Galleria Boulevard', 0, ' Roseville', '29580', 'US', NULL, 1, '916-784-9754', '2012-09-20 18:30:00', 'Roseville-CA', '916-784-9741', 'CA', '95678'),
(309, '4646 W. Kellogg Drive', 0, ' Wichita', '26550', 'US', NULL, 1, '316-206-1590', '2012-09-20 18:30:00', 'Wichita', '316-206-2550', 'KS', '67209'),
(310, '4441 Lemay Ferry Road', 0, ' St. Louis', '29541', 'US', NULL, 1, '314-894-0529', '2012-09-20 18:30:00', 'St. Louis', '314-894-8055', 'MO', '63129'),
(311, '14450 East 40 Hwy.', 0, ' Kansas City', '29543', 'US', NULL, 1, '816-350-2225', '2012-09-20 18:30:00', 'Independence', '816-350-2224', 'MO', '64136'),
(312, '5590 St. Louis Mills Blvd', 0, ' Hazelwood', '29551', 'US', NULL, 1, '314-291-0198', '2012-09-20 18:30:00', 'Hazelwood', '314-738-0614', 'MO', '63042'),
(313, '8500 W. 135th Street', 0, ' Overland Park', '29556', 'US', NULL, 1, '913-814-8925', '2012-09-20 18:30:00', 'Overland Park', '913-814-8921', 'KS', '66223'),
(314, '8640 N. Madison Avenue', 0, ' Kansas City', '29583', 'US', NULL, 1, '816-420-0606', '2012-09-20 18:30:00', 'Kansas City', '816-420-8808', 'MO', '64155'),
(315, '220 THF Boulevard', 0, ' Chesterfield', '29586', 'US', NULL, 1, '636-536-3902', '2012-09-20 18:30:00', 'Chesterfield', '636-536-0910', 'MO', '63005'),
(316, 'Las Palmas Market Place 1327 George Dieter Dr.', 0, ' El Paso', '26461', 'US', NULL, 1, '915-591-0326', '2012-09-20 18:30:00', 'El Paso', '915-593-2143', 'TX', '79936'),
(317, '5207 Brodie Lane', 0, ' Sunset Valley', '27705', 'US', NULL, 1, '512-892-1129', '2012-09-20 18:30:00', 'South Austin', '512-358-0191', 'TX', '78745'),
(318, '1309 W. Pipeline Rd', 0, ' Hurst', '27708', 'US', NULL, 1, '817-595-0265', '2012-09-20 18:30:00', 'Hurst', '817-595-2189', 'TX', '76053'),
(319, '420 East Round Grove Road', 0, ' Lewisville', '29542', 'US', NULL, 1, '972-459-9336', '2012-09-20 18:30:00', 'Lewisville', '972-459-9333', 'TX', '75067'),
(320, '10010 East 71st. Street South', 0, ' Tulsa', '29548', 'US', NULL, 1, '918-250-6078', '2012-09-20 18:30:00', 'Tulsa', '918-250-6444', 'OK', '74133'),
(321, '1501 West Arbrook Blvd.', 0, ' Arlington', '29552', 'US', NULL, 1, '817-784-3501', '2012-09-20 18:30:00', 'Arlington', '817-784-2229', 'TX', '76015'),
(322, '1701 Preston Road Suite E', 0, ' Plano', '29554', 'US', NULL, 1, '972-248-1546', '2012-09-20 18:30:00', 'Plano', '972-735-1229', 'TX', '75093'),
(323, '9333 Research Blvd. Bldg A Ste.200', 0, ' Austin', '29557', 'US', NULL, 1, '512-342-0804', '2012-09-20 18:30:00', 'Austin', '512-342-0805', 'TX', '78759'),
(324, '3850 Beltline Road', 0, ' Addison', '29561', 'US', NULL, 1, '972-735-8074', '2012-09-20 18:30:00', 'Addison', '972-247-4229', 'TX', '75150'),
(325, '1220 Town East Blvd Ste 650', 0, ' Mesquite', '29562', 'US', NULL, 1, '972-681-2416', '2012-09-20 18:30:00', 'Mesquite', '972-682-1450', 'TX', '75150'),
(326, '3525 Riverdale Road', 0, ' Memphis', '29563', 'US', NULL, 1, '901-363-0140', '2012-09-20 18:30:00', 'Memphis', '901-363-0290', 'TN', '38115'),
(327, '1731 Belle Isle Ave.', 0, ' Oklahoma City', '29577', 'US', NULL, 1, '405-840-2809', '2012-09-20 18:30:00', 'Oklahoma City', '405-840-2829', 'OK', '73118'),
(328, '5800 Overton Ridge Blvd.', 0, ' Hulen', '29582', 'US', NULL, 1, '817-423-8984', '2012-09-20 18:30:00', 'Hulen', '817-423-8829', 'TX', '76132');
INSERT INTO `store` (`storeid`, `address`, `archived`, `city`, `code`, `country`, `emailid`, `enabled`, `fax`, `lastmodified`, `name`, `phone`, `state`, `zipcode`) VALUES
(329, '24101-A East Orchard Rd.', 0, 'Aurora', '26521', 'US', NULL, 1, '303-627-5740', '2012-09-20 18:30:00', 'Aurora', '303-627-5730', 'CO', '80016'),
(330, '5142 S. Wadsworth Blvd.', 0, ' Littleton', '29545', 'US', NULL, 1, '303-932-2883', '2012-09-20 18:30:00', 'Littleton', '303-932-2229', 'CO', '80123'),
(331, '9330 Sheridan Blvd.', 0, ' Westminster', '29553', 'US', NULL, 1, '303-650-8711', '2012-09-20 18:30:00', 'Westminster-CO', '303-650-2229', 'CO', '80030'),
(332, '3555 Citadel Drive South', 0, ' Colorado Springs', '29575', 'US', NULL, 1, '719-574-2556', '2012-09-20 18:30:00', 'Colorado Springs', '719-574-7737', 'CO', '80909'),
(333, '7155 Business Center Drive', 0, 'Highlands Ranch', '29579', 'US', NULL, 1, '303-346-0865', '2012-09-20 18:30:00', 'Highlands Ranch', '303-346-6266', 'CO', '80130'),
(334, '4815 East Freeway', 0, ' Baytown', '27013', 'US', NULL, 1, '281-421-9153', '2012-09-20 18:30:00', 'Baytown', '281-421-4647', 'TX', '77521'),
(335, '6145 Westheimer Road', 0, ' Houston', '27031', 'US', NULL, 1, '713-783-4716', '2012-09-20 18:30:00', 'Galleria', '713-785-8697', 'TX', '77057'),
(336, '6851 Veterans Memorial Boulevard', 0, ' Metairie', '27703', 'US', NULL, 1, '504-885-8513', '2012-09-20 18:30:00', 'Metairie', '504-885-8242', 'LA', '70003'),
(337, '17610 LaCantera Parkway', 0, ' San Antonio', '27711', 'US', NULL, 1, '210-694-4583', '2012-09-20 18:30:00', 'San Antonio', '210-694-2087', 'TX', '78257'),
(338, '15555 Southwest Freeway', 0, ' Sugar Land', '29544', 'US', NULL, 1, '281-980-0459', '2012-09-20 18:30:00', 'Sugar Land', '281-980-9595', 'TX', '77479'),
(339, '20280 Katy Freeway', 0, ' Katy', '29546', 'US', NULL, 1, '281-829-1029', '2012-09-20 18:30:00', 'Katy', '281-829-1000', 'TX', '77449'),
(340, '380 FM 1960 West', 0, ' Houston', '29547', 'US', NULL, 1, '281-586-8862', '2012-09-20 18:30:00', 'H - Cypress', '281-586-9993', 'TX', '77090'),
(341, '6955 NW Loop 410', 0, ' San Antonio', '29549', 'US', NULL, 1, '210-332-9015', '2012-09-20 18:30:00', 'San Antonio', '210-681-2229', 'TX', '78238'),
(342, '14287 Westheimer Road', 0, ' Houston', '29550', 'US', NULL, 1, '281-870-1925', '2012-09-20 18:30:00', 'H - W. Oaks', '281-870-1920', 'TX', '77077'),
(343, '5770 Hollister Rd.', 0, ' Houston', '29555', 'US', NULL, 1, '713-460-4428', '2012-09-20 18:30:00', 'Houston', '713-460-9966', 'TX', '77040'),
(344, '819 East Rector Dr.', 0, ' San Antonio', '29558', 'US', NULL, 1, '210-377-0845', '2012-09-20 18:30:00', 'San Antonio', '210-377-2229', 'TX', '78216'),
(345, '9606 Cortana Place', 0, ' Baton Rouge', '29559', 'US', NULL, 1, '225-928-1605', '2012-09-20 18:30:00', 'Baton Rouge', '225-928-2229', 'LA', '70815'),
(346, '18182 Gulf Freeway', 0, ' Friendswood', '29588', 'US', NULL, 1, '281-990-7061', '2012-09-20 18:30:00', 'Baybrook', '281-990-9390', 'TX', '77546'),
(347, '14544 Racho Road', 0, ' Taylor', '26440', 'US', NULL, 1, '734-287-8162', '2012-09-20 18:30:00', 'Taylor', '734-287-5982', 'MI', '48180'),
(348, '3725 Carpenter Road', 0, ' Ypsilanti', '26442', 'US', NULL, 1, '734-477-5836', '2012-09-20 18:30:00', 'Ann Arbor', '734-477-0943', 'MI', '48197'),
(349, '5890 S. Westnedge Ave.', 0, ' Portage', '26469', 'US', NULL, 1, '269-382-6472', '2012-09-20 18:30:00', 'Portage', '269-382-2187', 'MI', '49024'),
(350, '3321 Tittabawassee Road', 0, ' Saginaw', '26486', 'US', NULL, 1, '989-790-6471', '2012-09-20 18:30:00', 'Saginaw', '989-790-5961', 'MI', '48604'),
(351, '5900 W. Saginaw Blvd.', 0, ' Lansing', '26543', 'US', NULL, 1, '517-391-5438', '2012-09-20 18:30:00', 'Lansing', '517-391-5122', 'MI', '48917'),
(352, '12050 Hall Road', 0, ' Sterling Heights', '29247', 'US', NULL, 1, '586-997-3636', '2012-09-20 18:30:00', 'Sterling Heights', '586-997-2929', 'MI', '48313'),
(353, '20111 Haggerty Road', 0, ' Northville', '29249', 'US', NULL, 1, '248-735-0373', '2012-09-20 18:30:00', 'Northville', '248-735-0365', 'MI', '48167'),
(354, '32233 Gratiot Avenue', 0, ' Roseville', '29250', 'US', NULL, 1, '586-296-6054', '2012-09-20 18:30:00', 'Roseville', '586-296-5615', 'MI', '48066'),
(355, 'G-3274 South Linden Road', 0, ' Flint', '29255', 'US', NULL, 1, '810-732-1895', '2012-09-20 18:30:00', 'Flint', '810-732-8021', 'MI', '48507'),
(356, '4923 28th Street South East', 0, ' Grand Rapids', '29260', 'US', NULL, 1, '616-977-9637', '2012-09-20 18:30:00', 'Grand Rapids', '616-977-9623', 'MI', '49512'),
(357, '1360 S. Holland Sylvania Road', 0, ' Holland', '29279', 'US', NULL, 1, '419-861-7027', '2012-09-20 18:30:00', 'Toledo', '419-861-7015', 'OH', '43528'),
(358, '4936 Baldwin Road', 0, ' Orion Township', '29280', 'US', NULL, 1, '248-391-6972', '2012-09-20 18:30:00', 'Auburn Hills', '248-391-3367', 'MI', '48359'),
(359, '7055 Market Place Drive', 0, ' Aurora', '26457', 'US', NULL, 1, '330-995-4630', '2012-09-20 18:30:00', 'Bainbridge', '330-995-4725', 'OH', '44202'),
(360, '808 Apache Lane SW', 0, ' Rochester', '26050', 'US', NULL, 1, '507-322-9380', '2012-09-20 18:30:00', 'Rochester', '507-322-9383', 'MN', '55902'),
(361, '6420 W. Fullerton-Suite A', 0, 'Chicago', '26544', 'US', NULL, 1, '773-413-5000', '2012-09-20 18:30:00', 'Bricktown', '773-413-5005', 'IL', '60707'),
(362, '2401 N. Fairview Ave', 0, ' Roseville', '26545', 'US', NULL, 1, '651-367-0036', '2012-09-20 18:30:00', 'Roseville', '651-367-2165', 'MN', '55113'),
(363, '18550 W. Bluemound Rd.', 0, 'Brookfield', '26547', 'US', NULL, 1, '262-782-2373', '2012-09-20 18:30:00', 'Brookfield', '262-782-7520', 'WI', 'N/A'),
(364, '8236 Tamarack Village', 0, ' Woodbury', '26551', 'US', NULL, 1, '651-367-0028', '2012-09-20 18:30:00', 'Woodbury', '651-367-6820', 'MN', '55125'),
(365, '2161 Zeier Road', 0, ' Madison', '26552', 'US', NULL, 1, '608-234-6851', '2012-09-20 18:30:00', 'Madison', '608-234-6936', 'WI', '53704'),
(366, '994 Brook Forest Ave.', 0, ' Shorewood', '26576', 'US', NULL, 1, '815-439-4540', '2012-09-20 18:30:00', 'Shorewood', '815-439-3676', 'IL', '60431'),
(367, '16 East Golf Road', 0, ' Schaumburg', '29236', 'US', NULL, 1, '847-781-8870', '2012-09-20 18:30:00', 'Schaumburg', '847-781-8889', 'IL', '60173'),
(368, '1955 Glacier Park Avenue', 0, ' Naperville', '29238', 'US', NULL, 1, '630-717-7462', '2012-09-20 18:30:00', 'Naperville', '630-416-2225', 'IL', '60540'),
(369, '7750 South Cicero Avenue', 0, ' Burbank', '29246', 'US', NULL, 1, '708-424-8108', '2012-09-20 18:30:00', 'Burbank', '708-424-8755', 'IL', '60459'),
(370, '15820 94th Avenue', 0, ' Orland Park', '29248', 'US', NULL, 1, '708-873-9641', '2012-09-20 18:30:00', 'Orland Park', '708-873-9634', 'IL', '60462'),
(371, '481 E. Roosevelt Road', 0, ' Lombard', '29258', 'US', NULL, 1, '630-495-9328', '2012-09-20 18:30:00', 'Lombard', '630-495-9161', 'IL', '60148'),
(372, '5660 West Touhy Avenue', 0, ' Niles', '29285', 'US', NULL, 1, '847-588-2287', '2012-09-20 18:30:00', 'Niles', '847-588-2081', 'IL', '60714'),
(373, '295 Center Drive', 0, ' Vernon Hills', '29293', 'US', NULL, 1, '847-573-9783', '2012-09-20 18:30:00', 'Vernon Hills', '847-573-1447', 'IL', '60061'),
(374, '900 West 78th Street South', 0, ' Richfield', '29560', 'US', NULL, 1, '612-861-2080', '2012-09-20 18:30:00', 'Richfield', '612-861-2249', 'MN', '55423'),
(375, '12750 Elm Creek Blvd. North', 0, ' Maple Grove', '29576', 'US', NULL, 1, '763-494-5754', '2012-09-20 18:30:00', 'Maple Grove', '763-494-5747', 'MN', '55369'),
(376, '435 E. University Dr.', 0, ' Granger', '26464', 'US', NULL, 1, '574-243-0231', '2012-09-20 18:30:00', 'Mishawaka', '574-247-3024', 'IN', '46530'),
(377, '6625 E. Lloyd Expressway', 0, ' Evansville', '26471', 'US', NULL, 1, '812-402-4321', '2012-09-20 18:30:00', 'Evansville', '812-402-4300', 'IN', '47715'),
(378, '2601 Veteran''s Parkway', 0, ' Springfield', '26502', 'US', NULL, 1, '217-546-5989', '2012-09-20 18:30:00', 'Springfield, IL', '217-546-0367', 'IL', '62704'),
(379, '8800 US 31 South', 0, ' Indianapolis', '29237', 'US', NULL, 1, '317-885-6861', '2012-09-20 18:30:00', 'Greenwood', '317-885-7700', 'IN', '46227'),
(380, '3928 E 82nd Street', 0, ' Indianapolis', '29243', 'US', NULL, 1, '317-577-2360', '2012-09-20 18:30:00', 'Castleton', '317-577-2200', 'IN', '46240'),
(381, '4623 Shelbyville Road', 0, ' Louisville', '29245', 'US', NULL, 1, '502-896-0819', '2012-09-20 18:30:00', 'Louisville', '502-896-9994', 'KY', '40207'),
(382, '1965 Star Shoot Parkway  Hamburg Place', 0, ' Lexington', '29257', 'US', NULL, 1, '859-264-8089', '2012-09-20 18:30:00', 'Lexington', '859-263-8598', 'KY', '40509'),
(383, '4140 Coldwater Road', 0, ' Fort Wayne', '29290', 'US', NULL, 1, '260-483-5925', '2012-09-20 18:30:00', 'Fort Wayne', '260-482-5254', 'IN', '46805'),
(384, '1335 East 79th Street', 0, ' Merrillville', '29294', 'US', NULL, 1, '219-736-4942', '2012-09-20 18:30:00', 'Merrillville', '219-736-1028', 'IN', '46410'),
(385, '2686 Taylor Road', 0, ' Reynoldsburg', '29239', 'US', NULL, 1, '614-759-7813', '2012-09-20 18:30:00', 'Columbus', '614-759-7744', 'OH', '43068'),
(386, '2661 Miamisburg-Centerville Rd.', 0, ' Dayton', '29240', 'US', NULL, 1, '937-438-5927', '2012-09-20 18:30:00', 'Dayton-OH', '937-438-5552', 'OH', '45459'),
(387, '6655 Strip Avenue NW', 0, ' N. Canton', '29241', 'US', NULL, 1, '330-305-1556', '2012-09-20 18:30:00', 'N. Canton', '330-305-1750', 'OH', '44720'),
(388, '3610 West Dublin-Granville Rd.', 0, ' Columbus', '29242', 'US', NULL, 1, '614-798-0460', '2012-09-20 18:30:00', 'Dublin', '614-799-2229', 'OH', '43235'),
(389, '925 Cincinnati Mills Dr.', 0, ' Cincinnati', '29244', 'US', NULL, 1, '513-671-3926', '2012-09-20 18:30:00', 'Forest Park', '513-671-2430', 'OH', '45240'),
(390, '1240 Doral Drive', 0, ' Boardman', '29254', 'US', NULL, 1, '330-965-0419', '2012-09-20 18:30:00', 'Boardman', '330-965-0412', 'OH', '44514'),
(391, '7841 Mentor Ave  Mentor City Shopping Center', 0, ' Mentor', '29283', 'US', NULL, 1, '440-974-7944', '2012-09-20 18:30:00', 'Mentor', '440-974-7388', 'OH', '44060'),
(392, '26520 Lorain Road', 0, ' North Olmsted', '29284', 'US', NULL, 1, '440-716-8622', '2012-09-20 18:30:00', 'North Olmsted', '440-716-8614', 'OH', '44070'),
(393, '114 Commerce Lane', 0, ' Fairview Heights', '26505', 'US', NULL, 1, '618-398-6486', '2012-09-20 18:30:00', 'Fairview Heights', '618-398-7099', 'IL', '62208'),
(394, '4999 Houston Road', 0, ' Florence', '26575', 'US', NULL, 1, '859-282-8932', '2012-09-20 18:30:00', 'Florence', '859-282-8921', 'KY', '41042'),
(395, '8755 SW 24th Street', 0, ' Miami', '28826', 'US', NULL, 1, '305-226-7269', '2012-09-20 18:30:00', 'Coral Way', '305-226-8334', 'FL', '33165'),
(396, '2654 East Colonial Drive', 0, ' Orlando', '28856', 'US', NULL, 1, '407-896-7117', '2012-09-20 18:30:00', 'Orlando', '407-896-7757', 'FL', '32803'),
(397, '15625 SW 88th Street', 0, ' Miami (Kendall)', '28857', 'US', NULL, 1, '305-382-0046', '2012-09-20 18:30:00', 'Kendall', '305-382-4060', 'FL', '33196'),
(398, '11930 Pines Blvd.', 0, ' Pembroke Pines', '28861', 'US', NULL, 1, '954-624-3241', '2012-09-20 18:30:00', 'Pembroke Pines', '954-441-8600', 'FL', '33026'),
(399, '7350 W Commercial Blvd.', 0, ' Lauderhill', '28865', 'US', NULL, 1, '954-626-1091', '2012-09-20 18:30:00', 'Lauderhill', '954-749-2229', 'FL', '33319'),
(400, '4895 Okeechobee Blvd.', 0, ' W. Palm Beach', '28879', 'US', NULL, 1, '561-478-9470', '2012-09-20 18:30:00', 'West Palm Beach', '561-478-9400', 'FL', '33417'),
(401, '708 West State Road 436', 0, ' Altamonte Springs', '28893', 'US', NULL, 1, '407-772-9197', '2012-09-20 18:30:00', 'Altamonte Springs', '407-772-9190', 'FL', '32714'),
(402, '975 Hanes Mall Blvd', 0, ' Winston Salem', '26426', 'US', NULL, 1, '336-768-9511', '2012-09-20 18:30:00', 'Winston Salem', '336-765-5600', 'NC', '27103'),
(403, '1856 Catawba Valley Blvd.', 0, ' Hickory', '26448', 'US', NULL, 1, '828-304-0060', '2012-09-20 18:30:00', 'Hickory', '828-304-6300', 'NC', '28602'),
(404, '7001 Fayetteville Road', 0, ' Durham', '26562', 'US', NULL, 1, '919-361-1274', '2012-09-20 18:30:00', 'Durham', '919-544-9024', 'NC', '27713'),
(405, '801 Fairview Road', 0, ' Asheville', '28816', 'US', NULL, 1, '828-298-6891', '2012-09-20 18:30:00', 'Asheville', '828-298-2229', 'NC', '28803'),
(406, '4225 Washington Road', 0, ' Evans', '28855', 'US', NULL, 1, '706-210-7941', '2012-09-20 18:30:00', 'Augusta', '706-210-7858', 'GA', '30809'),
(407, '605 Haywood Road', 0, ' Greenville', '28877', 'US', NULL, 1, '864-234-9046', '2012-09-20 18:30:00', 'Greenville', '864-297-9444', 'SC', '29607'),
(408, '9575 South Boulevard', 0, ' Charlotte', '28878', 'US', NULL, 1, '704-643-0090', '2012-09-20 18:30:00', 'Pineville', '704-643-2229', 'NC', '28273'),
(409, '8062 Concord Mills Blvd', 0, ' Concord', '28881', 'US', NULL, 1, '704-979-0851', '2012-09-20 18:30:00', 'Concord', '704-979-0840', 'NC', '28027'),
(410, '7220 Rivers Avenue', 0, ' N. Charleston', '28888', 'US', NULL, 1, '843-863-9854', '2012-09-20 18:30:00', 'N. Charleston', '843-824-9493', 'SC', '29406'),
(411, '3501 Capital Blvd.', 0, ' Raleigh', '28889', 'US', NULL, 1, '919-790-7165', '2012-09-20 18:30:00', 'Raleigh', '919-790-2229', 'NC', '27604'),
(412, '254 Harbison Boulevard', 0, ' Columbia', '28890', 'US', NULL, 1, '803-407-6192', '2012-09-20 18:30:00', 'Columbia', '803-407-4782', 'SC', '29212'),
(413, '1214 Bridford Parkway', 0, ' Greensboro', '28894', 'US', NULL, 1, '336-543-1065', '2012-09-20 18:30:00', 'Greensboro', '336-547-9050', 'NC', '27407'),
(414, '6875 Douglas Boulevard', 0, ' Douglasville', '26403', 'US', NULL, 1, '770-949-4457', '2012-09-20 18:30:00', 'Douglasville', '770-949-2209', 'GA', '30135'),
(415, '6001 Argyle Forest Blvd', 0, ' Jacksonville', '26428', 'US', NULL, 1, '904-908-9776', '2012-09-20 18:30:00', 'Orange Park', '904-908-9696', 'FL', '32244'),
(416, '8160 Mall Parkway', 0, ' Lithonia', '26437', 'US', NULL, 1, '770-484-7526', '2012-09-20 18:30:00', 'Conyers', '770-484-9697', 'GA', '30058'),
(417, '221 Newnan Crossing Bypass', 0, ' Newnan', '26519', 'US', NULL, 1, '770-502-1769', '2012-09-20 18:30:00', 'Newnan', '770-502-1816', 'GA', '30264'),
(418, '1960 Mt. Zion Road', 0, ' Morrow', '28845', 'US', NULL, 1, '770-477-5811', '2012-09-20 18:30:00', 'Morrow', '770-477-5111', 'GA', '30260'),
(419, '1875 Greers Chapel Road', 0, ' Kennesaw', '28854', 'US', NULL, 1, '770-659-1090', '2012-09-20 18:30:00', 'Kennesaw', '770-919-2229', 'GA', '30144'),
(420, '6380 No. Point Parkway', 0, ' Alpharetta', '28864', 'US', NULL, 1, '770-752-0833', '2012-09-20 18:30:00', 'Alpharetta', '770-752-9000', 'GA', '30022'),
(421, '9400 Atlantic Blvd.', 0, ' Jacksonville', '28876', 'US', NULL, 1, '904-720-0907', '2012-09-20 18:30:00', 'Jacksonville', '904-720-2229', 'FL', '32225'),
(422, '2020 Gunbarrel Rd  Ste 400', 0, ' Chattanooga', '28880', 'US', NULL, 1, '423-499-8481', '2012-09-20 18:30:00', 'Chattanooga', '423-894-7277', 'TN', '37421'),
(423, '3925 Venture Drive', 0, ' Duluth', '28891', 'US', NULL, 1, '770-622-3977', '2012-09-20 18:30:00', 'Gwinnett', '770-622-8888', 'GA', '30096'),
(424, '1155 Mount Vernon Highway  Suite 300', 0, ' Dunwoody', '28892', 'US', NULL, 1, '770-698-9685', '2012-09-20 18:30:00', 'Dunwoody', '770-913-0222', 'GA', '30338'),
(425, '6275 University Drive', 0, ' Huntsville', '26427', 'US', NULL, 1, '256-922-9791', '2012-09-20 18:30:00', 'Huntsville', '256-922-9192', 'AL', '35806'),
(426, '11201 Causeway Blvd', 0, ' Brandon', '26446', 'US', NULL, 1, '813-651-4217', '2012-09-20 18:30:00', 'Brandon', '813-685-7899', 'FL', '33511'),
(427, '21315 US 19  Drew S-C', 0, ' Clearwater', '26456', 'US', NULL, 1, '727-726-2033', '2012-09-20 18:30:00', 'Clearwater', '727-726-6333', 'FL', '33765'),
(428, '2205 Gallatin Pike North', 0, ' Madison', '26563', 'US', NULL, 1, '615-855-3899', '2012-09-20 18:30:00', 'Rivergate', '615-855-3773', 'TN', '37115'),
(429, '260 Ridge Way RD.', 0, 'Flowood', '27707', 'US', NULL, 1, '601-919-0941', '2012-09-20 18:30:00', 'Jackson', '601-919-8242', 'MS', '39232'),
(430, '1910 N. Roan Street', 0, ' Johnson City', '28371', 'US', NULL, 1, '423-283-0686', '2012-09-20 18:30:00', 'Johnson City', '423-283-4219', 'TN', '37601'),
(431, '3658-A Airport Blvd', 0, ' Mobile', '28828', 'US', NULL, 1, '251-304-0975', '2012-09-20 18:30:00', 'Mobile', '251-304-0950', 'AL', '36608'),
(432, '3908 West Hillsborough Avenue', 0, ' Tampa', '28859', 'US', NULL, 1, '813-879-0806', '2012-09-20 18:30:00', 'Tampa', '813-873-1116', 'FL', '33614'),
(433, '5731 Nolensville Road', 0, ' Nashville', '28860', 'US', NULL, 1, '615-834-5067', '2012-09-20 18:30:00', 'Nashville', '615-781-2229', 'TN', '37211'),
(434, '345 State Farm Parkway', 0, ' Homewood', '28862', 'US', NULL, 1, '205-948-1714', '2012-09-20 18:30:00', 'Birmingham', '205-945-5651', 'AL', '35209'),
(435, '9626 Kingston Pike', 0, ' Knoxville', '28863', 'US', NULL, 1, '865-769-0209', '2012-09-20 18:30:00', 'Knoxville', '865-769-9911', 'TN', '37922'),
(436, '5700 Leesburg Pike', 0, ' Falls Church', '26380', 'US', NULL, 1, '703-575-9545', '2012-09-20 18:30:00', 'Baileys Crossroads', '703-575-9542', 'VA', '22041'),
(437, '21300 Signal Hill Plaza', 0, ' Sterling', '26393', 'US', NULL, 1, '703-421-3083', '2012-09-20 18:30:00', 'Sterling', '571-434-8850', 'VA', '20164'),
(438, '12012 Cherry Hill Road', 0, ' Silver Spring', '26414', 'US', NULL, 1, '301-586-8637', '2012-09-20 18:30:00', 'Silver Spring', '301-586-8630', 'MD', '20904'),
(439, '12153 Jefferson Ave.', 0, ' Newport News', '26439', 'US', NULL, 1, '757-269-0143', '2012-09-20 18:30:00', 'Newport News', '757-269-0140', 'VA', '23602'),
(440, '2969 Festival Way', 0, ' Waldorf', '26477', 'US', NULL, 1, '301-396-8048', '2012-09-20 18:30:00', 'Waldorf', '301-396-8037', 'MD', '20601'),
(441, '1238 Putty Hill Ave', 0, ' Towson', '26559', 'US', NULL, 1, '410-372-5001', '2012-09-20 18:30:00', 'Towson', '410-372-5000', 'MD', '21286'),
(442, '13315 Rittenhouse Drive', 0, ' Midothian', '26570', 'US', NULL, 1, '804-744-4183', '2012-09-20 18:30:00', 'S.Richmond', '804-744-2595', 'VA', '23112'),
(443, '6501A Baltimore Natl Pike', 0, ' Baltimore', '28874', 'US', NULL, 1, '410-744-8475', '2012-09-20 18:30:00', 'Catonsville', '410-744-0820', 'MD', '21228'),
(444, '8040 Ritchie Hwy.', 0, ' Pasadena', '28875', 'US', NULL, 1, '410-863-8843', '2012-09-20 18:30:00', 'Pasadena', '410-863-8840', 'MD', '21122'),
(445, '1336 Greenbrier Parkway', 0, ' Chesapeake', '28882', 'US', NULL, 1, '757-553-8000', '2012-09-20 18:30:00', 'Chesapeake', '757-548-2255', 'VA', '23320'),
(446, '13954 Metro Tech Drive', 0, ' Chantilly', '28884', 'US', NULL, 1, '703-502-0577', '2012-09-20 18:30:00', 'Chantilly', '703-502-9200', 'VA', '20151'),
(447, '14173 Crossing Place', 0, ' Woodbridge', '28885', 'US', NULL, 1, '703-492-6460', '2012-09-20 18:30:00', 'Potomac Mills', '703-492-0209', 'VA', '22192'),
(448, '9004 West Broad Street', 0, ' Richmond', '28886', 'US', NULL, 1, '804-614-9920', '2012-09-20 18:30:00', 'Richmond', '804-747-4720', 'VA', '23294'),
(449, '450 Grossman Drive', 0, 'Braintree', '26383', 'US', NULL, 1, '781-228-4420', '2012-09-20 18:30:00', 'Braintree', '781-356-0475', 'MA', '2184'),
(450, '300 Andover Street', 0, ' Peabody', '26384', 'US', NULL, 1, '978-532-9103', '2012-09-20 18:30:00', 'Peabody', '978-532-0400', 'MA', '1960'),
(451, '300 Quaker Lane', 0, ' Warwick', '26385', 'US', NULL, 1, '401-827-9927', '2012-09-20 18:30:00', 'Warwick', '401-827-9920', 'RI', '2886'),
(452, '1255 So. Washington St.', 0, ' No. Attleboro', '26388', 'US', NULL, 1, '508-699-8434', '2012-09-20 18:30:00', 'N.Attleboro', '508-699-8218', 'MA', '2760'),
(453, '200 Running Hill Road  Suite 6', 0, ' So. Portland', '26430', 'US', NULL, 1, '207-773-7059', '2012-09-20 18:30:00', 'Portland', '207-773-4861', 'ME', '4106'),
(454, '12 Mystic View Road', 0, ' Everett', '26443', 'US', NULL, 1, '617-381-7528', '2012-09-20 18:30:00', 'Everett', '617-381-1537', 'MA', '2149'),
(455, 'Shoppers World Plaza 1 Worcester Road', 0, ' Framingham', '26450', 'US', NULL, 1, '508-872-4596', '2012-09-20 18:30:00', 'Framingham', '508-872-9358', 'MA', '1701'),
(456, '447 South Broadway', 0, ' Salem', '26459', 'US', NULL, 1, '603-893-4819', '2012-09-20 18:30:00', 'Salem', '603-893-2614', 'NH', '3079'),
(457, '70 Worcester Providence Turnpike-Rt. 146  Suite 170', 0, ' Millbury', '26468', 'US', NULL, 1, '508-865-8942', '2012-09-20 18:30:00', 'Millbury', '508-865-9868', 'MA', '1527'),
(458, '29 Gusabel Avenue', 0, ' Nashua', '26492', 'US', NULL, 1, '603-881-3982', '2012-09-20 18:30:00', 'Nashua', '603-881-4306', 'NH', '3063'),
(459, '50 Holyoke St', 0, ' Holyoke', '26555', 'US', NULL, 1, '413-315-2031', '2012-09-20 18:30:00', 'Holyoke', '413-315-2000', 'MA', '1040'),
(460, '416 Harry L. Dr. Rts 201 & 17', 0, ' Johnson City', '26364', 'US', NULL, 1, '607-770-8915', '2012-09-20 18:30:00', 'Binghamton', '607-770-9300', 'NY', '13790'),
(461, '1559 New Britian Avenue', 0, ' West Hartford', '26392', 'US', NULL, 1, '860-561-0871', '2012-09-20 18:30:00', 'West Hartford', '860-561-0329', 'CT', '6110'),
(462, '169 Hale Road', 0, ' Manchester', '26429', 'US', NULL, 1, '860-644-6145', '2012-09-20 18:30:00', 'Manchester', '860-644-6084', 'CT', '6042'),
(463, '1522-24 Boston Post Road (P.O. Box 5144)', 0, ' Milford', '26441', 'US', NULL, 1, '203-876-8503', '2012-09-20 18:30:00', 'Milford', '203-876-9979', 'CT', '6460'),
(464, '1822 South Road', 0, ' Wappinger Falls', '26480', 'US', NULL, 1, '845-297-4721', '2012-09-20 18:30:00', 'Poughkeepsie', '845-297-4579', 'NY', '12590'),
(465, '915 Hartford Turnpike  Unit A-5', 0, ' Waterford', '26491', 'US', NULL, 1, '860-447-4599', '2012-09-20 18:30:00', 'Waterford', '860-447-4589', 'CT', '6385'),
(466, '221 Wade Road Extension', 0, ' Latham', '26494', 'US', NULL, 1, '518-783-9278', '2012-09-20 18:30:00', 'Latham', '518-783-0632', 'NY', '12110'),
(467, '19 Backus Ave.', 0, 'Danbury', '26518', 'US', NULL, 1, '203-790-8893', '2012-09-20 18:30:00', 'Danbury', '203-790-8898', 'CT', '6810'),
(468, '2335 Marketplace Drive', 0, ' Rochester', '29281', 'US', NULL, 1, '585-424-7512', '2012-09-20 18:30:00', 'Henrietta', '585-424-7170', 'NY', '14623'),
(469, '1569 Niagara Falls Blvd', 0, ' Amherst', '29282', 'US', NULL, 1, '716-803-1405', '2012-09-20 18:30:00', 'Amherst', '716-803-1399', 'NY', '14228'),
(470, '2027 Park Street', 0, ' Syracuse', '29291', 'US', NULL, 1, '315-424-2516', '2012-09-20 18:30:00', 'Syracuse', '315-424-3998', 'NY', '13208'),
(471, '1350 Corporate Drive', 0, ' Westbury', '26357', 'US', NULL, 1, '516-227-3429', '2012-09-20 18:30:00', 'Westbury', '516-227-2669', 'NY', '11590'),
(472, '5181 Sunrise Highway', 0, ' Bohemia', '26374', 'US', NULL, 1, '631-218-9403', '2012-09-20 18:30:00', 'Sayville', '631-218-9101', 'NY', '11716'),
(473, '108 Veterans Memorial Highway', 0, ' Commack', '26378', 'US', NULL, 1, '631-462-8573', '2012-09-20 18:30:00', 'Commack', '631-462-6300', 'NY', '11725'),
(474, '139-19 20th Avenue', 0, ' College Point', '26389', 'US', NULL, 1, '718-321-8932', '2012-09-20 18:30:00', 'College Point', '718-321-8166', 'NY', '11356'),
(475, '250 East Route 59', 0, ' Nanuet', '26410', 'US', NULL, 1, '845-627-7531', '2012-09-20 18:30:00', 'Nanuet', '845-627-6636', 'NY', '10954'),
(476, '2700 Central Park Ave', 0, ' Yonkers', '26411', 'US', NULL, 1, '914-722-8332', '2012-09-20 18:30:00', 'Yonkers', '914-722-4500', 'NY', '10710'),
(477, '5214 Sunrise Highway Sunrise Promenade', 0, ' Massapequa Park', '26424', 'US', NULL, 1, '516-795-4725', '2012-09-20 18:30:00', 'Massapequa', '516-795-4314', 'NY', '11762'),
(478, '2655 Richmond Ave.', 0, ' Staten Island', '26444', 'US', NULL, 1, '718-370-9611', '2012-09-20 18:30:00', 'Staten Island', '718-370-2734', 'NY', '10314'),
(479, '395 Gateway Drive', 0, ' Brooklyn', '26455', 'US', NULL, 1, '718-277-9183', '2012-09-20 18:30:00', 'Brooklyn', '718-277-3400', 'NY', '11239'),
(480, '88 Dunning Road', 0, ' Middletown', '26509', 'US', NULL, 1, '845-956-4056', '2012-09-20 18:30:00', 'Middletown', '845-956-4050', 'NY', '10940'),
(481, '8973-95 Bay Parkway', 0, ' Brooklyn', '26520', 'US', NULL, 1, '718-714-6500', '2012-09-20 18:30:00', 'Bay Pkwy-Brooklyn', '718-714-6400', 'NY', '11214'),
(482, '24-30 Union Square East', 0, ' New York', '26538', 'US', NULL, 1, '212-674-5988', '2012-09-20 18:30:00', 'Union Square', '212-798-9905', 'NY', '10003'),
(483, '70 U.S. Highway 36', 0, ' Eatontown', '26358', 'US', NULL, 1, '732-935-9474', '2012-09-20 18:30:00', 'Eatontown', '732-935-9366', 'NJ', '7724'),
(484, '909 US Hwy 1 South', 0, ' North Brunswick', '26369', 'US', NULL, 1, '732-645-4030', '2012-09-20 18:30:00', 'N. Brunswick', '732-220-1900', 'NJ', '8902'),
(485, '1120 Hurfville Road', 0, ' Deptford', '26370', 'US', NULL, 1, '856-384-8411', '2012-09-20 18:30:00', 'Deptford', '856-384-3788', 'NJ', '8096'),
(486, '120 Consumer Square', 0, ' Mays Landing', '26373', 'US', NULL, 1, '609-484-1176', '2012-09-20 18:30:00', 'Mays Landing', '609-484-1177', 'NJ', '8330'),
(487, '100 Promenade Blvd.', 0, ' Bridgewater', '26375', 'US', NULL, 1, '732-302-3597', '2012-09-20 18:30:00', 'Bridgewater', '732-302-3590', 'NJ', '8807'),
(488, '2700 Route 22 East', 0, ' Union', '26377', 'US', NULL, 1, '908-810-6315', '2012-09-20 18:30:00', 'Union', '908-810-9300', 'NJ', '7083'),
(489, '2135 Route 38 Suite A', 0, ' Cherry Hill', '26379', 'US', NULL, 1, '856-317-9149', '2012-09-20 18:30:00', 'Cherry Hill', '856-317-1559', 'NJ', '8002'),
(490, '545 Route 17 South', 0, ' Paramus', '26386', 'US', NULL, 1, '201-251-2469', '2012-09-20 18:30:00', 'Paramus', '201-251-3191', 'NJ', '7652'),
(491, '50 International Drive South', 0, ' Flanders', '26479', 'US', NULL, 1, '973-691-2089', '2012-09-20 18:30:00', 'Mt. Olive', '973-691-5939', 'NJ', '7836'),
(492, '7 Route 9 South', 0, ' Manalapan', '26481', 'US', NULL, 1, '732-845-4635', '2012-09-20 18:30:00', 'Manalapan', '732-845-2861', 'NJ', '7726'),
(493, '98 Route 10 West', 0, ' East Hanover', '26503', 'US', NULL, 1, '973-503-0678', '2012-09-20 18:30:00', 'East Hanover', '973-503-1411', 'NJ', '7936'),
(494, '700 Nassau Park Boulevard', 0, ' West Windsor', '26533', 'US', NULL, 1, '609-716-1749', '2012-09-20 18:30:00', 'West Windsor', '609-987-1751', 'NJ', '8550'),
(495, '465 US Highway 46', 0, ' West Totowa', '26539', 'US', NULL, 1, '973-256-3629', '2012-09-20 18:30:00', 'Totowa', '973-256-3156', 'NJ', 'N/A'),
(496, '1336 Bristol Pike', 0, ' Bensalem', '26371', 'US', NULL, 1, '215-688-9501', '2012-09-20 18:30:00', 'Bensalem', '215-633-6990', 'PA', '19020'),
(497, '330 Commerce Boulevard', 0, ' Fairless Hills', '26372', 'US', NULL, 1, '215-269-0200', '2012-09-20 18:30:00', 'Fairless Hills', '215-269-0100', 'PA', '19030'),
(498, '1317 New Churchmans Road', 0, ' Newark', '26376', 'US', NULL, 1, '302-266-8192', '2012-09-20 18:30:00', 'Christiana', '302-266-8194', 'DE', '19713'),
(499, '600 Lehigh Valley Mall', 0, ' Whitehall', '26387', 'US', NULL, 1, '610-231-0254', '2012-09-20 18:30:00', 'Whitehall', '610-231-0481', 'PA', '18052'),
(500, '2789 Paper Mill Road', 0, ' Reading', '26394', 'US', NULL, 1, '610-373-6754', '2012-09-20 18:30:00', 'Reading', '610-373-7174', 'PA', '19610'),
(501, '5125 Jonestown Rd', 0, ' Harrisburg', '26425', 'US', NULL, 1, '717-671-5481', '2012-09-20 18:30:00', 'Harrisburg', '717-671-7101', 'PA', '17112'),
(502, '770 Baltimore Pike', 0, ' Springfield', '26449', 'US', NULL, 1, '610-544-9849', '2012-09-20 18:30:00', 'Springfield', '610-544-9207', 'PA', '19064'),
(503, '104 Bartlett Ave.', 0, ' Exton', '26454', 'US', NULL, 1, '610-524-6142', '2012-09-20 18:30:00', 'Exton', '610-524-5369', 'PA', '19341'),
(504, '980 Bethleham Pike', 0, ' Montgomeryville', '26462', 'US', NULL, 1, '215-699-6357', '2012-09-20 18:30:00', 'Montgomeryville', '215-699-8762', 'PA', '18936'),
(505, '3300 Wilkes Barre Township Commons', 0, ' Wilkes Barre', '26467', 'US', NULL, 1, '570-822-6705', '2012-09-20 18:30:00', 'Wilkes Barre', '570-822-7854', 'PA', '18702'),
(506, '990 Plaza Blvd.', 0, ' Lancaster', '26504', 'US', NULL, 1, '717-394-1839', '2012-09-20 18:30:00', 'Lancaster', '717-394-0823', 'PA', '17601'),
(507, '3700 William Penn Highway', 0, ' Monroeville', '26452', 'US', NULL, 1, '412-856-9675', '2012-09-20 18:30:00', 'Monroeville', '412-856-0475', 'PA', '15146'),
(508, '6680 Peach St.', 0, ' Erie', '26470', 'US', NULL, 1, '814-864-5911', '2012-09-20 18:30:00', 'Erie', '814-864-5814', 'PA', '16509'),
(509, '20111 Route 19', 0, ' Cranberry Township', '26478', 'US', NULL, 1, '724-772-2563', '2012-09-20 18:30:00', 'Cranberry', '724-772-2500', 'PA', '16066'),
(510, '4000 Oxford Drive', 0, ' Bethel Park', '26560', 'US', NULL, 1, '412-479-9021', '2012-09-20 18:30:00', 'Bethel Park', '412-479-9020', 'PA', '15102'),
(511, '3505 S.140th Plaza', 0, ' Omaha', '26507', 'US', NULL, 1, '402-333-6429', '2012-09-20 18:30:00', 'Omaha', '402-333-6427', 'NE', '68144'),
(512, '8801 University Ave', 0, ' Clive', '29587', 'US', NULL, 1, '515-226-8540', '2012-09-20 18:30:00', 'Des Moines', '515-226-3131', 'IA', '50325'),
(513, '10732 SW Village Pkwy', 0, 'Port St. Lucie', '6577', 'US', NULL, 1, '772-345-2236', '2012-09-20 18:30:00', 'Port St. Lucie', '772-345-2229', 'FL', '34953'),
(514, '12450 Amargosa Rd.', 0, 'Victorville', '5619', 'US', NULL, 1, '760-243-3300', '2012-09-20 18:30:00', 'Victorville', '760-241-2114', 'CA', '92392'),
(515, '414 ESE Loop 323', 0, 'Tyler', '7825', 'US', NULL, 1, '903-581-5837', '2012-09-20 18:30:00', 'Tyler', '903-534-3941', 'TX', '75701'),
(516, '568 Contra Costa Boulevard\r\n', 0, 'Pleasant Hill', '5803', 'US', NULL, 1, '925-405-0109', '2012-09-20 18:30:00', 'Pleasant Hill ', '925-405-0101', 'CA', '94523'),
(517, '2905 Los Feliz Boulevard', 0, 'Glendale', '5667', 'US', NULL, 1, '000-000-0000', '2012-09-20 18:30:00', 'Glendale SBS', '323-663-8704', 'CA', '90039'),
(518, '8060 Giacosa Place', 0, 'Germantown', '8867', 'US', NULL, 1, '000-000-0000', '2012-09-20 18:30:00', 'Germantown SBS', '901-937-4139', 'TN', '38133'),
(519, '4411 W. Wisconsin Dr', 0, 'Grand Chute', '6039', 'US', NULL, 1, '920-738-6026', '2012-09-20 18:30:00', 'Appleton SBS', '920-738-5395 ', 'WI', '54913'),
(520, '1370 Western Blvd', 0, 'Jacksonville', '9591', 'US', NULL, 1, '000-000-0000', '2012-09-20 18:30:00', 'Jacksonville NC SBS', '910-347-9839', 'NC', '28546'),
(521, '2190 Wanamaker Rd.', 0, 'Topeka', '9504', 'US', NULL, 1, '000-000-0000', '2012-09-20 18:30:00', 'Topeka (SBS)', '785-272-1188', 'KS', '66614'),
(522, '400 Rangeline Rd.', 0, 'Joplin', '9518', 'US', NULL, 1, '000-000-0000', '2012-09-20 18:30:00', 'Joplin SBS', '417-781-8697', 'MO', '64802'),
(523, '2179 moneray hwy', 0, 'San Jose', '5819', 'US', 'tru5819@toysrus.com', 1, '000-000-0000', '2012-09-20 18:30:00', 'San Jose SSBS', '408-283-9180', 'CA', '95125'),
(524, '10732 SW Village Pkwy', 0, 'Port St. Lucie', '6577B', 'US', NULL, 1, '772-345-2236', '2012-09-20 18:30:00', 'Port St. Lucie', '772-345-2229', 'FL', '34953'),
(525, '130 E. El Camino Real', 0, 'Sunnyvale', '5814', 'US', NULL, 1, '408-789-0031', '2012-09-20 18:30:00', 'Sunnyvale (SBS)', '408-732-0283', 'CA', '94087'),
(526, '2115 West Street', 0, 'Annapolis', '8336', 'US', NULL, 1, '000-000-0000', '2012-09-20 18:30:00', 'Annapolis MD (SBS)', '410-573-0440', 'MD', '21401'),
(527, '600 Francisco Blvd', 0, 'San Rafael', '5829', 'US', NULL, 1, '415-223-6000', '2012-09-20 18:30:00', 'San Rafael Express', '415-721-7188', 'CA', '94901'),
(528, '20450 Highway 59 North', 0, 'Humble', '7012', 'US', NULL, 1, '281-446-6179', '2012-09-20 18:30:00', 'Humble SBS', '281-446-2407', 'TX', '77338'),
(529, '6105 Wesley Grove BLVD ', 0, 'Wesley Chapel', '8727', 'US', NULL, 1, '813-994-5968', '2012-09-20 18:30:00', 'New Tampa SSBS', '813-929-6230', 'FL', '33543'),
(530, '3464 McKinley Parkway ', 0, 'Blasdell', '9226', 'US', NULL, 1, '716-319-1063', '2012-09-20 18:30:00', 'Hamburg SBS', '716-706-1072 ', 'NY', '14219'),
(531, '2601 W.Osceola Parkway', 0, 'kissimmee', '6605', 'US', NULL, 1, '000-000-0000', '2012-09-20 18:30:00', 'Kissimmee', '000-000-0000', 'FL', '34741'),
(532, 'Plaza Las Americas\r\nCalaf 555\r\n', 0, 'Hato Rey', '8722', 'US', NULL, 1, '000-000-0000', '2012-09-20 18:30:00', 'San Juan', '787-250-8697', 'PR', '00918'),
(533, '8270 Agora Parkway', 0, 'selma', '7007', 'US', NULL, 1, '000-000-0000', '2012-09-20 18:30:00', 'Forum', '210-658-2183', 'TX', '78158'),
(534, '32700 John R Road', 0, 'Madison Heights', '9263', 'US', NULL, 1, '000-000-0000', '2012-09-20 18:30:00', 'Madison Heights', '248-585-5700', 'MI', '48071'),
(535, '8325 South Dixie Highway', 0, 'Daleland', '8703', 'US', NULL, 1, '000-000-0000', '2012-09-20 18:30:00', 'Dadeland', '305-662-1911', 'FL', '33143'),
(536, '1705 Mall of Georgia Blvd.', 0, 'Buford', '8870', 'US', NULL, 1, '000-000-0000', '2012-09-20 18:30:00', 'Buford', '770-932-6100', 'GA', '30519'),
(537, '15325 W. McDowell Road ', 0, 'Goodyear', '5641', 'US', NULL, 1, '000-000-0000', '2012-09-20 18:30:00', 'Goodyear', '623-935-5902 ', 'AZ', '85338'),
(538, '21697 State Rd. 7', 0, 'Boca Raton', '6409', 'US', NULL, 1, '561-477-8189', '2012-09-20 18:30:00', 'Boca Raton', '561-477-3337', 'FL', '33428'),
(539, '25362 El Paseo Rd.', 0, 'Mission Viejo', '5659', 'US', NULL, 1, '000-000-0000', '2012-09-20 18:30:00', 'Mission Viejo Express', '949-582-7945', 'CA', '92691'),
(540, '1445 Montebello Blvd.', 0, 'Montebello', '5654', 'US', NULL, 1, '000-000-0000', '2012-09-20 18:30:00', 'Montebello Express', '323-724-1399', 'CA', '90640'),
(541, '5555 Whittlessey Blvd. Suite 2300', 0, 'Columbus', '8818', 'US', NULL, 1, '706-660-2997', '2012-09-20 18:30:00', 'Columbus SBS', '706-660-2994', 'GA', '31907'),
(542, '3665 Grand Oaks', 0, 'Corona', '6622', 'US', NULL, 1, '951-737-9185', '2012-09-20 18:30:00', 'Corona (SSBS)', '951-737-5781', 'CA', '92883'),
(543, '1833 LA Cienega Blvd.', 0, 'West LA', '5616', 'US', NULL, 1, '000-000-0000', '2012-09-20 18:30:00', 'West LA (SBS)', '310-558-1831', 'CA', '90035'),
(544, '900 Center Drive', 0, 'Elizabeth', '6365', 'US', NULL, 1, '908-248-0094', '2012-09-20 18:30:00', 'Elizabeth SSBS', '908-248-0043', 'NJ', '07201'),
(545, '2455 Intl Speedway Blvd.', 0, 'Daytona Beach', '8718', 'US', NULL, 1, '386-226-3048', '2012-09-20 18:30:00', 'Daytona Beach SBS', '386-226-9737', 'FL', '32114'),
(546, '1851 Sunrise Highway', 0, 'Bayshore', '6324', 'US', NULL, 1, '000-000-0000', '2012-09-20 18:30:00', 'Bayshore (SBS)', '631-666-6611', 'NY', '11706'),
(547, '6455 E. State Street', 0, 'Rockford', '6034', 'US', NULL, 1, '000-000-0000', '2012-09-20 18:30:00', 'Rockford (SSBS)', '815-332-4343', 'IL', '61108'),
(548, '66-26 Metropolitan Avenue', 0, 'Queens', '6333', 'US', NULL, 1, '000-000-0000', '2012-09-20 18:30:00', 'Queens (BRU Express)', '718-326-2038', 'NY', '11379'),
(549, '60 South Broadway', 0, 'White Plains', '6347', 'US', NULL, 1, '000-000-0000', '2012-09-20 18:30:00', 'White Plains (BRU Express)', '914-683-5437', 'NY', '10601'),
(550, '1220 Airline Road', 0, 'Corpus Christi', '7014', 'US', NULL, 1, '361-992-0576', '2012-09-20 18:30:00', 'Corpus Christi (SBS)', '361-992-2429', 'TX', '78412'),
(551, '1930 N. Davis Road', 0, 'Salinas', '5858', 'US', NULL, 1, '831-444-9852', '2012-09-20 18:30:00', 'Salinas', '831-444-9846', 'CA', '93907'),
(552, '2433 S. Greenbay Rd', 0, 'Racine', '6051', 'US', NULL, 1, '262-637-2558', '2012-09-20 18:30:00', 'Racine', '262-637-2318', 'WI', '53406'),
(553, '10002 Gulf Center Drive', 0, 'Ft. Myers', '6536', 'US', NULL, 1, '239-433-6863', '2012-09-20 18:30:00', 'Ft. Myers', '239-433-6837', 'FL', '33913'),
(554, '1220 Hooper Ave', 0, 'Toms River', '6508', 'US', NULL, 1, '732-914-1467', '2012-09-20 18:30:00', 'Toms River', '732-244-8880', 'NJ', '08753'),
(555, '4250 Corbett Dr\r\n\r\n', 0, 'Fort Collins', '9533', 'US', NULL, 1, '000-000-0000', '2012-09-20 18:30:00', 'Fort Collins (SSBS)', '970-223-1020', 'CO', '80528'),
(556, '1400 Gemini Pl', 0, 'Columbus', '8911', 'US', NULL, 1, '000-000-0000', '2012-09-20 18:30:00', 'Columbus (SSBS)', '614-785-0987', 'OH', '43240'),
(557, '4875 Town Center Parkway', 0, 'Jacksonville', '8729', 'US', NULL, 1, '000-000-0000', '2012-09-20 18:30:00', 'Jacksonville (SSBS)', '000-000-0000', 'FL', '32246'),
(558, '11460 Winnetka Rd.', 0, 'Nothridge', '5681', 'US', NULL, 1, '000-000-0000', '2012-09-20 18:30:00', 'Porter Ranch (SBS)', '000-000-0000', 'CA', '91324'),
(559, '228 S.W. Greenville Blvd.\r\n', 0, 'Greenville', '8378', 'US', NULL, 1, '252-355-5296', '2012-09-20 18:30:00', 'Greenville SBS', '252-321-2181', 'NC', '27834'),
(560, '1410 Kenneth Rd', 0, 'York', '8310', 'US', NULL, 1, '717-779-2676', '2012-09-20 18:30:00', 'York SBS', '717-779-2675', 'PA', '17404'),
(561, '2745 N.E. 193rd Street\r\n', 0, 'Aventura', '6510', 'US', NULL, 1, '305-705-1443', '2012-09-20 18:30:00', 'Aventura', '305-705-0639', 'FL', '33180'),
(562, '9930 Alabama St.', 0, 'Redlands', '6583', 'US', NULL, 1, '909-798-6459', '2012-09-20 18:30:00', 'SSBS Redlands', '909-798-6390', 'CA', '92374'),
(563, '826 S. Randall rd.\r\n\r\n', 0, 'Algonquin', '6022', 'US', NULL, 1, '000-000-0000', '2012-09-20 18:30:00', 'Algonquin (SSBS)', '847-458-2961', 'IL', 'N/A'),
(564, '1070 Route 132', 0, 'Hyannis', '7530', 'US', NULL, 1, NULL, '2012-09-20 18:30:00', 'Hyannis SBS', '508-778-5653', 'MA', '02601'),
(565, '3860 Central Sarasota Pkwy', 0, 'Sarasota', '6556', 'US', NULL, 1, '941-525-0020', '2012-09-20 18:30:00', 'Sarasota', '941-525-1030', 'FL', '34238'),
(566, '4635 CHINO HILLS PARKWAY', 0, 'Chinos Hills', '5657', 'US', NULL, 1, '909-606-7992', '2012-09-20 18:30:00', 'Chinos Hills (SSBS)', '909-606-7730', 'CA', '91709'),
(567, '5404 San Bernardo Ave.', 0, 'Laredo', '7035', 'US', NULL, 1, '956-796-0793', '2012-09-20 18:30:00', 'Laredo SBS', '956-795-0070', 'TX', '78041'),
(568, '7020 Arroyo Crossing Parkway', 0, 'Las Vegas', '6580', 'US', NULL, 1, '702-837-3734', '2012-09-20 18:30:00', 'Spring Valley', '702-837-0073', 'NV', '89118'),
(569, '1800 N Jantzen Beach Center', 0, 'Portland', '8004', 'US', NULL, 1, '000-000-0000', '2012-09-20 18:30:00', 'Jantzen Beach (SSBS)', '503-286-7144', 'OR', '97217'),
(570, '1385 SOM CENTER RD ', 0, 'Mayfield Heights', '9204', 'US', NULL, 1, '000-000-0000', '2012-09-20 18:30:00', 'Mayfeilds Heights (SBS)', '440-413-0414', 'OH', '44124'),
(571, '7730 N. MacArthur Blvd.', 0, 'Irving', '7813', 'US', NULL, 1, '000-000-0000', '2012-09-20 18:30:00', 'Irving (SSBS)', '972-556-0733', 'TX', '75063'),
(572, '5700 JOHNSTON\r\n\r\n\r\n', 0, 'LAFAYETTE', '7026', 'US', NULL, 1, '337-406-0468', '2012-09-20 18:30:00', 'Lafayette SBS', '337-988-2228', 'LA', '70506'),
(573, '590 Branchland Ave', 0, 'Charlottesville', '8338', 'US', NULL, 1, '434-973-7503', '2012-09-20 18:30:00', 'Charlottesville SBS', '434-973-1429', 'VA', '22901'),
(574, '3300 W. Expressway 83, Suite 500', 0, 'McAllen', '7713', 'US', NULL, 1, '956-682-0277', '2012-09-20 18:30:00', 'McAllen', '956-618-0383', 'TX', '78504'),
(575, '376 Universal Drive, N', 0, 'North Haven', '6366', 'US', NULL, 1, '000-000-0000', '2012-09-20 18:30:00', 'North Haven (SSBS)', '203-407-8697', 'CT', '06473 '),
(576, '2550 Canyon Springs Pkwy\r\nSuite J', 0, 'Riverside', '5618', 'US', NULL, 1, '000-000-0000', '2012-09-20 18:30:00', 'Moreno Valley (SSBS)', '951-656-4258', 'CA', '92506'),
(577, '100 Welsh Road', 0, 'Horsham', '8322', 'US', NULL, 1, '000-000-0000', '2012-09-20 18:30:00', 'Horsham SSBS', '215-784-1904', 'PA', '09011'),
(578, '4505 COMMERCIAL DRIVE', 0, 'NEW HARTFORD', '7518', 'US', NULL, 1, '000-000-0000', '2012-09-20 18:30:00', 'Utica (SBS)', '315-736-1815', 'NY', '13413'),
(579, '26573 Carl Boyer Dr. ', 0, 'Santa Clarita', '6581', 'US', NULL, 1, '000-000-0000', '2012-09-20 18:30:00', 'Santa Clarita', '661-253-3940', 'CA', '91350'),
(580, '85 GOSLING ROAD', 0, 'Newington', '7514', 'US', NULL, 1, '603-570-5046', '2012-09-20 18:30:00', 'Newington SBS', '603-570-5040', 'NH', '03801'),
(581, '170 E. STACY ROADBUILDING 2250', 0, 'Allen', '7812', 'US', NULL, 1, '000-000-0000', '2012-09-20 18:30:00', 'Allen (SSBS)', '972-678-4958', 'TX', '75002'),
(582, '2395 E. 17th Street', 0, 'Idaho Falls', '8021', 'US', NULL, 1, '000-000-0000', '2012-09-20 18:30:00', 'Idaho Falls (SBS)', '208-524-7070', 'ID', '83401'),
(583, '2701 N.Mall Dr.,Suite 101', 0, 'Virginia Beach', '8357', 'US', NULL, 1, '000-000-0000', '2012-09-20 18:30:00', 'Virginia Beach', '757-498-8271', 'VA', '23452'),
(584, '610 Exterior Street', 0, 'Bronx', '6629', 'US', NULL, 1, '000-000-0000', '2012-09-20 18:30:00', 'Bronx Terminal', '(718) 292-7913', 'NY', '10451'),
(585, '3 Mill Creek Drive\r\n', 0, 'Secaucus', '6623', 'US', NULL, 1, '000-000-0000', '2012-09-20 18:30:00', 'Secaucus', '201-558-4750', 'NJ', '07094   '),
(586, '2616 S Shackleford Rd', 0, 'Little Rock', '7712', 'US', NULL, 1, '501-223-8432', '2012-09-20 18:30:00', 'Little Rock', '501-221-0478', 'AR', '72205'),
(587, '50 W. Honeycreek Pkwy.', 0, 'Terre Haute', '8925', 'US', NULL, 1, '812-235-8672', '2012-09-20 18:30:00', 'Terre Haute SBS', '812-234-2197', 'IN', '47802'),
(588, '1425 E. Battlefield', 0, 'Springfield', '9512', 'US', NULL, 1, '000-000-0000', '2012-09-20 18:30:00', 'Springfield', '417-882-6097', 'MO', '65804'),
(589, '103 110th Ave NE', 0, 'Bellevue', '8011', 'US', NULL, 1, '425-274-8854', '2012-09-20 18:30:00', 'Bellevue SBS ', '425-274-8848 ', 'WA', '98004'),
(590, '6050 Gurnee Mills Blvd', 0, 'Gurnee', '6054', 'US', NULL, 1, '000-000-0000', '2012-09-20 18:30:00', 'Gurnee', '847-855-8697', 'IL', '60031'),
(591, '4943 Valley View Blvd.', 0, 'Roanoke', '8358', 'US', NULL, 1, '000-000-0000', '2012-09-20 18:30:00', 'Roanoke', '540-563-5740', 'VA', '24018'),
(592, '660 Market Place Dr., Bel Air, MD 21014', 0, 'Bel Air', '8348', 'US', NULL, 1, '000-000-0000', '2012-09-20 18:30:00', 'Bel Air', '410-838-0010', 'MD', '21014'),
(593, '590 Howe Ave.', 0, 'Cuyahoga Falls', '9203', 'US', NULL, 1, '000-000-0000', '2012-09-20 18:30:00', 'Akron/Chapel Hill', '330-923-8697', 'OH', '44221'),
(594, '62041 Columbia Crossing Drive', 0, 'Columbia', '8363', 'US', NULL, 1, NULL, '2012-09-20 18:30:00', 'Columbia', '410-290-4490', 'MD', '21045'),
(595, '3250 Middle Country Rd\r\n', 0, 'Lake Grove', '6317', 'US', NULL, 1, '000-000-0000', '2012-09-20 18:30:00', 'Lake Grove', '631-585-0173 ', 'NY', '11755 '),
(596, '250 Mall Blvd.', 0, 'King of Prussia', '8303', 'US', NULL, 1, '000-000-0000', '2012-09-20 18:30:00', 'King of Prussia', '610-982-7827', 'PA', '19406'),
(597, '1703 E. Empire\r\n', 0, 'Bloomington', '6008', 'US', NULL, 1, '000-000-0000', '2012-09-20 18:30:00', 'Bloomington', '309-662-6464', 'IL', '61704'),
(598, '91 New England Avenue', 0, 'Piscataway', '1111', 'US', NULL, 1, '000-000-0000', '2012-09-20 18:30:00', 'BC STORE (TEST)', '866-595-5175', 'NJ', '08854'),
(599, '492 State Rd., Dartmouth Towne Ctr.', 0, 'North Dartmouth', '7534', 'US', NULL, 1, '000-000-0000', '2012-09-20 18:30:00', 'North Dartmouth', '508-992-6617', 'MA', '02747'),
(600, 'OnLineSupport', 0, 'Piscataway', '0001', 'US', NULL, 1, '000-000-0000', '2012-09-20 18:30:00', 'OnLineSupport', '732-339-6070', 'NJ', '08854'),
(601, '201 Silver Springs Rd.', 0, 'Cape Girardeau', '9519', 'US', NULL, 1, '000-000-0000', '2012-09-20 18:30:00', 'Cape Girardeau', '573-339-0600', 'MO', '63701'),
(602, '3000 Scottsville Rd.', 0, 'Bowling Green', '8923', 'US', NULL, 1, '000-000-0000', '2012-09-20 18:30:00', 'Bowling Green', '270-843-9936', 'KY', '42101'),
(603, '2 Keller St.', 0, 'Manchester', '7511', 'US', NULL, 1, '000-000-0000', '2012-09-20 18:30:00', 'Manchester', '603-623-8077', 'NH', '03103'),
(604, '244 Retail Way', 0, 'Williston', '7537', 'US', NULL, 1, '000-000-0000', '2012-09-20 18:30:00', 'Williston', '802-872-8787', 'VT', '05495'),
(605, '6001 Kingstowne Village Pkwy.', 0, 'Alexandria', '8356', 'US', NULL, 1, '703-310-1270', '2012-09-20 18:30:00', 'Kingstowne', '703-922-0721', 'VA', '22315'),
(606, '16700 S. Center Pkwy.', 0, 'Tukwila', '8002', 'US', NULL, 1, '000-000-0000', '2012-09-20 18:30:00', 'Tukwila', '206-575-0780', 'WA', '98188'),
(607, 'Rt. 1 & 95 Norwalk', 0, 'Norwalk', '6353', 'US', NULL, 1, '000-000-0000', '2012-09-20 18:30:00', 'Norwalk', '203-852-6988', 'CT', '06851'),
(608, '7020 North 5th Street', 0, 'Las Vegas', '6624', 'US', NULL, 1, NULL, '2012-09-20 18:30:00', 'NW Las Vegas', '702-642-0793', 'NV', '89084'),
(609, '450 E. Disk Drive', 0, 'Rapid City', '9536', 'US', NULL, 1, '000-000-0000', '2012-09-20 18:30:00', 'Rapid City', '605-399-9410', 'SD', '57701'),
(610, '821 Columbia Center', 0, 'Kennewick', '8019', 'US', NULL, 1, '000-000-0000', '2012-09-20 18:30:00', 'Kennewick', '509-783-7006', 'WA', '99336'),
(611, '201 Crossroads Blvd.', 0, 'Cary', '8379', 'US', NULL, 1, '000-000-0000', '2012-09-20 18:30:00', 'Cary', '919-859-1971', 'NC', '27511'),
(612, '9563 N.Central Expressway', 0, 'Dallas', '7820', 'US', NULL, 1, '000-000-0000', '2012-09-20 18:30:00', 'Dallas-Northpark', '214-363-8732 ', 'TX', '75231'),
(613, '3551-9th Street SW', 0, 'Puyallup', '8023', 'US', NULL, 1, '000-000-0000', '2012-09-20 18:30:00', 'Puyallup', '253-848-1331', '98373', 'WA'),
(614, '581 Route 18 South', 0, 'E. Brunswick', '6305', 'US', NULL, 1, '000-000-0000', '2012-09-20 18:30:00', 'E. Brunswick', '732-257-0779', 'NJ', '08816'),
(615, '1133 Valley River Dr.', 0, 'Eugene', '8009', 'US', NULL, 1, '000-000-0000', '2012-09-20 18:30:00', 'Eugene', '541-485-8742', 'OR', '97401'),
(616, '2403 S. Soncy Road', 0, 'Amarillo', '7815', 'US', NULL, 1, '000-000-0000', '2012-09-20 18:30:00', 'Amarillo SBS', '806-355-7416', 'TX', '79121'),
(617, '1200 Lancaster Drive NE', 0, 'Salem', '8010', 'US', NULL, 1, '000-000-0000', '2012-09-20 18:30:00', 'Salem', '503-363-4328', 'OR', '97301'),
(618, '621 Bank Road', 0, 'Jefferson Valley', '6339', 'US', NULL, 1, '000-000-0000', '2012-09-20 18:30:00', 'Yorktown', '914-962-6878', 'NY', '10535'),
(619, '2821 Guthrie Highway', 0, 'Clarksville', '8832', 'US', NULL, 1, '000-000-0000', '2012-09-20 18:30:00', 'Clarksville', '931-647-0667', 'TN', '37040'),
(620, '10780 North Mall Drive', 0, 'Baton Rouge', '7017', 'US', NULL, 1, '000-000-0000', '2012-09-20 18:30:00', 'Baton Rouge', '225-296-0126', 'LA', '70809'),
(621, '1736 Skibo Road', 0, 'Fayetteville', '8374', 'US', NULL, 1, '000-000-0000', '2012-09-20 18:30:00', 'Fayetteville ', '910-864-2789', 'NC', '28303'),
(622, '245 E. Bell Rd.', 0, 'Phoenix', '5644', 'US', NULL, 1, '000-000-0000', '2012-09-20 18:30:00', 'North Phoenix', '602-870-9240', 'AZ', '85022'),
(623, '6001 West Sample Road', 0, 'Coral Springs', '6755', 'US', NULL, 1, '000-000-0000', '2012-09-20 18:30:00', 'Coral Springs', '954-341-2583', 'FL', '33067'),
(624, '16511 N. Washington Street', 0, 'Thornton', '8245', 'US', NULL, 1, '000-000-0000', '2012-09-20 18:30:00', 'Thornton', '303-451-1284', 'CO', '80023'),
(625, '1250 North Alafaya Trail', 0, 'Orlando', '8725', 'US', NULL, 1, '000-000-0000', '2012-09-20 18:30:00', 'Waterford Lakes', '407-896-4221', 'FL', '32800'),
(626, '34800 Warren Road', 0, 'Westland', '9271', 'US', NULL, 1, '000-000-0000', '2012-09-20 18:30:00', 'Westland', '734-421-1410', 'MI', '48185'),
(627, '6110 Shops Way', 0, 'Northborugh', '9008', 'US', NULL, 1, '000-000-0000', '2012-09-20 18:30:00', 'Northborugh', '508-393-0517', 'MA', '01532'),
(628, '250 N. Kimball Avenue, , TX  76092', 0, 'Southlake', '9007', 'US', NULL, 1, '000-000-0000', '2012-09-20 18:30:00', 'Southlake', '817-488-3178', 'TX', '76092'),
(629, '5363 Harvey Street', 0, 'Norton Shores', '6078', 'US', NULL, 1, '000-000-0000', '2012-09-20 18:30:00', 'Muskegon', '231-798-8697', 'MI', '49444'),
(630, '486 S. Randall Road', 0, 'S. Elgin', '6063', 'US', NULL, 1, '000-000-0000', '2012-09-20 18:30:00', 'South Elgin', '847-888-0235', 'IL', '60177'),
(631, '7800 Rivers Ave., Ste.1100', 0, 'N. Charleston', '8755', 'US', NULL, 1, '000-000-0000', '2012-09-20 18:30:00', 'Charleston', '843-553-5817', 'SC', '29418'),
(632, '2075 Old Fort Parkway,', 0, 'Murfreesboro', '8872', 'US', NULL, 1, '000-000-0000', '2012-09-20 18:30:00', 'Murfreesboro', '615-217-3306', 'TN', '37129'),
(633, '969 Barnes Crossing Rd.', 0, 'Tupelo', '8850', 'US', NULL, 1, '000-000-0000', '2012-09-20 18:30:00', 'Tupelo', '662-841-8697', 'MS', '38804'),
(634, '1625 Apalachee Pkwy.', 0, 'Tallahassee', '8730', 'US', NULL, 1, '000-000-0000', '2012-09-20 18:30:00', 'Tallahassee', '850-656-5701', 'FL', '32301'),
(635, '955 Grape Streets', 0, 'Whitehall', '6359', 'US', NULL, 1, '000-000-0000', '2012-09-20 18:30:00', 'Whitehall', '610-264-4100', 'PA', '18052'),
(636, '113 GRAND CENTRAL AVE', 0, 'VIENNA', '8367', 'US', '0', 1, '000-000-0000', '2012-09-20 18:30:00', 'BABIES R US VIENNA', '304-428-3877', 'WEST VIRGINIA', '26105'),
(637, '416 South Bridge St. ', 0, 'Auburn', '7504', 'US', '7504.tru@toysrus.com', 1, '000-000-0000', '2012-09-20 18:30:00', 'Babies R US Auburn', '508-832-9587', 'MA', '01501'),
(638, '1280 Rt 22', 0, 'Phillipsburg', 'BRU6382', 'US', 't6382@toyrus.com', 1, '000-000-0000', '2012-09-20 18:30:00', 'Babies R US Philliipsburg', '908-859-8600', 'NJ', '08865'),
(639, '200 E. Kimberly Rd', 0, 'Davenport', '6041', 'US', NULL, 1, '000-000-0000', '2012-09-20 18:30:00', 'BRU Davenport', '563-386-8697', 'IA', '52806'),
(640, '8 GALLEN ROAD', 0, 'Kingston', 'KINGSTON', 'US', 't7520@toysrus.com', 1, '000-000-0000', '2012-09-20 18:30:00', '7520', '781-585-1200', 'MA', '02364'),
(641, '7400 Abercorn St', 0, 'Savannah', 'Bru8754', 'US', NULL, 1, '000-000-0000', '2012-09-20 18:30:00', 'Babies R Us Savannah', '912-354-4477', 'GA', '31406'),
(642, 'N/A', 0, 'N/A', 'N/A', 'US', NULL, 0, '000-000-0000', '2012-09-20 18:30:00', 'N/A', '888-888-8888', 'FL', 'N/A'),
(1140, '683 N Victory Blvd', 0, 'Burbank', '5603', 'USA', '', 1, '', '2012-09-21 13:35:02', 'BRU', '', 'CA', '91502'),
(1335, '8507 Bon Rd. Building A', 0, 'Elk Groce', '5806', 'USA', '', 0, '', '2012-09-24 09:29:38', 'SBS 5806', '916-686-0295', 'CA', '95624'),
(1371, '209 SOUTH POINT BLVD', 0, 'MCDONOUGH', '8803', 'US', '', 1, '', '2012-09-24 12:56:06', 'MCDONOUGH', '770-288-2453', 'GA', '30253'),
(1513, '8600 King St. ', 0, 'Anchorage', '8017', 'USA', '', 1, '', '2012-09-25 08:00:19', 'Babies R Us Anchorage', '', 'AK', '99515'),
(1561, '209 South Point Blvd.', 0, 'McDonough ', 'bru8803', 'USA', '', 0, '', '2012-09-25 14:04:39', 'bru8803', '770-588-3459', 'Ga', '30252'),
(2013, '1411 S. Bradley', 0, 'Santa Maria', '5636', 'USA', '', 1, '', '2012-10-10 09:33:14', 'Santa Maria', '8059255266', 'CA', '93454'),
(2034, '1100 Seaboard Street', 0, 'Myrtle Beach', '8873', 'USA', '', 1, '', '2012-10-10 14:53:51', 'Myrtle Beach', '8434459884', 'SC', '29577'),
(2050, '4607 Millenia Plaza Way', 0, 'Orlando', '8751', 'USA', '', 1, '', '2012-10-11 09:58:02', 'Millenia Mall', '4072260139', 'FL', '32839');
INSERT INTO `store` (`storeid`, `address`, `archived`, `city`, `code`, `country`, `emailid`, `enabled`, `fax`, `lastmodified`, `name`, `phone`, `state`, `zipcode`) VALUES
(2115, '9730 Katy Freeway', 0, 'Houston', '7004', 'USA', '', 1, '', '2012-10-12 15:38:33', 'Bunker Hill', '7164654176', 'TX', '77055'),
(2186, '1 1645 NW107th Avenue', 0, 'Miami', '8707', 'USA', '', 1, '', '2012-10-15 09:18:04', 'Miami Int''l Mall', '3055931517', 'FL', '33172'),
(2251, '630 S. Rangeline', 0, 'Joplin', 'bru9518', 'USA', '', 1, '', '2012-10-16 12:33:17', 'Joplin', '4177818697', 'MO', '64802'),
(2411, '1381 Tamiami Tr.', 0, 'Port Charlotte', '8739', 'USA', '', 1, '', '2012-10-22 08:49:34', 'Port Charlotte', '941-629-9688', 'FL', '33948'),
(2457, '1600 S Azusa Avenue Space #287', 0, 'City of Industry', '5614', 'USA', '', 1, '', '2012-10-23 14:49:18', 'Puente Hills', '6269650872', 'CA', '91748'),
(2664, '450 N STATE RD 7', 0, 'ROYAL PALM BEACH', '8702', 'USA', '', 0, '', '2012-10-31 12:07:23', 'ROYAL PALM BEACH', '561-784-1190', 'FL', '33414'),
(2694, '12347 Seal Beach Blvd', 0, 'Seal Beach', '9062', 'USA', '', 1, '', '2012-11-01 11:14:32', 'ROSSMOOR', '562-493-9848', 'CA', '90740'),
(2697, '1601 West River Road North', 0, 'Elyria', '9208', 'USA', '', 1, '', '2012-11-01 11:47:33', 'Elyria', '440-324-2123', 'OH', '44035'),
(2915, '40 anthony drive', 0, 'Champaign', '6057', 'USA', '', 1, '', '2012-11-12 09:26:44', 'Champaign', '2173568697', 'IL', '61820'),
(2982, '11136 Jefferson Blvd', 0, 'Culver City', '5632', 'USA', '', 1, '', '2012-11-13 15:18:29', 'Culver City', '3103985775', 'CA', '90230'),
(3379, '450 South State Road 7', 0, 'Royal Palm Beach', '8702.', '', '', 1, '', '2012-12-04 14:05:11', 'Royal Palm Beach', '561-784-1619', 'FL', ''),
(3751, '2601 W. Lake Ave', 0, 'Peoria', '6002', 'USA', '', 1, '', '2012-12-20 09:57:42', 'Peoria', '309-686-2830', 'IL', '61615'),
(3926, '170 89th Ave', 0, 'Blaine', '6047', 'USA', '', 1, '', '2012-12-31 09:40:24', 'Blaine', '7637846419', 'MN', '55434'),
(4430, '17776 State Hwy 249 Suite 1', 0, 'Houston', 'bru7009', 'USA', '', 0, '', '2013-01-21 09:53:51', 'Willowbrook', '281-970-1723', 'TX', '77064'),
(4431, '17776 State Hwy 249 Suite 1', 0, 'Houston', '7009', 'USA', '', 1, '', '2013-01-21 09:56:20', 'Willowbrook', '281-970-1723', 'TX', '77064'),
(4792, '3101 Plank Rd', 0, 'Fredericksburg', '8342', 'USA', '', 1, '', '2013-02-04 11:08:00', 'Fredericksburg', '5407850083', 'VA', '22404'),
(5020, '1275 W. New Haven Ave', 0, 'Melbourne', '8740', 'USA', '', 1, '', '2013-02-11 08:56:00', 'Melbourne', '321-952-2412', 'FL', '32904'),
(5056, '11861 W. Broad Street', 0, 'Richmond', '8353', 'USA', '', 1, '', '2013-02-12 13:22:28', 'Short Pump', '8043604924', 'VA', '23238'),
(5058, '675 Route 1 South', 0, 'Iselin', '6318', 'USA', '', 1, '', '2013-02-12 14:42:19', 'Woodbridge', '732-636-2832', 'NJ', '08830'),
(5377, '6884 Govenors West', 0, 'Huntsville', '8809', 'USA', '', 1, '', '2013-02-21 07:57:48', 'Huntsville', '256-971-1216  ', 'AL', '35806'),
(5451, '7451 W. Cermak Rd', 0, 'Riverside', '6016', 'USA', '', 1, '', '2013-02-25 11:14:59', 'N. Riverside', '708-442-5460', 'IL', '60546'),
(5467, '14100 Wayzata Blvd.', 0, 'Minnetonka', '6044', 'USA', '', 1, '', '2013-02-25 15:38:34', 'Minnetonka', '763-525-0694', 'MN', '55305'),
(5901, '6 BANGOR MALL BLVD', 0, 'BANGOR', '7519', 'UNITED STATES', '', 1, '', '2013-03-11 14:16:52', 'BANGOR', '207-942-1309', 'MI', '04401'),
(5915, '275 Clairton Blvd', 0, 'West Mifflin', '9214', 'USA', '', 1, '', '2013-03-12 07:19:19', 'West Mifflin', '412-655-0679', 'PA', '15122'),
(6054, '4510 Oleander Drive', 0, 'Wilmington', '8375', 'USA', '', 1, '', '2013-03-18 07:58:18', 'Wilmington', '9107919072', 'NC', '28403'),
(6077, '2846 Mountaineer Blvd', 0, 'Charleston', '8933', 'USA', '', 1, '', '2013-03-18 14:35:50', 'Charleston', '3047441330', 'WV', '25309'),
(6275, '', 0, '', '8906', '', '', 1, '', '2013-03-26 11:30:34', 'Elk Grove', '', '', ''),
(6277, '8507 Bond Rd', 0, 'Elk Grove', ' 5806', 'USA', '', 1, '', '2013-03-26 11:33:13', 'Elk Grove', '916-686-0295', 'CA', '95624'),
(6714, '6391 Carlisle Pike', 0, 'Mechanicsburg', '8315', 'USA', '', 1, '', '2013-04-08 15:13:14', 'West Harrisburg', '717-697-5849', 'PA', '17050'),
(6736, '1330 Fitzgerald ', 0, 'Pinole', '5804', 'USA', '', 1, '', '2013-04-09 13:54:49', 'Pinole', '510-758-8473', 'CA', '94564'),
(6738, '105 Plaza Drive', 0, 'Vallejo', '9063', 'USA', '', 1, '', '2013-04-09 13:56:37', 'Vallejo', '707-554-4519', 'CA', '94591'),
(6740, '202 Walnut St', 0, 'Redwood City', '5821', 'USA', '', 1, '', '2013-04-09 13:58:12', 'Redwood City', '650-367-0758', 'CA', '94063'),
(6744, '2830 East Franklin Blvd', 0, 'Gastonia', '8834', 'USA', '', 1, '', '2013-04-09 14:05:17', 'Gastonia', '704-833-0870', 'NC', '28056'),
(6746, '2918 E. Texas St,Pierre-Bossier Mall', 0, 'Bossier City', '7831', 'USA', '', 1, '', '2013-04-09 14:09:43', 'Bossier City', '3186559228', 'LA', '71111'),
(6748, '52 Rothrock Road', 0, 'Copley', '9232', 'USA', '', 1, '', '2013-04-09 14:11:29', 'Montrose', '330-668-1562', 'OH', '44321'),
(6750, '2425 Wiley Blvd', 0, 'Cedar Rapids', '6040', 'USA', '', 1, '', '2013-04-09 14:13:48', 'Cedar Rapids', '319-396-0140', 'IOWA', '52404'),
(6752, 'Searstown Mall, 118 Commercial Road', 0, 'Leominster', '7527', '', '', 1, '', '2013-04-09 14:15:44', 'Leominster', '978-840-2968', 'MA', '01453'),
(6754, '310 Loudon Rd', 0, 'Concord', '7528', 'USA', '', 1, '', '2013-04-09 14:17:10', 'Concord', '603-228-5729', 'NH', '03301'),
(6756, '1701 Morris Ave', 0, 'Union', '6329', 'USA', '', 1, '', '2013-04-09 14:18:44', 'Union', '908-851-2592', 'NJ', '07083'),
(6824, '2955 COBB PKWY', 0, 'ATLANTA', '8805', 'USA', 'BRU8805', 1, '', '2013-04-12 11:50:21', 'SMYRNA', '770-965-9243', 'GA', '30339'),
(6928, '3401 Aramingo Ave', 0, 'Philadelphia', '8305', 'USA', '', 1, '', '2013-04-16 14:44:24', 'Aramingo', '215-423-2681', 'PA', '19134'),
(6929, 't', NULL, 't', '91222', 't', 't@gmail.com', NULL, '3333333333', '2015-12-30 04:29:49', 'teststore', '3333333333', 't', '33333'),
(6930, 'ta', NULL, 'tc', '12345', 'tco', 'te@gmail.com', 0, '2222222222', '2015-12-30 13:39:46', 'teststore2', '1111111111', 'ts', '12345');

/*!40101 SET CHARACTER_SET_CLIENT=@OLD_CHARACTER_SET_CLIENT */;
/*!40101 SET CHARACTER_SET_RESULTS=@OLD_CHARACTER_SET_RESULTS */;
/*!40101 SET COLLATION_CONNECTION=@OLD_COLLATION_CONNECTION */;
